Memulai Bot Trading BTC...
Melakukan sinkronisasi data historis awal dari Binance...
Rekonstruksi saldo dari riwayat transaksi: USDT: $935.88, BTC: 0.000000
[CRASH RECOVERY] Memulihkan High Water Mark posisi aktif dari tabel bot_active_positions: $0.00
Web Dashboard berjalan di http://localhost:8087
Jika menggunakan VPS, buka http://<IP_VPS>:8087
[2026-07-12 12:26:46] Terhubung ke Binance WebSocket untuk harga real-time BTC/USDT
[2026-07-12 12:26:49] Siklus Menit Baru. Harga BTC Terakhir: $63934.00
[ANALIS] State: SIDEWAYS | EMA(13/34): $63938.2/$63961.6 | VWAP Sesi: $63938.23 | Vol Surge: 0.6x | BB50: [$63912.49 - $64054.32] | Tren 15m: BEARISH
[ANALIS-SIDEWAYS] WAIT - Lebar BB sempit (0.222%). Butuh min 1.0% untuk tutup fee & spread.
[2026-07-12 12:26:49] Keputusan analis: Wait
[2026-07-12 12:26:49] Validasi gagal / keputusan WAIT. Tidak ada eksekusi.
[2026-07-12 12:27:49] Siklus Menit Baru. Harga BTC Terakhir: $63933.99
[ANALIS] State: SIDEWAYS | EMA(13/34): $63937.6/$63960.0 | VWAP Sesi: $63938.23 | Vol Surge: 0.1x | BB50: [$63911.01 - $64054.84] | Tren 15m: BEARISH
[ANALIS-SIDEWAYS] WAIT - Lebar BB sempit (0.225%). Butuh min 1.0% untuk tutup fee & spread.
[2026-07-12 12:27:49] Keputusan analis: Wait
[2026-07-12 12:27:49] Validasi gagal / keputusan WAIT. Tidak ada eksekusi.
[2026-07-12 12:28:49] Siklus Menit Baru. Harga BTC Terakhir: $63916.78
[ANALIS] State: SIDEWAYS | EMA(13/34): $63934.6/$63959.0 | VWAP Sesi: $63938.21 | Vol Surge: 0.8x | BB50: [$63908.17 - $64056.05] | Tren 15m: BEARISH
[ANALIS-SIDEWAYS] WAIT - Lebar BB sempit (0.231%). Butuh min 1.0% untuk tutup fee & spread.
[2026-07-12 12:28:49] Keputusan analis: Wait
[2026-07-12 12:28:49] Validasi gagal / keputusan WAIT. Tidak ada eksekusi.
[2026-07-12 12:29:50] Siklus Menit Baru. Harga BTC Terakhir: $63912.33
[ANALIS] State: SIDEWAYS | EMA(13/34): $63931.5/$63957.7 | VWAP Sesi: $63938.20 | Vol Surge: 0.2x | BB50: [$63904.20 - $64057.14] | Tren 15m: BEARISH
[ANALIS-SIDEWAYS] WAIT - Lebar BB sempit (0.239%). Butuh min 1.0% untuk tutup fee & spread.
[2026-07-12 12:29:50] Keputusan analis: Wait
[2026-07-12 12:29:50] Validasi gagal / keputusan WAIT. Tidak ada eksekusi.
[2026-07-12 12:30:50] Siklus Menit Baru. Harga BTC Terakhir: $63912.33
[ANALIS] State: SIDEWAYS | EMA(13/34): $63928.7/$63955.6 | VWAP Sesi: $63938.20 | Vol Surge: 0.1x | BB50: [$63900.38 - $64057.04] | Tren 15m: BEARISH
[ANALIS-SIDEWAYS] WAIT - Lebar BB sempit (0.245%). Butuh min 1.0% untuk tutup fee & spread.
[2026-07-12 12:30:50] Keputusan analis: Wait
[2026-07-12 12:30:50] Validasi gagal / keputusan WAIT. Tidak ada eksekusi.
[2026-07-12 12:31:50] Siklus Menit Baru. Harga BTC Terakhir: $63905.01
[ANALIS] State: SIDEWAYS | EMA(13/34): $63924.3/$63953.1 | VWAP Sesi: $63938.18 | Vol Surge: 0.5x | BB50: [$63895.60 - $64056.88] | Tren 15m: BEARISH
[ANALIS-SIDEWAYS] WAIT - Lebar BB sempit (0.252%). Butuh min 1.0% untuk tutup fee & spread.
[2026-07-12 12:31:50] Keputusan analis: Wait
[2026-07-12 12:31:50] Validasi gagal / keputusan WAIT. Tidak ada eksekusi.
[2026-07-12 12:32:50] Siklus Menit Baru. Harga BTC Terakhir: $63944.00
[ANALIS] State: SIDEWAYS | EMA(13/34): $63928.0/$63952.4 | VWAP Sesi: $63938.18 | Vol Surge: 1.6x | BB50: [$63895.72 - $64053.36] | Tren 15m: BULLISH
[ANALIS-SIDEWAYS] WAIT - Lebar BB sempit (0.247%). Butuh min 1.0% untuk tutup fee & spread.
[2026-07-12 12:32:50] Keputusan analis: Wait
[2026-07-12 12:32:50] Validasi gagal / keputusan WAIT. Tidak ada eksekusi.
[2026-07-12 12:33:50] Siklus Menit Baru. Harga BTC Terakhir: $63908.01
[ANALIS] State: SIDEWAYS | EMA(13/34): $63925.6/$63950.1 | VWAP Sesi: $63938.17 | Vol Surge: 0.8x | BB50: [$63892.76 - $64051.80] | Tren 15m: BEARISH
[ANALIS-SIDEWAYS] WAIT - Lebar BB sempit (0.249%). Butuh min 1.0% untuk tutup fee & spread.
[2026-07-12 12:33:50] Keputusan analis: Wait
[2026-07-12 12:33:50] Validasi gagal / keputusan WAIT. Tidak ada eksekusi.
[2026-07-12 12:34:50] Siklus Menit Baru. Harga BTC Terakhir: $63924.45
[ANALIS] State: SIDEWAYS | EMA(13/34): $63925.5/$63948.6 | VWAP Sesi: $63938.16 | Vol Surge: 0.3x | BB50: [$63891.10 - $64049.42] | Tren 15m: BEARISH
[ANALIS-SIDEWAYS] WAIT - Lebar BB sempit (0.248%). Butuh min 1.0% untuk tutup fee & spread.
[2026-07-12 12:34:50] Keputusan analis: Wait
[2026-07-12 12:34:50] Validasi gagal / keputusan WAIT. Tidak ada eksekusi.
[2026-07-12 12:35:51] Siklus Menit Baru. Harga BTC Terakhir: $63935.18
[ANALIS] State: SIDEWAYS | EMA(13/34): $63926.9/$63947.6 | VWAP Sesi: $63938.16 | Vol Surge: 0.3x | BB50: [$63890.29 - $64046.63] | Tren 15m: BEARISH
[ANALIS-SIDEWAYS] WAIT - Lebar BB sempit (0.245%). Butuh min 1.0% untuk tutup fee & spread.
[2026-07-12 12:35:51] Keputusan analis: Wait
[2026-07-12 12:35:51] Validasi gagal / keputusan WAIT. Tidak ada eksekusi.
[2026-07-12 12:36:51] Siklus Menit Baru. Harga BTC Terakhir: $63938.80
[ANALIS] State: SIDEWAYS | EMA(13/34): $63928.8/$63947.2 | VWAP Sesi: $63938.16 | Vol Surge: 0.1x | BB50: [$63889.75 - $64044.01] | Tren 15m: BULLISH
[ANALIS-SIDEWAYS] WAIT - Lebar BB sempit (0.241%). Butuh min 1.0% untuk tutup fee & spread.
[2026-07-12 12:36:51] Keputusan analis: Wait
[2026-07-12 12:36:51] Validasi gagal / keputusan WAIT. Tidak ada eksekusi.
[2026-07-12 12:37:51] Siklus Menit Baru. Harga BTC Terakhir: $63940.00
[ANALIS] State: SIDEWAYS | EMA(13/34): $63930.4/$63946.8 | VWAP Sesi: $63938.16 | Vol Surge: 0.2x | BB50: [$63889.31 - $64041.25] | Tren 15m: BULLISH
[ANALIS-SIDEWAYS] WAIT - Lebar BB sempit (0.238%). Butuh min 1.0% untuk tutup fee & spread.
[2026-07-12 12:37:51] Keputusan analis: Wait
[2026-07-12 12:37:51] Validasi gagal / keputusan WAIT. Tidak ada eksekusi.
[2026-07-12 12:38:51] Siklus Menit Baru. Harga BTC Terakhir: $63956.01
[ANALIS] State: SIDEWAYS | EMA(13/34): $63934.0/$63945.7 | VWAP Sesi: $63938.19 | Vol Surge: 1.5x | BB50: [$63889.62 - $64038.39] | Tren 15m: BULLISH
[ANALIS-SIDEWAYS] WAIT - Lebar BB sempit (0.233%). Butuh min 1.0% untuk tutup fee & spread.
[2026-07-12 12:38:51] Keputusan analis: Wait
[2026-07-12 12:38:51] Validasi gagal / keputusan WAIT. Tidak ada eksekusi.
[2026-07-12 12:39:51] Siklus Menit Baru. Harga BTC Terakhir: $63981.20
[ANALIS] State: SIDEWAYS | EMA(13/34): $63941.2/$63947.7 | VWAP Sesi: $63938.26 | Vol Surge: 1.4x | BB50: [$63889.74 - $64038.05] | Tren 15m: BULLISH
[ANALIS-SIDEWAYS] WAIT - Lebar BB sempit (0.232%). Butuh min 1.0% untuk tutup fee & spread.
[2026-07-12 12:39:51] Keputusan analis: Wait
[2026-07-12 12:39:51] Validasi gagal / keputusan WAIT. Tidak ada eksekusi.
[2026-07-12 12:40:51] Siklus Menit Baru. Harga BTC Terakhir: $63967.03
[ANALIS] State: SIDEWAYS | EMA(13/34): $63944.9/$63948.8 | VWAP Sesi: $63938.29 | Vol Surge: 0.9x | BB50: [$63889.62 - $64037.44] | Tren 15m: BULLISH
[ANALIS-SIDEWAYS] WAIT - Lebar BB sempit (0.231%). Butuh min 1.0% untuk tutup fee & spread.
[2026-07-12 12:40:51] Keputusan analis: Wait
[2026-07-12 12:40:51] Validasi gagal / keputusan WAIT. Tidak ada eksekusi.
[2026-07-12 12:41:52] Siklus Menit Baru. Harga BTC Terakhir: $63974.40
[ANALIS] State: SIDEWAYS | EMA(13/34): $63949.1/$63950.2 | VWAP Sesi: $63938.32 | Vol Surge: 0.7x | BB50: [$63889.60 - $64037.02] | Tren 15m: BULLISH
[ANALIS-SIDEWAYS] WAIT - Lebar BB sempit (0.230%). Butuh min 1.0% untuk tutup fee & spread.
[2026-07-12 12:41:52] Keputusan analis: Wait
[2026-07-12 12:41:52] Validasi gagal / keputusan WAIT. Tidak ada eksekusi.
[2026-07-12 12:42:52] Siklus Menit Baru. Harga BTC Terakhir: $63978.84
[ANALIS] State: SIDEWAYS | EMA(13/34): $63953.9/$63952.1 | VWAP Sesi: $63938.35 | Vol Surge: 0.6x | BB50: [$63889.63 - $64036.90] | Tren 15m: BULLISH
[ANALIS-SIDEWAYS] WAIT - Lebar BB sempit (0.230%). Butuh min 1.0% untuk tutup fee & spread.
[2026-07-12 12:42:52] Keputusan analis: Wait
[2026-07-12 12:42:52] Validasi gagal / keputusan WAIT. Tidak ada eksekusi.
[2026-07-12 12:43:52] Siklus Menit Baru. Harga BTC Terakhir: $63965.99
[ANALIS] State: SIDEWAYS | EMA(13/34): $63955.6/$63953.5 | VWAP Sesi: $63938.38 | Vol Surge: 0.7x | BB50: [$63889.51 - $64036.25] | Tren 15m: BULLISH
[ANALIS-SIDEWAYS] WAIT - Lebar BB sempit (0.229%). Butuh min 1.0% untuk tutup fee & spread.
[2026-07-12 12:43:52] Keputusan analis: Wait
[2026-07-12 12:43:52] Validasi gagal / keputusan WAIT. Tidak ada eksekusi.
[2026-07-12 12:44:52] Siklus Menit Baru. Harga BTC Terakhir: $63965.99
[ANALIS] State: SIDEWAYS | EMA(13/34): $63957.1/$63954.9 | VWAP Sesi: $63938.38 | Vol Surge: 0.1x | BB50: [$63889.53 - $64034.99] | Tren 15m: BULLISH
[ANALIS-SIDEWAYS] WAIT - Lebar BB sempit (0.227%). Butuh min 1.0% untuk tutup fee & spread.
[2026-07-12 12:44:52] Keputusan analis: Wait
[2026-07-12 12:44:52] Validasi gagal / keputusan WAIT. Tidak ada eksekusi.
[2026-07-12 12:45:52] Siklus Menit Baru. Harga BTC Terakhir: $63975.44
[ANALIS] State: SIDEWAYS | EMA(13/34): $63959.7/$63953.6 | VWAP Sesi: $63938.39 | Vol Surge: 0.3x | BB50: [$63890.00 - $64033.15] | Tren 15m: BULLISH
[ANALIS-SIDEWAYS] WAIT - Lebar BB sempit (0.224%). Butuh min 1.0% untuk tutup fee & spread.
[2026-07-12 12:45:52] Keputusan analis: Wait
[2026-07-12 12:45:52] Validasi gagal / keputusan WAIT. Tidak ada eksekusi.
[2026-07-12 12:46:53] Siklus Menit Baru. Harga BTC Terakhir: $63975.44
[ANALIS] State: SIDEWAYS | EMA(13/34): $63962.0/$63955.2 | VWAP Sesi: $63938.39 | Vol Surge: 0.1x | BB50: [$63890.14 - $64033.50] | Tren 15m: BULLISH
[ANALIS-SIDEWAYS] WAIT - Lebar BB sempit (0.224%). Butuh min 1.0% untuk tutup fee & spread.
[2026-07-12 12:46:53] Keputusan analis: Wait
[2026-07-12 12:46:53] Validasi gagal / keputusan WAIT. Tidak ada eksekusi.
[2026-07-12 12:47:53] Siklus Menit Baru. Harga BTC Terakhir: $63978.84
[ANALIS] State: SIDEWAYS | EMA(13/34): $63964.4/$63957.6 | VWAP Sesi: $63938.40 | Vol Surge: 0.2x | BB50: [$63890.20 - $64033.81] | Tren 15m: BULLISH
[ANALIS-SIDEWAYS] WAIT - Lebar BB sempit (0.224%). Butuh min 1.0% untuk tutup fee & spread.
[2026-07-12 12:47:53] Keputusan analis: Wait
[2026-07-12 12:47:53] Validasi gagal / keputusan WAIT. Tidak ada eksekusi.
[2026-07-12 12:48:53] Siklus Menit Baru. Harga BTC Terakhir: $63969.66
[ANALIS] State: SIDEWAYS | EMA(13/34): $63965.1/$63958.8 | VWAP Sesi: $63938.47 | Vol Surge: 2.2x | BB50: [$63890.19 - $64033.01] | Tren 15m: BULLISH
[ANALIS-SIDEWAYS] WAIT - Lebar BB sempit (0.223%). Butuh min 1.0% untuk tutup fee & spread.
[2026-07-12 12:48:53] Keputusan analis: Wait
[2026-07-12 12:48:53] Validasi gagal / keputusan WAIT. Tidak ada eksekusi.
[2026-07-12 12:49:53] Siklus Menit Baru. Harga BTC Terakhir: $63969.65
[ANALIS] State: SIDEWAYS | EMA(13/34): $63965.8/$63959.6 | VWAP Sesi: $63938.47 | Vol Surge: 0.1x | BB50: [$63890.39 - $64031.61] | Tren 15m: BULLISH
[ANALIS-SIDEWAYS] WAIT - Lebar BB sempit (0.221%). Butuh min 1.0% untuk tutup fee & spread.
[2026-07-12 12:49:53] Keputusan analis: Wait
[2026-07-12 12:49:53] Validasi gagal / keputusan WAIT. Tidak ada eksekusi.
[2026-07-12 12:50:53] Siklus Menit Baru. Harga BTC Terakhir: $63978.46
[ANALIS] State: SIDEWAYS | EMA(13/34): $63967.6/$63960.7 | VWAP Sesi: $63938.48 | Vol Surge: 0.3x | BB50: [$63890.71 - $64030.34] | Tren 15m: BULLISH
[ANALIS-SIDEWAYS] WAIT - Lebar BB sempit (0.218%). Butuh min 1.0% untuk tutup fee & spread.
[2026-07-12 12:50:53] Keputusan analis: Wait
[2026-07-12 12:50:53] Validasi gagal / keputusan WAIT. Tidak ada eksekusi.
[2026-07-12 12:51:53] Siklus Menit Baru. Harga BTC Terakhir: $63978.47
[ANALIS] State: SIDEWAYS | EMA(13/34): $63969.2/$63961.8 | VWAP Sesi: $63938.48 | Vol Surge: 0.1x | BB50: [$63891.05 - $64029.06] | Tren 15m: BULLISH
[ANALIS-SIDEWAYS] WAIT - Lebar BB sempit (0.216%). Butuh min 1.0% untuk tutup fee & spread.
[2026-07-12 12:51:53] Keputusan analis: Wait
[2026-07-12 12:51:53] Validasi gagal / keputusan WAIT. Tidak ada eksekusi.
[2026-07-12 12:52:54] Siklus Menit Baru. Harga BTC Terakhir: $63970.38
[ANALIS] State: SIDEWAYS | EMA(13/34): $63969.3/$63961.6 | VWAP Sesi: $63938.51 | Vol Surge: 0.8x | BB50: [$63891.46 - $64027.31] | Tren 15m: BULLISH
[ANALIS-SIDEWAYS] WAIT - Lebar BB sempit (0.212%). Butuh min 1.0% untuk tutup fee & spread.
[2026-07-12 12:52:54] Keputusan analis: Wait
[2026-07-12 12:52:54] Validasi gagal / keputusan WAIT. Tidak ada eksekusi.
[2026-07-12 12:53:54] Siklus Menit Baru. Harga BTC Terakhir: $63963.99
[ANALIS] State: SIDEWAYS | EMA(13/34): $63967.8/$63962.6 | VWAP Sesi: $63938.55 | Vol Surge: 1.4x | BB50: [$63891.46 - $64025.93] | Tren 15m: BULLISH
[ANALIS-SIDEWAYS] WAIT - Lebar BB sempit (0.210%). Butuh min 1.0% untuk tutup fee & spread.
[2026-07-12 12:53:54] Keputusan analis: Wait
[2026-07-12 12:53:54] Validasi gagal / keputusan WAIT. Tidak ada eksekusi.
[2026-07-12 12:54:54] Siklus Menit Baru. Harga BTC Terakhir: $63970.39
[ANALIS] State: SIDEWAYS | EMA(13/34): $63968.2/$63963.0 | VWAP Sesi: $63938.59 | Vol Surge: 1.6x | BB50: [$63892.37 - $64023.27] | Tren 15m: BEARISH
[ANALIS-SIDEWAYS] WAIT - Lebar BB sempit (0.205%). Butuh min 1.0% untuk tutup fee & spread.
[2026-07-12 12:54:54] Keputusan analis: Wait
[2026-07-12 12:54:54] Validasi gagal / keputusan WAIT. Tidak ada eksekusi.
[2026-07-12 12:55:54] Siklus Menit Baru. Harga BTC Terakhir: $63974.94
[ANALIS] State: SIDEWAYS | EMA(13/34): $63969.1/$63964.0 | VWAP Sesi: $63938.62 | Vol Surge: 1.1x | BB50: [$63893.38 - $64020.70] | Tren 15m: BULLISH
[ANALIS-SIDEWAYS] WAIT - Lebar BB sempit (0.199%). Butuh min 1.0% untuk tutup fee & spread.
[2026-07-12 12:55:54] Keputusan analis: Wait
[2026-07-12 12:55:54] Validasi gagal / keputusan WAIT. Tidak ada eksekusi.
[2026-07-12 12:56:54] Siklus Menit Baru. Harga BTC Terakhir: $63974.93
[ANALIS] State: SIDEWAYS | EMA(13/34): $63970.0/$63963.9 | VWAP Sesi: $63938.65 | Vol Surge: 0.9x | BB50: [$63894.84 - $64017.44] | Tren 15m: BEARISH
[ANALIS-SIDEWAYS] WAIT - Lebar BB sempit (0.192%). Butuh min 1.0% untuk tutup fee & spread.
[2026-07-12 12:56:54] Keputusan analis: Wait
[2026-07-12 12:56:54] Validasi gagal / keputusan WAIT. Tidak ada eksekusi.
[2026-07-12 12:57:54] Siklus Menit Baru. Harga BTC Terakhir: $63977.99
[ANALIS] State: SIDEWAYS | EMA(13/34): $63971.1/$63964.7 | VWAP Sesi: $63938.69 | Vol Surge: 1.2x | BB50: [$63895.57 - $64015.63] | Tren 15m: BEARISH
[ANALIS-SIDEWAYS] WAIT - Lebar BB sempit (0.188%). Butuh min 1.0% untuk tutup fee & spread.
[2026-07-12 12:57:54] Keputusan analis: Wait
[2026-07-12 12:57:54] Validasi gagal / keputusan WAIT. Tidak ada eksekusi.
[2026-07-12 12:58:55] Siklus Menit Baru. Harga BTC Terakhir: $63997.27
[ANALIS] State: SIDEWAYS | EMA(13/34): $63974.8/$63966.7 | VWAP Sesi: $63938.74 | Vol Surge: 0.8x | BB50: [$63895.89 - $64015.00] | Tren 15m: BULLISH
[ANALIS-SIDEWAYS] WAIT - Lebar BB sempit (0.186%). Butuh min 1.0% untuk tutup fee & spread.
[2026-07-12 12:58:55] Keputusan analis: Wait
[2026-07-12 12:58:55] Validasi gagal / keputusan WAIT. Tidak ada eksekusi.
[2026-07-12 12:59:55] Siklus Menit Baru. Harga BTC Terakhir: $63959.94
[ANALIS] State: SIDEWAYS | EMA(13/34): $63972.7/$63966.3 | VWAP Sesi: $63938.86 | Vol Surge: 5.8x | BB50: [$63896.83 - $64012.13] | Tren 15m: BEARISH
[ANALIS-SIDEWAYS] WAIT - Lebar BB sempit (0.180%). Butuh min 1.0% untuk tutup fee & spread.
[2026-07-12 12:59:55] Keputusan analis: Wait
[2026-07-12 12:59:55] Validasi gagal / keputusan WAIT. Tidak ada eksekusi.
[2026-07-12 13:00:55] Siklus Menit Baru. Harga BTC Terakhir: $63957.66
[ANALIS] State: SIDEWAYS | EMA(13/34): $63970.6/$63965.5 | VWAP Sesi: $63938.92 | Vol Surge: 3.4x | BB50: [$63897.88 - $64009.08] | Tren 15m: BEARISH
[ANALIS-SIDEWAYS] WAIT - Lebar BB sempit (0.174%). Butuh min 1.0% untuk tutup fee & spread.
[2026-07-12 13:00:55] Keputusan analis: Wait
[2026-07-12 13:00:55] Validasi gagal / keputusan WAIT. Tidak ada eksekusi.
[2026-07-12 13:01:55] Siklus Menit Baru. Harga BTC Terakhir: $63943.10
[ANALIS] State: SIDEWAYS | EMA(13/34): $63966.6/$63964.2 | VWAP Sesi: $63938.93 | Vol Surge: 1.8x | BB50: [$63898.35 - $64006.28] | Tren 15m: BEARISH
[ANALIS-SIDEWAYS] WAIT - Lebar BB sempit (0.169%). Butuh min 1.0% untuk tutup fee & spread.
[2026-07-12 13:01:55] Keputusan analis: Wait
[2026-07-12 13:01:55] Validasi gagal / keputusan WAIT. Tidak ada eksekusi.
[2026-07-12 13:02:55] Siklus Menit Baru. Harga BTC Terakhir: $63894.99
[ANALIS] State: SIDEWAYS | EMA(13/34): $63956.4/$63959.9 | VWAP Sesi: $63938.82 | Vol Surge: 2.4x | BB50: [$63895.11 - $64005.33] | Tren 15m: BEARISH
[ANALIS-SIDEWAYS] WAIT - Lebar BB sempit (0.173%). Butuh min 1.0% untuk tutup fee & spread.
[2026-07-12 13:02:55] Keputusan analis: Wait
[2026-07-12 13:02:55] Validasi gagal / keputusan WAIT. Tidak ada eksekusi.
[2026-07-12 13:03:56] Siklus Menit Baru. Harga BTC Terakhir: $63894.01
[ANALIS] State: SIDEWAYS | EMA(13/34): $63947.8/$63956.1 | VWAP Sesi: $63938.70 | Vol Surge: 1.7x | BB50: [$63892.59 - $64003.92] | Tren 15m: BEARISH
[ANALIS-SIDEWAYS] WAIT - Lebar BB sempit (0.174%). Butuh min 1.0% untuk tutup fee & spread.
[2026-07-12 13:03:56] Keputusan analis: Wait
[2026-07-12 13:03:56] Validasi gagal / keputusan WAIT. Tidak ada eksekusi.
[2026-07-12 13:04:56] Siklus Menit Baru. Harga BTC Terakhir: $63877.83
[ANALIS] State: SIDEWAYS | EMA(13/34): $63937.7/$63950.3 | VWAP Sesi: $63938.61 | Vol Surge: 1.2x | BB50: [$63888.30 - $64003.67] | Tren 15m: BEARISH
[ANALIS-SIDEWAYS] WAIT - Lebar BB sempit (0.181%). Butuh min 1.0% untuk tutup fee & spread.
[2026-07-12 13:04:56] Keputusan analis: Wait
[2026-07-12 13:04:56] Validasi gagal / keputusan WAIT. Tidak ada eksekusi.
Memulai Bot Trading BTC...
Melakukan sinkronisasi data historis awal dari Binance...
Rekonstruksi saldo dari riwayat transaksi: USDT: $935.88, BTC: 0.000000
[CRASH RECOVERY] Memulihkan High Water Mark posisi aktif dari tabel bot_active_positions: $0.00
Web Dashboard berjalan di http://localhost:8087
Jika menggunakan VPS, buka http://<IP_VPS>:8087
[2026-07-12 13:05:46] Terhubung ke Binance WebSocket untuk harga real-time BTC/USDT
[2026-07-12 13:05:49] Siklus Menit Baru. Harga BTC Terakhir: $63859.95
[ANALIS] State: SIDEWAYS | EMA(13/34): $63926.6/$63942.9 | VWAP Sesi: $63938.55 | Vol Surge: 0.7x | BB50: [$63881.66 - $64006.07] | Tren 15m: BEARISH
[ANALIS-SIDEWAYS] WAIT - Lebar BB sempit (0.195%). Butuh min 1.0% untuk tutup fee & spread.
[2026-07-12 13:05:49] Keputusan analis: Wait
[2026-07-12 13:05:49] Validasi gagal / keputusan WAIT. Tidak ada eksekusi.
[2026-07-12 13:06:49] Siklus Menit Baru. Harga BTC Terakhir: $63858.01
[ANALIS] State: SIDEWAYS | EMA(13/34): $63916.8/$63937.7 | VWAP Sesi: $63938.44 | Vol Surge: 1.3x | BB50: [$63876.10 - $64009.03] | Tren 15m: BEARISH
[ANALIS-SIDEWAYS] WAIT - Lebar BB sempit (0.208%). Butuh min 1.0% untuk tutup fee & spread.
[2026-07-12 13:06:49] Keputusan analis: Wait
[2026-07-12 13:06:49] Validasi gagal / keputusan WAIT. Tidak ada eksekusi.
[2026-07-12 13:07:49] Siklus Menit Baru. Harga BTC Terakhir: $63845.75
[ANALIS] State: SIDEWAYS | EMA(13/34): $63906.7/$63932.7 | VWAP Sesi: $63938.36 | Vol Surge: 0.7x | BB50: [$63869.69 - $64012.60] | Tren 15m: BEARISH
[ANALIS-SIDEWAYS] WAIT - Lebar BB sempit (0.224%). Butuh min 1.0% untuk tutup fee & spread.
[2026-07-12 13:07:49] Keputusan analis: Wait
[2026-07-12 13:07:49] Validasi gagal / keputusan WAIT. Tidak ada eksekusi.
[2026-07-12 13:08:50] Siklus Menit Baru. Harga BTC Terakhir: $63816.00
[ANALIS] State: SIDEWAYS | EMA(13/34): $63892.8/$63926.7 | VWAP Sesi: $63937.76 | Vol Surge: 3.8x | BB50: [$63858.66 - $64019.08] | Tren 15m: BEARISH
[ANALIS-SIDEWAYS] WAIT - Lebar BB sempit (0.251%). Butuh min 1.0% untuk tutup fee & spread.
[2026-07-12 13:08:50] Keputusan analis: Wait
[2026-07-12 13:08:50] Validasi gagal / keputusan WAIT. Tidak ada eksekusi.
[2026-07-12 13:09:50] Siklus Menit Baru. Harga BTC Terakhir: $63785.17
[ANALIS] State: SIDEWAYS | EMA(13/34): $63877.5/$63918.7 | VWAP Sesi: $63936.69 | Vol Surge: 5.2x | BB50: [$63844.82 - $64026.68] | Tren 15m: BEARISH
[ANALIS-SIDEWAYS] WAIT - Lebar BB sempit (0.285%). Butuh min 1.0% untuk tutup fee & spread.
[2026-07-12 13:09:50] Keputusan analis: Wait
[2026-07-12 13:09:50] Validasi gagal / keputusan WAIT. Tidak ada eksekusi.
[2026-07-12 13:10:50] Siklus Menit Baru. Harga BTC Terakhir: $63771.99
[ANALIS] State: SIDEWAYS | EMA(13/34): $63862.5/$63909.0 | VWAP Sesi: $63936.40 | Vol Surge: 1.2x | BB50: [$63830.62 - $64034.03] | Tren 15m: BEARISH
[ANALIS-SIDEWAYS] WAIT - Lebar BB sempit (0.319%). Butuh min 1.0% untuk tutup fee & spread.
[2026-07-12 13:10:50] Keputusan analis: Wait
[2026-07-12 13:10:50] Validasi gagal / keputusan WAIT. Tidak ada eksekusi.
Memulai Bot Trading BTC...
Melakukan sinkronisasi data historis awal dari Binance...
Rekonstruksi saldo dari riwayat transaksi: USDT: $935.88, BTC: 0.000000
[CRASH RECOVERY] Memulihkan High Water Mark posisi aktif dari tabel bot_active_positions: $0.00
Web Dashboard berjalan di http://localhost:8087
Jika menggunakan VPS, buka http://<IP_VPS>:8087
[2026-07-12 13:11:46] Terhubung ke Binance WebSocket untuk harga real-time BTC/USDT
[2026-07-12 13:11:49] Siklus Menit Baru. Harga BTC Terakhir: $63767.89
[ANALIS] State: BEARISH | EMA(13/34): $63849.5/$63901.3 | VWAP Sesi: $63936.16 | Vol Surge: 1.1x | BB50: [$63818.27 - $64040.56] | Tren 15m: BEARISH
[DEBUG] EMA streak: 0 | EMA_FAST(13): 63849.47 | EMA_SLOW(34): 63901.27 | Selisih: -51.80
[2026-07-12 13:11:49] Keputusan analis: Wait
[2026-07-12 13:11:49] Validasi gagal / keputusan WAIT. Tidak ada eksekusi.
[2026-07-12 13:12:49] Siklus Menit Baru. Harga BTC Terakhir: $63732.00
[ANALIS] State: BEARISH | EMA(13/34): $63832.9/$63892.0 | VWAP Sesi: $63935.15 | Vol Surge: 3.7x | BB50: [$63801.78 - $64049.59] | Tren 15m: BEARISH
[DEBUG] EMA streak: 0 | EMA_FAST(13): 63832.94 | EMA_SLOW(34): 63892.01 | Selisih: -59.07
[2026-07-12 13:12:49] Keputusan analis: Wait
[2026-07-12 13:12:49] Validasi gagal / keputusan WAIT. Tidak ada eksekusi.
[2026-07-12 13:13:50] Siklus Menit Baru. Harga BTC Terakhir: $63764.08
[ANALIS] State: BEARISH | EMA(13/34): $63825.5/$63885.2 | VWAP Sesi: $63935.00 | Vol Surge: 0.4x | BB50: [$63793.08 - $64052.60] | Tren 15m: BEARISH
[DEBUG] EMA streak: 0 | EMA_FAST(13): 63825.52 | EMA_SLOW(34): 63885.17 | Selisih: -59.66
[2026-07-12 13:13:50] Keputusan analis: Wait
[2026-07-12 13:13:50] Validasi gagal / keputusan WAIT. Tidak ada eksekusi.
[2026-07-12 13:14:50] Siklus Menit Baru. Harga BTC Terakhir: $63751.99
[ANALIS] State: BEARISH | EMA(13/34): $63815.7/$63878.2 | VWAP Sesi: $63934.65 | Vol Surge: 1.3x | BB50: [$63781.94 - $64057.47] | Tren 15m: BEARISH
[DEBUG] EMA streak: 0 | EMA_FAST(13): 63815.75 | EMA_SLOW(34): 63878.16 | Selisih: -62.41
[2026-07-12 13:14:50] Keputusan analis: Wait
[2026-07-12 13:14:50] Validasi gagal / keputusan WAIT. Tidak ada eksekusi.
[2026-07-12 13:15:50] Siklus Menit Baru. Harga BTC Terakhir: $63737.21
[ANALIS] State: BEARISH | EMA(13/34): $63804.5/$63870.8 | VWAP Sesi: $63934.41 | Vol Surge: 0.8x | BB50: [$63769.11 - $64062.99] | Tren 15m: BEARISH
[DEBUG] EMA streak: 0 | EMA_FAST(13): 63804.53 | EMA_SLOW(34): 63870.84 | Selisih: -66.31
[2026-07-12 13:15:50] Keputusan analis: Wait
[2026-07-12 13:15:50] Validasi gagal / keputusan WAIT. Tidak ada eksekusi.
[2026-07-12 13:16:50] Siklus Menit Baru. Harga BTC Terakhir: $63752.56
[ANALIS] State: BEARISH | EMA(13/34): $63797.1/$63864.1 | VWAP Sesi: $63933.97 | Vol Surge: 1.7x | BB50: [$63758.64 - $64066.21] | Tren 15m: BEARISH
[DEBUG] EMA streak: 0 | EMA_FAST(13): 63797.11 | EMA_SLOW(34): 63864.08 | Selisih: -66.97
[2026-07-12 13:16:50] Keputusan analis: Wait
[2026-07-12 13:16:50] Validasi gagal / keputusan WAIT. Tidak ada eksekusi.
Memulai Bot Trading BTC...
Melakukan sinkronisasi data historis awal dari Binance...
Rekonstruksi saldo dari riwayat transaksi: USDT: $935.88, BTC: 0.000000
[CRASH RECOVERY] Memulihkan High Water Mark posisi aktif dari tabel bot_active_positions: $0.00
Web Dashboard berjalan di http://localhost:8087
Jika menggunakan VPS, buka http://<IP_VPS>:8087
[2026-07-12 13:17:52] Terhubung ke Binance WebSocket untuk harga real-time BTC/USDT
[2026-07-12 13:17:55] Siklus Menit Baru. Harga BTC Terakhir: $63716.43
[ANALIS] State: BEARISH | EMA(13/34): $63785.6/$63854.7 | VWAP Sesi: $63933.35 | Vol Surge: 1.9x | BB50: [$63744.94 - $64071.20] | Tren 15m: BEARISH
[DEBUG] EMA streak: 0 | EMA_FAST(13): 63785.58 | EMA_SLOW(34): 63854.74 | Selisih: -69.16
[2026-07-12 13:17:55] Keputusan analis: Wait
[2026-07-12 13:17:55] Validasi gagal / keputusan WAIT. Tidak ada eksekusi.
[2026-07-12 13:18:55] Siklus Menit Baru. Harga BTC Terakhir: $63734.71
[ANALIS] State: BEARISH | EMA(13/34): $63778.3/$63847.6 | VWAP Sesi: $63933.13 | Vol Surge: 0.7x | BB50: [$63734.26 - $64074.59] | Tren 15m: BEARISH
[DEBUG] EMA streak: 0 | EMA_FAST(13): 63778.31 | EMA_SLOW(34): 63847.64 | Selisih: -69.34
[2026-07-12 13:18:55] Keputusan analis: Wait
[2026-07-12 13:18:55] Validasi gagal / keputusan WAIT. Tidak ada eksekusi.
[2026-07-12 13:19:55] Siklus Menit Baru. Harga BTC Terakhir: $63732.82
[ANALIS] State: BEARISH | EMA(13/34): $63771.9/$63840.7 | VWAP Sesi: $63932.88 | Vol Surge: 0.8x | BB50: [$63724.08 - $64077.61] | Tren 15m: BEARISH
[DEBUG] EMA streak: 0 | EMA_FAST(13): 63771.85 | EMA_SLOW(34): 63840.66 | Selisih: -68.81
[2026-07-12 13:19:55] Keputusan analis: Wait
[2026-07-12 13:19:55] Validasi gagal / keputusan WAIT. Tidak ada eksekusi.
[2026-07-12 13:20:56] Siklus Menit Baru. Harga BTC Terakhir: $63743.30
[ANALIS] State: BEARISH | EMA(13/34): $63767.8/$63835.5 | VWAP Sesi: $63932.70 | Vol Surge: 0.6x | BB50: [$63715.45 - $64079.81] | Tren 15m: BEARISH
[DEBUG] EMA streak: 0 | EMA_FAST(13): 63767.78 | EMA_SLOW(34): 63835.52 | Selisih: -67.75
[2026-07-12 13:20:56] Keputusan analis: Wait
[2026-07-12 13:20:56] Validasi gagal / keputusan WAIT. Tidak ada eksekusi.
[2026-07-12 13:21:56] Siklus Menit Baru. Harga BTC Terakhir: $63743.55
[ANALIS] State: BEARISH | EMA(13/34): $63764.3/$63832.2 | VWAP Sesi: $63932.51 | Vol Surge: 0.7x | BB50: [$63707.11 - $64081.41] | Tren 15m: BEARISH
[DEBUG] EMA streak: 0 | EMA_FAST(13): 63764.33 | EMA_SLOW(34): 63832.17 | Selisih: -67.83
[2026-07-12 13:21:56] Keputusan analis: Wait
[2026-07-12 13:21:56] Validasi gagal / keputusan WAIT. Tidak ada eksekusi.
[2026-07-12 13:22:56] Siklus Menit Baru. Harga BTC Terakhir: $63736.85
[ANALIS] State: BEARISH | EMA(9/21): $63747.2/$63789.3 | VWAP Sesi: $63932.37 | Vol Surge: 0.5x | BB50: [$63698.45 - $64081.63] | Tren 15m: BEARISH
[DEBUG] EMA streak: 0 | EMA_FAST(9): 63747.15 | EMA_SLOW(21): 63789.31 | Selisih: -42.16
[2026-07-12 13:22:56] Keputusan analis: Wait
[2026-07-12 13:22:56] Validasi gagal / keputusan WAIT. Tidak ada eksekusi.
[2026-07-12 13:23:56] Siklus Menit Baru. Harga BTC Terakhir: $63749.10
[ANALIS] State: BEARISH | EMA(9/21): $63746.3/$63785.2 | VWAP Sesi: $63932.12 | Vol Surge: 0.7x | BB50: [$63690.70 - $64082.72] | Tren 15m: BEARISH
[DEBUG] EMA streak: 0 | EMA_FAST(9): 63746.29 | EMA_SLOW(21): 63785.15 | Selisih: -38.86
[2026-07-12 13:23:56] Keputusan analis: Wait
[2026-07-12 13:23:56] Validasi gagal / keputusan WAIT. Tidak ada eksekusi.
[2026-07-12 13:24:56] Siklus Menit Baru. Harga BTC Terakhir: $63772.00
[ANALIS] State: BEARISH | EMA(9/21): $63751.4/$63784.1 | VWAP Sesi: $63932.00 | Vol Surge: 0.5x | BB50: [$63685.36 - $64081.95] | Tren 15m: BEARISH
[DEBUG] EMA streak: 0 | EMA_FAST(9): 63751.44 | EMA_SLOW(21): 63784.07 | Selisih: -32.63
[2026-07-12 13:24:56] Keputusan analis: Wait
[2026-07-12 13:24:56] Validasi gagal / keputusan WAIT. Tidak ada eksekusi.
[2026-07-12 13:25:56] Siklus Menit Baru. Harga BTC Terakhir: $63772.01
[ANALIS] State: BEARISH | EMA(9/21): $63755.6/$63783.0 | VWAP Sesi: $63931.86 | Vol Surge: 0.6x | BB50: [$63680.24 - $64080.47] | Tren 15m: BEARISH
[DEBUG] EMA streak: 0 | EMA_FAST(9): 63755.55 | EMA_SLOW(21): 63782.98 | Selisih: -27.43
[2026-07-12 13:25:56] Keputusan analis: Wait
[2026-07-12 13:25:56] Validasi gagal / keputusan WAIT. Tidak ada eksekusi.
[2026-07-12 13:26:57] Siklus Menit Baru. Harga BTC Terakhir: $63725.85
[ANALIS] State: BEARISH | EMA(9/21): $63746.9/$63776.4 | VWAP Sesi: $63931.50 | Vol Surge: 0.9x | BB50: [$63671.01 - $64080.49] | Tren 15m: BEARISH
[DEBUG] EMA streak: 0 | EMA_FAST(9): 63746.86 | EMA_SLOW(21): 63776.38 | Selisih: -29.52
[2026-07-12 13:26:57] Keputusan analis: Wait
[2026-07-12 13:26:57] Validasi gagal / keputusan WAIT. Tidak ada eksekusi.
[2026-07-12 13:27:57] Siklus Menit Baru. Harga BTC Terakhir: $63723.48
[ANALIS] State: BEARISH | EMA(9/21): $63742.2/$63771.7 | VWAP Sesi: $63931.35 | Vol Surge: 0.5x | BB50: [$63663.17 - $64079.67] | Tren 15m: BEARISH
[DEBUG] EMA streak: 0 | EMA_FAST(9): 63742.18 | EMA_SLOW(21): 63771.74 | Selisih: -29.55
[2026-07-12 13:27:57] Keputusan analis: Wait
[2026-07-12 13:27:57] Validasi gagal / keputusan WAIT. Tidak ada eksekusi.
[2026-07-12 13:28:57] Siklus Menit Baru. Harga BTC Terakhir: $63673.80
[ANALIS] State: BEARISH | EMA(9/21): $63728.5/$63763.0 | VWAP Sesi: $63929.14 | Vol Surge: 5.2x | BB50: [$63651.83 - $64079.58] | Tren 15m: BEARISH
[DEBUG] EMA streak: 0 | EMA_FAST(9): 63728.51 | EMA_SLOW(21): 63763.02 | Selisih: -34.51
[2026-07-12 13:28:57] Keputusan analis: Wait
[2026-07-12 13:28:57] Validasi gagal / keputusan WAIT. Tidak ada eksekusi.
[2026-07-12 13:29:57] Siklus Menit Baru. Harga BTC Terakhir: $63673.58
[ANALIS] State: BEARISH | EMA(9/21): $63717.5/$63754.8 | VWAP Sesi: $63928.55 | Vol Surge: 1.4x | BB50: [$63641.66 - $64077.45] | Tren 15m: BEARISH
[DEBUG] EMA streak: 0 | EMA_FAST(9): 63717.53 | EMA_SLOW(21): 63754.77 | Selisih: -37.24
[2026-07-12 13:29:57] Keputusan analis: Wait
[2026-07-12 13:29:57] Validasi gagal / keputusan WAIT. Tidak ada eksekusi.
[2026-07-12 13:30:57] Siklus Menit Baru. Harga BTC Terakhir: $63659.92
[ANALIS] State: BEARISH | EMA(9/21): $63705.2/$63745.8 | VWAP Sesi: $63928.17 | Vol Surge: 0.8x | BB50: [$63630.29 - $64076.33] | Tren 15m: BEARISH
[DEBUG] EMA streak: 0 | EMA_FAST(9): 63705.19 | EMA_SLOW(21): 63745.83 | Selisih: -40.63
[2026-07-12 13:30:57] Keputusan analis: Wait
[2026-07-12 13:30:57] Validasi gagal / keputusan WAIT. Tidak ada eksekusi.
[2026-07-12 13:31:57] Siklus Menit Baru. Harga BTC Terakhir: $63660.80
[ANALIS] State: BEARISH | EMA(9/21): $63696.3/$63738.1 | VWAP Sesi: $63928.13 | Vol Surge: 0.1x | BB50: [$63620.50 - $64073.40] | Tren 15m: BEARISH
[DEBUG] EMA streak: 0 | EMA_FAST(9): 63696.31 | EMA_SLOW(21): 63738.10 | Selisih: -41.78
[2026-07-12 13:31:57] Keputusan analis: Wait
[2026-07-12 13:31:57] Validasi gagal / keputusan WAIT. Tidak ada eksekusi.
[2026-07-12 13:32:58] Siklus Menit Baru. Harga BTC Terakhir: $63702.16
[ANALIS] State: BEARISH | EMA(9/21): $63697.5/$63734.7 | VWAP Sesi: $63927.69 | Vol Surge: 1.1x | BB50: [$63614.61 - $64068.23] | Tren 15m: BEARISH
[DEBUG] EMA streak: 0 | EMA_FAST(9): 63697.48 | EMA_SLOW(21): 63734.72 | Selisih: -37.24
[2026-07-12 13:32:58] Keputusan analis: Wait
[2026-07-12 13:32:58] Validasi gagal / keputusan WAIT. Tidak ada eksekusi.
[2026-07-12 13:33:58] Siklus Menit Baru. Harga BTC Terakhir: $63703.31
[ANALIS] State: BEARISH | EMA(9/21): $63698.6/$63731.9 | VWAP Sesi: $63927.37 | Vol Surge: 0.9x | BB50: [$63608.97 - $64063.36] | Tren 15m: BEARISH
[DEBUG] EMA streak: 0 | EMA_FAST(9): 63698.65 | EMA_SLOW(21): 63731.87 | Selisih: -33.22
[2026-07-12 13:33:58] Keputusan analis: Wait
[2026-07-12 13:33:58] Validasi gagal / keputusan WAIT. Tidak ada eksekusi.
[2026-07-12 13:34:58] Siklus Menit Baru. Harga BTC Terakhir: $63722.00
[ANALIS] State: BEARISH | EMA(9/21): $63703.3/$63731.0 | VWAP Sesi: $63927.13 | Vol Surge: 0.7x | BB50: [$63604.97 - $64057.59] | Tren 15m: BEARISH
[DEBUG] EMA streak: 0 | EMA_FAST(9): 63703.32 | EMA_SLOW(21): 63731.05 | Selisih: -27.73
[2026-07-12 13:34:58] Keputusan analis: Wait
[2026-07-12 13:34:58] Validasi gagal / keputusan WAIT. Tidak ada eksekusi.
[2026-07-12 13:35:58] Siklus Menit Baru. Harga BTC Terakhir: $63752.26
[ANALIS] State: BEARISH | EMA(9/21): $63713.1/$63733.0 | VWAP Sesi: $63926.94 | Vol Surge: 0.6x | BB50: [$63603.27 - $64050.37] | Tren 15m: BULLISH
[DEBUG] EMA streak: 0 | EMA_FAST(9): 63713.10 | EMA_SLOW(21): 63732.98 | Selisih: -19.87
[2026-07-12 13:35:58] Keputusan analis: Wait
[2026-07-12 13:35:58] Validasi gagal / keputusan WAIT. Tidak ada eksekusi.
[2026-07-12 13:36:58] Siklus Menit Baru. Harga BTC Terakhir: $63764.62
[ANALIS] State: BEARISH | EMA(9/21): $63723.4/$63735.9 | VWAP Sesi: $63926.20 | Vol Surge: 2.5x | BB50: [$63602.50 - $64042.70] | Tren 15m: BULLISH
[DEBUG] EMA streak: 0 | EMA_FAST(9): 63723.41 | EMA_SLOW(21): 63735.88 | Selisih: -12.47
[2026-07-12 13:36:58] Keputusan analis: Wait
[2026-07-12 13:36:58] Validasi gagal / keputusan WAIT. Tidak ada eksekusi.
[2026-07-12 13:37:58] Siklus Menit Baru. Harga BTC Terakhir: $63776.76
[ANALIS] State: BEARISH | EMA(9/21): $63734.1/$63739.5 | VWAP Sesi: $63925.80 | Vol Surge: 1.5x | BB50: [$63602.70 - $64034.42] | Tren 15m: BULLISH
[DEBUG] EMA streak: 0 | EMA_FAST(9): 63734.08 | EMA_SLOW(21): 63739.52 | Selisih: -5.44
[2026-07-12 13:37:58] Keputusan analis: Wait
[2026-07-12 13:37:58] Validasi gagal / keputusan WAIT. Tidak ada eksekusi.
[2026-07-12 13:38:59] Siklus Menit Baru. Harga BTC Terakhir: $63742.00
[ANALIS] State: BEARISH | EMA(9/21): $63735.7/$63739.7 | VWAP Sesi: $63925.25 | Vol Surge: 1.6x | BB50: [$63601.51 - $64026.50] | Tren 15m: BEARISH
[DEBUG] EMA streak: 0 | EMA_FAST(9): 63735.66 | EMA_SLOW(21): 63739.75 | Selisih: -4.08
[2026-07-12 13:38:59] Keputusan analis: Wait
[2026-07-12 13:38:59] Validasi gagal / keputusan WAIT. Tidak ada eksekusi.
[2026-07-12 13:39:59] Siklus Menit Baru. Harga BTC Terakhir: $63737.93
[ANALIS] State: BEARISH | EMA(9/21): $63736.1/$63739.7 | VWAP Sesi: $63924.80 | Vol Surge: 1.3x | BB50: [$63600.58 - $64018.16] | Tren 15m: BEARISH
[DEBUG] EMA streak: 0 | EMA_FAST(9): 63736.12 | EMA_SLOW(21): 63739.66 | Selisih: -3.54
[2026-07-12 13:39:59] Keputusan analis: Wait
[2026-07-12 13:39:59] Validasi gagal / keputusan WAIT. Tidak ada eksekusi.
[2026-07-12 13:40:59] Siklus Menit Baru. Harga BTC Terakhir: $63780.71
[ANALIS] State: BULLISH | EMA(9/21): $63745.0/$63743.4 | VWAP Sesi: $63924.41 | Vol Surge: 1.3x | BB50: [$63602.17 - $64008.66] | Tren 15m: BULLISH
[DEBUG] EMA streak: 0 | EMA_FAST(9): 63745.04 | EMA_SLOW(21): 63743.39 | Selisih: 1.65
[2026-07-12 13:40:59] Keputusan analis: Wait
[2026-07-12 13:40:59] Validasi gagal / keputusan WAIT. Tidak ada eksekusi.
[2026-07-12 13:41:59] Siklus Menit Baru. Harga BTC Terakhir: $63756.93
[ANALIS] State: BULLISH | EMA(9/21): $63747.4/$63744.5 | VWAP Sesi: $63924.26 | Vol Surge: 0.4x | BB50: [$63603.45 - $63998.53] | Tren 15m: BULLISH
[DEBUG] EMA streak: 0 | EMA_FAST(9): 63747.41 | EMA_SLOW(21): 63744.50 | Selisih: 2.92
[2026-07-12 13:41:59] Keputusan analis: Wait
[2026-07-12 13:41:59] Validasi gagal / keputusan WAIT. Tidak ada eksekusi.
[2026-07-12 13:42:59] Siklus Menit Baru. Harga BTC Terakhir: $63768.00
[ANALIS] State: BULLISH | EMA(9/21): $63751.5/$63746.6 | VWAP Sesi: $63924.21 | Vol Surge: 0.2x | BB50: [$63604.92 - $63989.22] | Tren 15m: BULLISH
[DEBUG] EMA streak: 0 | EMA_FAST(9): 63751.53 | EMA_SLOW(21): 63746.63 | Selisih: 4.90
[2026-07-12 13:42:59] Keputusan analis: Wait
[2026-07-12 13:42:59] Validasi gagal / keputusan WAIT. Tidak ada eksekusi.
[2026-07-12 13:43:59] Siklus Menit Baru. Harga BTC Terakhir: $63769.65
[ANALIS] State: BEARISH | EMA(13/34): $63749.5/$63764.2 | VWAP Sesi: $63924.17 | Vol Surge: 0.1x | BB50: [$63606.92 - $63979.44] | Tren 15m: BULLISH
[DEBUG] EMA streak: 0 | EMA_FAST(13): 63749.52 | EMA_SLOW(34): 63764.20 | Selisih: -14.68
[2026-07-12 13:43:59] Keputusan analis: Wait
[2026-07-12 13:43:59] Validasi gagal / keputusan WAIT. Tidak ada eksekusi.
[2026-07-12 13:45:00] Siklus Menit Baru. Harga BTC Terakhir: $63773.83
[ANALIS] State: BEARISH | EMA(13/34): $63753.0/$63765.0 | VWAP Sesi: $63924.11 | Vol Surge: 0.2x | BB50: [$63609.95 - $63968.55] | Tren 15m: BULLISH
[DEBUG] EMA streak: 0 | EMA_FAST(13): 63752.99 | EMA_SLOW(34): 63764.99 | Selisih: -11.99
[2026-07-12 13:45:00] Keputusan analis: Wait
[2026-07-12 13:45:00] Validasi gagal / keputusan WAIT. Tidak ada eksekusi.
[2026-07-12 13:46:00] Siklus Menit Baru. Harga BTC Terakhir: $63794.99
[ANALIS] State: BEARISH | EMA(13/34): $63759.0/$63766.7 | VWAP Sesi: $63924.03 | Vol Surge: 0.3x | BB50: [$63614.36 - $63956.94] | Tren 15m: BULLISH
[DEBUG] EMA streak: 0 | EMA_FAST(13): 63758.99 | EMA_SLOW(34): 63766.70 | Selisih: -7.71
[2026-07-12 13:46:00] Keputusan analis: Wait
[2026-07-12 13:46:00] Validasi gagal / keputusan WAIT. Tidak ada eksekusi.
[2026-07-12 13:47:00] Siklus Menit Baru. Harga BTC Terakhir: $63809.58
[ANALIS] State: BEARISH | EMA(13/34): $63772.4/$63772.6 | VWAP Sesi: $63923.99 | Vol Surge: 0.0x | BB50: [$63625.91 - $63932.04] | Tren 15m: BULLISH
[DEBUG] EMA streak: 0 | EMA_FAST(13): 63772.42 | EMA_SLOW(34): 63772.63 | Selisih: -0.21
[2026-07-12 13:47:00] Keputusan analis: Wait
[2026-07-12 13:47:00] Validasi gagal / keputusan WAIT. Tidak ada eksekusi.
[2026-07-12 13:48:00] Siklus Menit Baru. Harga BTC Terakhir: $63804.17
[ANALIS] State: BULLISH | EMA(13/34): $63776.3/$63772.2 | VWAP Sesi: $63923.90 | Vol Surge: 0.0x | BB50: [$63635.08 - $63914.93] | Tren 15m: BULLISH
[DEBUG] EMA streak: 0 | EMA_FAST(13): 63776.28 | EMA_SLOW(34): 63772.17 | Selisih: 4.11
[2026-07-12 13:48:00] Keputusan analis: Wait
[2026-07-12 13:48:00] Validasi gagal / keputusan WAIT. Tidak ada eksekusi.
[2026-07-12 13:49:00] Siklus Menit Baru. Harga BTC Terakhir: $63807.37
[ANALIS] State: BULLISH | EMA(13/34): $63781.1/$63774.2 | VWAP Sesi: $63923.87 | Vol Surge: 0.0x | BB50: [$63641.99 - $63902.05] | Tren 15m: BULLISH
[DEBUG] EMA streak: 0 | EMA_FAST(13): 63781.11 | EMA_SLOW(34): 63774.23 | Selisih: 6.88
[2026-07-12 13:49:00] Keputusan analis: Wait
[2026-07-12 13:49:00] Validasi gagal / keputusan WAIT. Tidak ada eksekusi.
[2026-07-12 13:50:01] Siklus Menit Baru. Harga BTC Terakhir: $63806.76
[ANALIS] State: BULLISH | EMA(13/34): $63784.7/$63775.8 | VWAP Sesi: $63923.55 | Vol Surge: 0.0x | BB50: [$63649.79 - $63888.18] | Tren 15m: BULLISH
[DEBUG] EMA streak: 0 | EMA_FAST(13): 63784.70 | EMA_SLOW(34): 63775.79 | Selisih: 8.91
[2026-07-12 13:50:01] Keputusan analis: Wait
[2026-07-12 13:50:01] Validasi gagal / keputusan WAIT. Tidak ada eksekusi.
[2026-07-12 13:51:01] Siklus Menit Baru. Harga BTC Terakhir: $63776.83
[ANALIS] State: SIDEWAYS | EMA(13/34): $63779.9/$63770.9 | VWAP Sesi: $63923.27 | Vol Surge: 0.0x | BB50: [$63658.39 - $63871.36] | Tren 15m: BULLISH
[ANALIS-SIDEWAYS] WAIT - Lebar BB sempit (0.334%). Butuh min 1.0% untuk tutup fee & spread.
[2026-07-12 13:51:01] Keputusan analis: Wait
[2026-07-12 13:51:01] Validasi gagal / keputusan WAIT. Tidak ada eksekusi.
[2026-07-12 13:52:02] Siklus Menit Baru. Harga BTC Terakhir: $63744.98
[ANALIS] State: SIDEWAYS | EMA(13/34): $63771.0/$63768.0 | VWAP Sesi: $63923.05 | Vol Surge: 0.1x | BB50: [$63660.81 - $63861.90] | Tren 15m: BEARISH
[ANALIS-SIDEWAYS] WAIT - Lebar BB sempit (0.315%). Butuh min 1.0% untuk tutup fee & spread.
[2026-07-12 13:52:02] Keputusan analis: Wait
[2026-07-12 13:52:02] Validasi gagal / keputusan WAIT. Tidak ada eksekusi.
[2026-07-12 13:53:02] Siklus Menit Baru. Harga BTC Terakhir: $63731.01
[ANALIS] State: SIDEWAYS | EMA(13/34): $63763.6/$63764.2 | VWAP Sesi: $63922.76 | Vol Surge: 0.0x | BB50: [$63664.13 - $63851.50] | Tren 15m: BEARISH
[ANALIS-SIDEWAYS] WAIT - Lebar BB sempit (0.294%). Butuh min 1.0% untuk tutup fee & spread.
[2026-07-12 13:53:02] Keputusan analis: Wait
[2026-07-12 13:53:02] Validasi gagal / keputusan WAIT. Tidak ada eksekusi.
[2026-07-12 13:54:02] Siklus Menit Baru. Harga BTC Terakhir: $63758.60
[ANALIS] State: SIDEWAYS | EMA(13/34): $63766.2/$63764.5 | VWAP Sesi: $63922.57 | Vol Surge: 0.1x | BB50: [$63669.07 - $63842.89] | Tren 15m: BULLISH
[ANALIS-SIDEWAYS] WAIT - Lebar BB sempit (0.273%). Butuh min 1.0% untuk tutup fee & spread.
[2026-07-12 13:54:02] Keputusan analis: Wait
[2026-07-12 13:54:02] Validasi gagal / keputusan WAIT. Tidak ada eksekusi.
[2026-07-12 13:55:02] Siklus Menit Baru. Harga BTC Terakhir: $63770.03
[ANALIS] State: SIDEWAYS | EMA(13/34): $63767.9/$63765.2 | VWAP Sesi: $63922.50 | Vol Surge: 0.0x | BB50: [$63672.49 - $63836.26] | Tren 15m: BEARISH
[ANALIS-SIDEWAYS] WAIT - Lebar BB sempit (0.257%). Butuh min 1.0% untuk tutup fee & spread.
[2026-07-12 13:55:02] Keputusan analis: Wait
[2026-07-12 13:55:02] Validasi gagal / keputusan WAIT. Tidak ada eksekusi.
[2026-07-12 13:56:02] Siklus Menit Baru. Harga BTC Terakhir: $63752.50
[ANALIS] State: SIDEWAYS | EMA(13/34): $63763.6/$63762.4 | VWAP Sesi: $63922.38 | Vol Surge: 0.0x | BB50: [$63675.74 - $63828.09] | Tren 15m: BEARISH
[ANALIS-SIDEWAYS] WAIT - Lebar BB sempit (0.239%). Butuh min 1.0% untuk tutup fee & spread.
[2026-07-12 13:56:03] Keputusan analis: Wait
[2026-07-12 13:56:03] Validasi gagal / keputusan WAIT. Tidak ada eksekusi.
[2026-07-12 13:57:03] Siklus Menit Baru. Harga BTC Terakhir: $63765.53
[ANALIS] State: SIDEWAYS | EMA(13/34): $63765.4/$63762.2 | VWAP Sesi: $63922.27 | Vol Surge: 0.0x | BB50: [$63678.37 - $63823.08] | Tren 15m: BEARISH
[ANALIS-SIDEWAYS] WAIT - Lebar BB sempit (0.227%). Butuh min 1.0% untuk tutup fee & spread.
[2026-07-12 13:57:03] Keputusan analis: Wait
[2026-07-12 13:57:03] Validasi gagal / keputusan WAIT. Tidak ada eksekusi.
[2026-07-12 13:58:03] Siklus Menit Baru. Harga BTC Terakhir: $63765.53
[ANALIS] State: SIDEWAYS | EMA(13/34): $63765.4/$63760.8 | VWAP Sesi: $63922.25 | Vol Surge: 0.0x | BB50: [$63679.71 - $63819.69] | Tren 15m: BEARISH
[ANALIS-SIDEWAYS] WAIT - Lebar BB sempit (0.220%). Butuh min 1.0% untuk tutup fee & spread.
[2026-07-12 13:58:03] Keputusan analis: Wait
[2026-07-12 13:58:03] Validasi gagal / keputusan WAIT. Tidak ada eksekusi.
[2026-07-12 13:59:03] Siklus Menit Baru. Harga BTC Terakhir: $63765.54
[ANALIS] State: SIDEWAYS | EMA(13/34): $63765.4/$63760.5 | VWAP Sesi: $63922.24 | Vol Surge: 0.0x | BB50: [$63679.91 - $63818.67] | Tren 15m: BEARISH
[ANALIS-SIDEWAYS] WAIT - Lebar BB sempit (0.218%). Butuh min 1.0% untuk tutup fee & spread.
[2026-07-12 13:59:03] Keputusan analis: Wait
[2026-07-12 13:59:03] Validasi gagal / keputusan WAIT. Tidak ada eksekusi.
[2026-07-12 14:00:04] Siklus Menit Baru. Harga BTC Terakhir: $63762.46
[ANALIS] State: SIDEWAYS | EMA(13/34): $63764.6/$63760.0 | VWAP Sesi: $63922.18 | Vol Surge: 0.0x | BB50: [$63679.95 - $63817.97] | Tren 15m: BEARISH
[ANALIS-SIDEWAYS] WAIT - Lebar BB sempit (0.216%). Butuh min 1.0% untuk tutup fee & spread.
[2026-07-12 14:00:04] Keputusan analis: Wait
[2026-07-12 14:00:04] Validasi gagal / keputusan WAIT. Tidak ada eksekusi.
[2026-07-12 14:01:05] Siklus Menit Baru. Harga BTC Terakhir: $63755.20
[ANALIS] State: SIDEWAYS | EMA(13/34): $63762.4/$63758.7 | VWAP Sesi: $63922.13 | Vol Surge: 0.0x | BB50: [$63679.82 - $63817.35] | Tren 15m: BEARISH
[ANALIS-SIDEWAYS] WAIT - Lebar BB sempit (0.216%). Butuh min 1.0% untuk tutup fee & spread.
[2026-07-12 14:01:05] Keputusan analis: Wait
[2026-07-12 14:01:05] Validasi gagal / keputusan WAIT. Tidak ada eksekusi.
[2026-07-12 14:02:05] Siklus Menit Baru. Harga BTC Terakhir: $63756.81
[ANALIS] State: SIDEWAYS | EMA(13/34): $63761.5/$63759.3 | VWAP Sesi: $63921.90 | Vol Surge: 0.1x | BB50: [$63679.83 - $63817.38] | Tren 15m: BEARISH
[ANALIS-SIDEWAYS] WAIT - Lebar BB sempit (0.216%). Butuh min 1.0% untuk tutup fee & spread.
[2026-07-12 14:02:05] Keputusan analis: Wait
[2026-07-12 14:02:05] Validasi gagal / keputusan WAIT. Tidak ada eksekusi.
[2026-07-12 14:03:05] Siklus Menit Baru. Harga BTC Terakhir: $63773.30
[ANALIS] State: SIDEWAYS | EMA(13/34): $63764.8/$63759.9 | VWAP Sesi: $63921.73 | Vol Surge: 0.1x | BB50: [$63679.85 - $63818.04] | Tren 15m: BEARISH
[ANALIS-SIDEWAYS] WAIT - Lebar BB sempit (0.217%). Butuh min 1.0% untuk tutup fee & spread.
[2026-07-12 14:03:05] Keputusan analis: Wait
[2026-07-12 14:03:05] Validasi gagal / keputusan WAIT. Tidak ada eksekusi.
[2026-07-12 14:04:05] Siklus Menit Baru. Harga BTC Terakhir: $63774.03
[ANALIS] State: SIDEWAYS | EMA(13/34): $63766.2/$63760.0 | VWAP Sesi: $63921.69 | Vol Surge: 0.0x | BB50: [$63679.93 - $63818.87] | Tren 15m: BEARISH
[ANALIS-SIDEWAYS] WAIT - Lebar BB sempit (0.218%). Butuh min 1.0% untuk tutup fee & spread.
[2026-07-12 14:04:05] Keputusan analis: Wait
[2026-07-12 14:04:05] Validasi gagal / keputusan WAIT. Tidak ada eksekusi.
[2026-07-12 14:05:05] Siklus Menit Baru. Harga BTC Terakhir: $63789.89
[ANALIS] State: SIDEWAYS | EMA(13/34): $63771.5/$63763.3 | VWAP Sesi: $63921.64 | Vol Surge: 0.0x | BB50: [$63679.91 - $63821.63] | Tren 15m: BULLISH
[ANALIS-SIDEWAYS] WAIT - Lebar BB sempit (0.222%). Butuh min 1.0% untuk tutup fee & spread.
[2026-07-12 14:05:05] Keputusan analis: Wait
[2026-07-12 14:05:05] Validasi gagal / keputusan WAIT. Tidak ada eksekusi.
[2026-07-12 14:06:06] Siklus Menit Baru. Harga BTC Terakhir: $63801.20
[ANALIS] State: SIDEWAYS | EMA(13/34): $63777.0/$63764.1 | VWAP Sesi: $63921.38 | Vol Surge: 0.2x | BB50: [$63679.22 - $63824.67] | Tren 15m: BULLISH
[ANALIS-SIDEWAYS] WAIT - Lebar BB sempit (0.228%). Butuh min 1.0% untuk tutup fee & spread.
[2026-07-12 14:06:06] Keputusan analis: Wait
[2026-07-12 14:06:06] Validasi gagal / keputusan WAIT. Tidak ada eksekusi.
[2026-07-12 14:07:06] Siklus Menit Baru. Harga BTC Terakhir: $63802.58
[ANALIS] State: SIDEWAYS | EMA(13/34): $63781.0/$63767.5 | VWAP Sesi: $63921.19 | Vol Surge: 0.1x | BB50: [$63680.21 - $63827.24] | Tren 15m: BULLISH
[ANALIS-SIDEWAYS] WAIT - Lebar BB sempit (0.230%). Butuh min 1.0% untuk tutup fee & spread.
[2026-07-12 14:07:06] Keputusan analis: Wait
[2026-07-12 14:07:06] Validasi gagal / keputusan WAIT. Tidak ada eksekusi.
[2026-07-12 14:08:06] Siklus Menit Baru. Harga BTC Terakhir: $63800.00
[ANALIS] State: SIDEWAYS | EMA(13/34): $63783.4/$63769.1 | VWAP Sesi: $63921.16 | Vol Surge: 0.0x | BB50: [$63680.66 - $63829.29] | Tren 15m: BULLISH
[ANALIS-SIDEWAYS] WAIT - Lebar BB sempit (0.233%). Butuh min 1.0% untuk tutup fee & spread.
[2026-07-12 14:08:06] Keputusan analis: Wait
[2026-07-12 14:08:06] Validasi gagal / keputusan WAIT. Tidak ada eksekusi.
[2026-07-12 14:09:06] Siklus Menit Baru. Harga BTC Terakhir: $63802.57
[ANALIS] State: SIDEWAYS | EMA(13/34): $63786.5/$63771.7 | VWAP Sesi: $63921.06 | Vol Surge: 0.2x | BB50: [$63681.09 - $63831.75] | Tren 15m: BULLISH
[ANALIS-SIDEWAYS] WAIT - Lebar BB sempit (0.236%). Butuh min 1.0% untuk tutup fee & spread.
[2026-07-12 14:09:06] Keputusan analis: Wait
[2026-07-12 14:09:06] Validasi gagal / keputusan WAIT. Tidak ada eksekusi.
[2026-07-12 14:10:06] Siklus Menit Baru. Harga BTC Terakhir: $63802.57
[ANALIS] State: SIDEWAYS | EMA(13/34): $63788.8/$63773.5 | VWAP Sesi: $63921.04 | Vol Surge: 0.0x | BB50: [$63681.28 - $63833.93] | Tren 15m: BULLISH
[ANALIS-SIDEWAYS] WAIT - Lebar BB sempit (0.239%). Butuh min 1.0% untuk tutup fee & spread.
[2026-07-12 14:10:06] Keputusan analis: Wait
[2026-07-12 14:10:06] Validasi gagal / keputusan WAIT. Tidak ada eksekusi.
[2026-07-12 14:11:07] Siklus Menit Baru. Harga BTC Terakhir: $63802.58
[ANALIS] State: SIDEWAYS | EMA(13/34): $63790.7/$63774.4 | VWAP Sesi: $63921.02 | Vol Surge: 0.0x | BB50: [$63681.54 - $63836.03] | Tren 15m: BULLISH
[ANALIS-SIDEWAYS] WAIT - Lebar BB sempit (0.242%). Butuh min 1.0% untuk tutup fee & spread.
[2026-07-12 14:11:07] Keputusan analis: Wait
[2026-07-12 14:11:07] Validasi gagal / keputusan WAIT. Tidak ada eksekusi.
[2026-07-12 14:12:07] Siklus Menit Baru. Harga BTC Terakhir: $63802.58
[ANALIS] State: SIDEWAYS | EMA(13/34): $63792.4/$63777.0 | VWAP Sesi: $63920.98 | Vol Surge: 0.0x | BB50: [$63682.53 - $63837.98] | Tren 15m: BULLISH
[ANALIS-SIDEWAYS] WAIT - Lebar BB sempit (0.244%). Butuh min 1.0% untuk tutup fee & spread.
[2026-07-12 14:12:07] Keputusan analis: Wait
[2026-07-12 14:12:07] Validasi gagal / keputusan WAIT. Tidak ada eksekusi.
[2026-07-12 14:13:07] Siklus Menit Baru. Harga BTC Terakhir: $63806.02
[ANALIS] State: SIDEWAYS | EMA(13/34): $63794.8/$63780.1 | VWAP Sesi: $63920.92 | Vol Surge: 0.0x | BB50: [$63682.62 - $63840.31] | Tren 15m: BULLISH
[ANALIS-SIDEWAYS] WAIT - Lebar BB sempit (0.247%). Butuh min 1.0% untuk tutup fee & spread.
[2026-07-12 14:13:07] Keputusan analis: Wait
[2026-07-12 14:13:07] Validasi gagal / keputusan WAIT. Tidak ada eksekusi.
[2026-07-12 14:14:07] Siklus Menit Baru. Harga BTC Terakhir: $63806.02
[ANALIS] State: SIDEWAYS | EMA(13/34): $63796.4/$63780.7 | VWAP Sesi: $63920.92 | Vol Surge: 0.0x | BB50: [$63682.36 - $63841.92] | Tren 15m: BULLISH
[ANALIS-SIDEWAYS] WAIT - Lebar BB sempit (0.250%). Butuh min 1.0% untuk tutup fee & spread.
[2026-07-12 14:14:07] Keputusan analis: Wait
[2026-07-12 14:14:07] Validasi gagal / keputusan WAIT. Tidak ada eksekusi.
[2026-07-12 14:15:07] Siklus Menit Baru. Harga BTC Terakhir: $63817.61
[ANALIS] State: SIDEWAYS | EMA(13/34): $63801.6/$63782.2 | VWAP Sesi: $63920.81 | Vol Surge: 0.3x | BB50: [$63681.61 - $63845.91] | Tren 15m: BULLISH
[ANALIS-SIDEWAYS] WAIT - Lebar BB sempit (0.257%). Butuh min 1.0% untuk tutup fee & spread.
[2026-07-12 14:15:07] Keputusan analis: Wait
[2026-07-12 14:15:07] Validasi gagal / keputusan WAIT. Tidak ada eksekusi.
[2026-07-12 14:16:08] Siklus Menit Baru. Harga BTC Terakhir: $63816.58
[ANALIS] State: SIDEWAYS | EMA(13/34): $63803.7/$63784.0 | VWAP Sesi: $63920.78 | Vol Surge: 0.1x | BB50: [$63682.87 - $63848.25] | Tren 15m: BULLISH
[ANALIS-SIDEWAYS] WAIT - Lebar BB sempit (0.259%). Butuh min 1.0% untuk tutup fee & spread.
[2026-07-12 14:16:08] Keputusan analis: Wait
[2026-07-12 14:16:08] Validasi gagal / keputusan WAIT. Tidak ada eksekusi.
[2026-07-12 14:17:08] Siklus Menit Baru. Harga BTC Terakhir: $63809.14
[ANALIS] State: SIDEWAYS | EMA(13/34): $63803.5/$63782.4 | VWAP Sesi: $63920.74 | Vol Surge: 0.0x | BB50: [$63684.77 - $63849.47] | Tren 15m: BULLISH
[ANALIS-SIDEWAYS] WAIT - Lebar BB sempit (0.258%). Butuh min 1.0% untuk tutup fee & spread.
[2026-07-12 14:17:08] Keputusan analis: Wait
[2026-07-12 14:17:08] Validasi gagal / keputusan WAIT. Tidak ada eksekusi.
[2026-07-12 14:18:08] Siklus Menit Baru. Harga BTC Terakhir: $63811.20
[ANALIS] State: SIDEWAYS | EMA(13/34): $63804.9/$63783.9 | VWAP Sesi: $63920.48 | Vol Surge: 0.0x | BB50: [$63691.02 - $63848.80] | Tren 15m: BULLISH
[ANALIS-SIDEWAYS] WAIT - Lebar BB sempit (0.247%). Butuh min 1.0% untuk tutup fee & spread.
[2026-07-12 14:18:08] Keputusan analis: Wait
[2026-07-12 14:18:08] Validasi gagal / keputusan WAIT. Tidak ada eksekusi.
[2026-07-12 14:19:08] Siklus Menit Baru. Harga BTC Terakhir: $63849.99
[ANALIS] State: SIDEWAYS | EMA(13/34): $63816.1/$63789.3 | VWAP Sesi: $63920.41 | Vol Surge: 0.0x | BB50: [$63695.50 - $63853.14] | Tren 15m: BULLISH
[ANALIS-SIDEWAYS] WAIT - Lebar BB sempit (0.247%). Butuh min 1.0% untuk tutup fee & spread.
[2026-07-12 14:19:08] Keputusan analis: Wait
[2026-07-12 14:19:08] Validasi gagal / keputusan WAIT. Tidak ada eksekusi.
[2026-07-12 14:20:08] Siklus Menit Baru. Harga BTC Terakhir: $63836.79
[ANALIS] State: SIDEWAYS | EMA(13/34): $63817.4/$63791.4 | VWAP Sesi: $63920.36 | Vol Surge: 0.0x | BB50: [$63704.86 - $63850.32] | Tren 15m: BULLISH
[ANALIS-SIDEWAYS] WAIT - Lebar BB sempit (0.228%). Butuh min 1.0% untuk tutup fee & spread.
[2026-07-12 14:20:08] Keputusan analis: Wait
[2026-07-12 14:20:08] Validasi gagal / keputusan WAIT. Tidak ada eksekusi.
[2026-07-12 14:21:09] Siklus Menit Baru. Harga BTC Terakhir: $63836.79
[ANALIS] State: SIDEWAYS | EMA(13/34): $63820.2/$63796.1 | VWAP Sesi: $63920.34 | Vol Surge: 0.0x | BB50: [$63714.56 - $63847.67] | Tren 15m: BULLISH
[ANALIS-SIDEWAYS] WAIT - Lebar BB sempit (0.209%). Butuh min 1.0% untuk tutup fee & spread.
[2026-07-12 14:21:09] Keputusan analis: Wait
[2026-07-12 14:21:09] Validasi gagal / keputusan WAIT. Tidak ada eksekusi.
[2026-07-12 14:22:09] Siklus Menit Baru. Harga BTC Terakhir: $63867.27
[ANALIS] State: SIDEWAYS | EMA(13/34): $63830.7/$63801.9 | VWAP Sesi: $63920.31 | Vol Surge: 0.2x | BB50: [$63715.67 - $63854.37] | Tren 15m: BULLISH
[ANALIS-SIDEWAYS] WAIT - Lebar BB sempit (0.217%). Butuh min 1.0% untuk tutup fee & spread.
[2026-07-12 14:22:09] Keputusan analis: Wait
[2026-07-12 14:22:09] Validasi gagal / keputusan WAIT. Tidak ada eksekusi.
[2026-07-12 14:23:09] Siklus Menit Baru. Harga BTC Terakhir: $63863.37
[ANALIS] State: SIDEWAYS | EMA(13/34): $63834.9/$63806.2 | VWAP Sesi: $63920.29 | Vol Surge: 0.1x | BB50: [$63719.76 - $63856.54] | Tren 15m: BULLISH
[ANALIS-SIDEWAYS] WAIT - Lebar BB sempit (0.214%). Butuh min 1.0% untuk tutup fee & spread.
[2026-07-12 14:23:09] Keputusan analis: Wait
[2026-07-12 14:23:09] Validasi gagal / keputusan WAIT. Tidak ada eksekusi.
[2026-07-12 14:24:09] Siklus Menit Baru. Harga BTC Terakhir: $63877.24
[ANALIS] State: SIDEWAYS | EMA(13/34): $63842.0/$63812.3 | VWAP Sesi: $63920.27 | Vol Surge: 0.2x | BB50: [$63720.51 - $63862.34] | Tren 15m: BULLISH
[ANALIS-SIDEWAYS] WAIT - Lebar BB sempit (0.222%). Butuh min 1.0% untuk tutup fee & spread.
[2026-07-12 14:24:09] Keputusan analis: Wait
[2026-07-12 14:24:09] Validasi gagal / keputusan WAIT. Tidak ada eksekusi.
[2026-07-12 14:25:09] Siklus Menit Baru. Harga BTC Terakhir: $63879.12
[ANALIS] State: SIDEWAYS | EMA(13/34): $63847.9/$63817.1 | VWAP Sesi: $63920.23 | Vol Surge: 0.4x | BB50: [$63719.47 - $63868.66] | Tren 15m: BULLISH
[ANALIS-SIDEWAYS] WAIT - Lebar BB sempit (0.234%). Butuh min 1.0% untuk tutup fee & spread.
[2026-07-12 14:25:09] Keputusan analis: Wait
[2026-07-12 14:25:09] Validasi gagal / keputusan WAIT. Tidak ada eksekusi.
[2026-07-12 14:26:10] Siklus Menit Baru. Harga BTC Terakhir: $63870.05
[ANALIS] State: SIDEWAYS | EMA(13/34): $63850.0/$63820.2 | VWAP Sesi: $63920.19 | Vol Surge: 0.1x | BB50: [$63719.67 - $63872.31] | Tren 15m: BULLISH
[ANALIS-SIDEWAYS] WAIT - Lebar BB sempit (0.239%). Butuh min 1.0% untuk tutup fee & spread.
[2026-07-12 14:26:10] Keputusan analis: Wait
[2026-07-12 14:26:10] Validasi gagal / keputusan WAIT. Tidak ada eksekusi.
[2026-07-12 14:27:10] Siklus Menit Baru. Harga BTC Terakhir: $63867.93
[ANALIS] State: SIDEWAYS | EMA(13/34): $63852.3/$63821.0 | VWAP Sesi: $63920.17 | Vol Surge: 0.0x | BB50: [$63719.21 - $63876.33] | Tren 15m: BULLISH
[ANALIS-SIDEWAYS] WAIT - Lebar BB sempit (0.246%). Butuh min 1.0% untuk tutup fee & spread.
[2026-07-12 14:27:10] Keputusan analis: Wait
[2026-07-12 14:27:10] Validasi gagal / keputusan WAIT. Tidak ada eksekusi.
[2026-07-12 14:28:10] Siklus Menit Baru. Harga BTC Terakhir: $63858.00
[ANALIS] State: SIDEWAYS | EMA(13/34): $63852.8/$63822.8 | VWAP Sesi: $63920.14 | Vol Surge: 0.3x | BB50: [$63721.49 - $63878.61] | Tren 15m: BULLISH
[ANALIS-SIDEWAYS] WAIT - Lebar BB sempit (0.246%). Butuh min 1.0% untuk tutup fee & spread.
[2026-07-12 14:28:10] Keputusan analis: Wait
[2026-07-12 14:28:10] Validasi gagal / keputusan WAIT. Tidak ada eksekusi.
[2026-07-12 14:29:10] Siklus Menit Baru. Harga BTC Terakhir: $63856.01
[ANALIS] State: SIDEWAYS | EMA(13/34): $63853.1/$63826.9 | VWAP Sesi: $63920.13 | Vol Surge: 0.0x | BB50: [$63724.44 - $63880.31] | Tren 15m: BULLISH
[ANALIS-SIDEWAYS] WAIT - Lebar BB sempit (0.244%). Butuh min 1.0% untuk tutup fee & spread.
[2026-07-12 14:29:10] Keputusan analis: Wait
[2026-07-12 14:29:10] Validasi gagal / keputusan WAIT. Tidak ada eksekusi.
[2026-07-12 14:30:10] Siklus Menit Baru. Harga BTC Terakhir: $63865.45
[ANALIS] State: SIDEWAYS | EMA(13/34): $63856.0/$63828.3 | VWAP Sesi: $63920.11 | Vol Surge: 0.0x | BB50: [$63724.08 - $63884.43] | Tren 15m: BULLISH
[ANALIS-SIDEWAYS] WAIT - Lebar BB sempit (0.251%). Butuh min 1.0% untuk tutup fee & spread.
[2026-07-12 14:30:10] Keputusan analis: Wait
[2026-07-12 14:30:10] Validasi gagal / keputusan WAIT. Tidak ada eksekusi.
[2026-07-12 14:31:11] Siklus Menit Baru. Harga BTC Terakhir: $63867.99
[ANALIS] State: SIDEWAYS | EMA(13/34): $63858.0/$63831.3 | VWAP Sesi: $63920.08 | Vol Surge: 0.0x | BB50: [$63725.42 - $63887.64] | Tren 15m: BULLISH
[ANALIS-SIDEWAYS] WAIT - Lebar BB sempit (0.254%). Butuh min 1.0% untuk tutup fee & spread.
[2026-07-12 14:31:11] Keputusan analis: Wait
[2026-07-12 14:31:11] Validasi gagal / keputusan WAIT. Tidak ada eksekusi.
[2026-07-12 14:32:11] Siklus Menit Baru. Harga BTC Terakhir: $63890.99
[ANALIS] State: SIDEWAYS | EMA(13/34): $63865.2/$63835.9 | VWAP Sesi: $63920.02 | Vol Surge: 0.3x | BB50: [$63724.38 - $63894.40] | Tren 15m: BULLISH
[ANALIS-SIDEWAYS] WAIT - Lebar BB sempit (0.266%). Butuh min 1.0% untuk tutup fee & spread.
[2026-07-12 14:32:11] Keputusan analis: Wait
[2026-07-12 14:32:11] Validasi gagal / keputusan WAIT. Tidak ada eksekusi.
[2026-07-12 14:33:11] Siklus Menit Baru. Harga BTC Terakhir: $63890.76
[ANALIS] State: SIDEWAYS | EMA(13/34): $63868.8/$63839.2 | VWAP Sesi: $63919.83 | Vol Surge: 1.1x | BB50: [$63724.59 - $63899.03] | Tren 15m: BULLISH
[ANALIS-SIDEWAYS] WAIT - Lebar BB sempit (0.273%). Butuh min 1.0% untuk tutup fee & spread.
[2026-07-12 14:33:11] Keputusan analis: Wait
[2026-07-12 14:33:11] Validasi gagal / keputusan WAIT. Tidak ada eksekusi.
[2026-07-12 14:34:11] Siklus Menit Baru. Harga BTC Terakhir: $63877.78
[ANALIS] State: SIDEWAYS | EMA(13/34): $63868.8/$63842.0 | VWAP Sesi: $63919.55 | Vol Surge: 0.7x | BB50: [$63725.95 - $63901.39] | Tren 15m: BULLISH
[ANALIS-SIDEWAYS] WAIT - Lebar BB sempit (0.275%). Butuh min 1.0% untuk tutup fee & spread.
[2026-07-12 14:34:11] Keputusan analis: Wait
[2026-07-12 14:34:11] Validasi gagal / keputusan WAIT. Tidak ada eksekusi.
[2026-07-12 14:35:11] Siklus Menit Baru. Harga BTC Terakhir: $63890.03
[ANALIS] State: SIDEWAYS | EMA(13/34): $63873.5/$63846.2 | VWAP Sesi: $63919.44 | Vol Surge: 0.3x | BB50: [$63724.90 - $63906.78] | Tren 15m: BULLISH
[ANALIS-SIDEWAYS] WAIT - Lebar BB sempit (0.285%). Butuh min 1.0% untuk tutup fee & spread.
[2026-07-12 14:35:11] Keputusan analis: Wait
[2026-07-12 14:35:11] Validasi gagal / keputusan WAIT. Tidak ada eksekusi.
[2026-07-12 14:36:12] Siklus Menit Baru. Harga BTC Terakhir: $63868.55
[ANALIS] State: SIDEWAYS | EMA(13/34): $63870.3/$63846.1 | VWAP Sesi: $63919.14 | Vol Surge: 0.8x | BB50: [$63725.62 - $63907.62] | Tren 15m: BULLISH
[ANALIS-SIDEWAYS] WAIT - Lebar BB sempit (0.285%). Butuh min 1.0% untuk tutup fee & spread.
[2026-07-12 14:36:12] Keputusan analis: Wait
[2026-07-12 14:36:12] Validasi gagal / keputusan WAIT. Tidak ada eksekusi.
[2026-07-12 14:37:12] Siklus Menit Baru. Harga BTC Terakhir: $63865.23
[ANALIS] State: SIDEWAYS | EMA(13/34): $63869.2/$63847.2 | VWAP Sesi: $63919.09 | Vol Surge: 0.0x | BB50: [$63725.99 - $63909.57] | Tren 15m: BULLISH
[ANALIS-SIDEWAYS] WAIT - Lebar BB sempit (0.287%). Butuh min 1.0% untuk tutup fee & spread.
[2026-07-12 14:37:12] Keputusan analis: Wait
[2026-07-12 14:37:12] Validasi gagal / keputusan WAIT. Tidak ada eksekusi.
[2026-07-12 14:38:12] Siklus Menit Baru. Harga BTC Terakhir: $63865.24
[ANALIS] State: SIDEWAYS | EMA(13/34): $63868.6/$63848.2 | VWAP Sesi: $63919.08 | Vol Surge: 0.0x | BB50: [$63726.24 - $63911.62] | Tren 15m: BEARISH
[ANALIS-SIDEWAYS] WAIT - Lebar BB sempit (0.290%). Butuh min 1.0% untuk tutup fee & spread.
[2026-07-12 14:38:12] Keputusan analis: Wait
[2026-07-12 14:38:12] Validasi gagal / keputusan WAIT. Tidak ada eksekusi.
[2026-07-12 14:39:12] Siklus Menit Baru. Harga BTC Terakhir: $63850.56
[ANALIS] State: SIDEWAYS | EMA(13/34): $63864.2/$63846.0 | VWAP Sesi: $63919.05 | Vol Surge: 0.0x | BB50: [$63726.96 - $63912.07] | Tren 15m: BEARISH
[ANALIS-SIDEWAYS] WAIT - Lebar BB sempit (0.290%). Butuh min 1.0% untuk tutup fee & spread.
[2026-07-12 14:39:12] Keputusan analis: Wait
[2026-07-12 14:39:12] Validasi gagal / keputusan WAIT. Tidak ada eksekusi.
[2026-07-12 14:40:12] Siklus Menit Baru. Harga BTC Terakhir: $63852.74
[ANALIS] State: SIDEWAYS | EMA(13/34): $63862.8/$63844.8 | VWAP Sesi: $63919.02 | Vol Surge: 0.0x | BB50: [$63728.82 - $63913.33] | Tren 15m: BEARISH
[ANALIS-SIDEWAYS] WAIT - Lebar BB sempit (0.289%). Butuh min 1.0% untuk tutup fee & spread.
[2026-07-12 14:40:12] Keputusan analis: Wait
[2026-07-12 14:40:12] Validasi gagal / keputusan WAIT. Tidak ada eksekusi.
[2026-07-12 14:41:12] Siklus Menit Baru. Harga BTC Terakhir: $63861.06
[ANALIS] State: SIDEWAYS | EMA(13/34): $63863.6/$63845.4 | VWAP Sesi: $63919.01 | Vol Surge: 0.0x | BB50: [$63733.02 - $63914.11] | Tren 15m: BEARISH
[ANALIS-SIDEWAYS] WAIT - Lebar BB sempit (0.284%). Butuh min 1.0% untuk tutup fee & spread.
[2026-07-12 14:41:12] Keputusan analis: Wait
[2026-07-12 14:41:12] Validasi gagal / keputusan WAIT. Tidak ada eksekusi.
[2026-07-12 14:42:13] Siklus Menit Baru. Harga BTC Terakhir: $63861.05
[ANALIS] State: SIDEWAYS | EMA(13/34): $63864.1/$63848.2 | VWAP Sesi: $63918.97 | Vol Surge: 0.4x | BB50: [$63738.89 - $63913.72] | Tren 15m: BEARISH
[ANALIS-SIDEWAYS] WAIT - Lebar BB sempit (0.274%). Butuh min 1.0% untuk tutup fee & spread.
[2026-07-12 14:42:13] Keputusan analis: Wait
[2026-07-12 14:42:13] Validasi gagal / keputusan WAIT. Tidak ada eksekusi.
[2026-07-12 14:43:13] Siklus Menit Baru. Harga BTC Terakhir: $63861.05
[ANALIS] State: SIDEWAYS | EMA(13/34): $63863.7/$63849.4 | VWAP Sesi: $63918.96 | Vol Surge: 0.0x | BB50: [$63742.60 - $63914.11] | Tren 15m: BULLISH
[ANALIS-SIDEWAYS] WAIT - Lebar BB sempit (0.269%). Butuh min 1.0% untuk tutup fee & spread.
[2026-07-12 14:43:13] Keputusan analis: Wait
[2026-07-12 14:43:13] Validasi gagal / keputusan WAIT. Tidak ada eksekusi.
[2026-07-12 14:44:13] Siklus Menit Baru. Harga BTC Terakhir: $63860.61
[ANALIS] State: SIDEWAYS | EMA(13/34): $63862.5/$63848.9 | VWAP Sesi: $63918.89 | Vol Surge: 0.5x | BB50: [$63745.79 - $63914.38] | Tren 15m: BEARISH
[ANALIS-SIDEWAYS] WAIT - Lebar BB sempit (0.264%). Butuh min 1.0% untuk tutup fee & spread.
[2026-07-12 14:44:13] Keputusan analis: Wait
[2026-07-12 14:44:13] Validasi gagal / keputusan WAIT. Tidak ada eksekusi.
[2026-07-12 14:45:14] Siklus Menit Baru. Harga BTC Terakhir: $63863.62
[ANALIS] State: SIDEWAYS | EMA(13/34): $63863.8/$63850.9 | VWAP Sesi: $63918.82 | Vol Surge: 0.3x | BB50: [$63750.38 - $63914.62] | Tren 15m: BEARISH
[ANALIS-SIDEWAYS] WAIT - Lebar BB sempit (0.257%). Butuh min 1.0% untuk tutup fee & spread.
[2026-07-12 14:45:14] Keputusan analis: Wait
[2026-07-12 14:45:14] Validasi gagal / keputusan WAIT. Tidak ada eksekusi.
[2026-07-12 14:46:14] Siklus Menit Baru. Harga BTC Terakhir: $63860.01
[ANALIS] State: SIDEWAYS | EMA(13/34): $63862.8/$63851.2 | VWAP Sesi: $63918.81 | Vol Surge: 0.1x | BB50: [$63754.22 - $63914.41] | Tren 15m: BEARISH
[ANALIS-SIDEWAYS] WAIT - Lebar BB sempit (0.251%). Butuh min 1.0% untuk tutup fee & spread.
[2026-07-12 14:46:14] Keputusan analis: Wait
[2026-07-12 14:46:14] Validasi gagal / keputusan WAIT. Tidak ada eksekusi.
[2026-07-12 14:47:14] Siklus Menit Baru. Harga BTC Terakhir: $63858.45
[ANALIS] State: SIDEWAYS | EMA(13/34): $63862.2/$63851.7 | VWAP Sesi: $63918.78 | Vol Surge: 0.4x | BB50: [$63758.27 - $63914.08] | Tren 15m: BEARISH
[ANALIS-SIDEWAYS] WAIT - Lebar BB sempit (0.244%). Butuh min 1.0% untuk tutup fee & spread.
[2026-07-12 14:47:14] Keputusan analis: Wait
[2026-07-12 14:47:14] Validasi gagal / keputusan WAIT. Tidak ada eksekusi.
[2026-07-12 14:48:15] Siklus Menit Baru. Harga BTC Terakhir: $63859.99
[ANALIS] State: SIDEWAYS | EMA(13/34): $63861.9/$63852.0 | VWAP Sesi: $63918.77 | Vol Surge: 0.2x | BB50: [$63762.55 - $63913.57] | Tren 15m: BEARISH
[ANALIS-SIDEWAYS] WAIT - Lebar BB sempit (0.236%). Butuh min 1.0% untuk tutup fee & spread.
[2026-07-12 14:48:15] Keputusan analis: Wait
[2026-07-12 14:48:15] Validasi gagal / keputusan WAIT. Tidak ada eksekusi.
[2026-07-12 14:49:15] Siklus Menit Baru. Harga BTC Terakhir: $63859.99
[ANALIS] State: SIDEWAYS | EMA(13/34): $63861.6/$63852.1 | VWAP Sesi: $63918.76 | Vol Surge: 0.0x | BB50: [$63767.43 - $63912.59] | Tren 15m: BEARISH
[ANALIS-SIDEWAYS] WAIT - Lebar BB sempit (0.227%). Butuh min 1.0% untuk tutup fee & spread.
[2026-07-12 14:49:15] Keputusan analis: Wait
[2026-07-12 14:49:15] Validasi gagal / keputusan WAIT. Tidak ada eksekusi.
[2026-07-12 14:50:15] Siklus Menit Baru. Harga BTC Terakhir: $63861.34
[ANALIS] State: SIDEWAYS | EMA(13/34): $63864.0/$63853.6 | VWAP Sesi: $63918.61 | Vol Surge: 1.1x | BB50: [$63773.26 - $63911.81] | Tren 15m: BEARISH
[ANALIS-SIDEWAYS] WAIT - Lebar BB sempit (0.217%). Butuh min 1.0% untuk tutup fee & spread.
[2026-07-12 14:50:15] Keputusan analis: Wait
[2026-07-12 14:50:15] Validasi gagal / keputusan WAIT. Tidak ada eksekusi.
[2026-07-12 14:51:16] Siklus Menit Baru. Harga BTC Terakhir: $63846.85
[ANALIS] State: SIDEWAYS | EMA(13/34): $63860.3/$63853.5 | VWAP Sesi: $63918.55 | Vol Surge: 0.1x | BB50: [$63779.84 - $63908.52] | Tren 15m: BEARISH
[ANALIS-SIDEWAYS] WAIT - Lebar BB sempit (0.202%). Butuh min 1.0% untuk tutup fee & spread.
[2026-07-12 14:51:16] Keputusan analis: Wait
[2026-07-12 14:51:16] Validasi gagal / keputusan WAIT. Tidak ada eksekusi.
[2026-07-12 14:52:16] Siklus Menit Baru. Harga BTC Terakhir: $63876.00
[ANALIS] State: SIDEWAYS | EMA(13/34): $63865.0/$63856.1 | VWAP Sesi: $63918.52 | Vol Surge: 0.2x | BB50: [$63785.05 - $63908.36] | Tren 15m: BULLISH
[ANALIS-SIDEWAYS] WAIT - Lebar BB sempit (0.193%). Butuh min 1.0% untuk tutup fee & spread.
[2026-07-12 14:52:16] Keputusan analis: Wait
[2026-07-12 14:52:16] Validasi gagal / keputusan WAIT. Tidak ada eksekusi.
[2026-07-12 14:53:16] Siklus Menit Baru. Harga BTC Terakhir: $63860.60
[ANALIS] State: SIDEWAYS | EMA(13/34): $63862.5/$63856.3 | VWAP Sesi: $63918.38 | Vol Surge: 0.0x | BB50: [$63790.40 - $63905.86] | Tren 15m: BULLISH
[ANALIS-SIDEWAYS] WAIT - Lebar BB sempit (0.181%). Butuh min 1.0% untuk tutup fee & spread.
[2026-07-12 14:53:16] Keputusan analis: Wait
[2026-07-12 14:53:16] Validasi gagal / keputusan WAIT. Tidak ada eksekusi.
[2026-07-12 14:54:16] Siklus Menit Baru. Harga BTC Terakhir: $63860.10
[ANALIS] State: SIDEWAYS | EMA(13/34): $63862.2/$63857.1 | VWAP Sesi: $63918.33 | Vol Surge: 0.5x | BB50: [$63794.17 - $63904.89] | Tren 15m: BULLISH
[ANALIS-SIDEWAYS] WAIT - Lebar BB sempit (0.173%). Butuh min 1.0% untuk tutup fee & spread.
[2026-07-12 14:54:16] Keputusan analis: Wait
[2026-07-12 14:54:16] Validasi gagal / keputusan WAIT. Tidak ada eksekusi.
[2026-07-12 14:55:16] Siklus Menit Baru. Harga BTC Terakhir: $63879.99
[ANALIS] State: SIDEWAYS | EMA(13/34): $63867.9/$63860.0 | VWAP Sesi: $63917.83 | Vol Surge: 5.2x | BB50: [$63796.67 - $63906.63] | Tren 15m: BULLISH
[ANALIS-SIDEWAYS] WAIT - Lebar BB sempit (0.172%). Butuh min 1.0% untuk tutup fee & spread.
[2026-07-12 14:55:16] Keputusan analis: Wait
[2026-07-12 14:55:16] Validasi gagal / keputusan WAIT. Tidak ada eksekusi.
[2026-07-12 14:56:17] Siklus Menit Baru. Harga BTC Terakhir: $63886.70
[ANALIS] State: SIDEWAYS | EMA(13/34): $63873.4/$63862.6 | VWAP Sesi: $63917.93 | Vol Surge: 0.2x | BB50: [$63798.37 - $63909.14] | Tren 15m: BULLISH
[ANALIS-SIDEWAYS] WAIT - Lebar BB sempit (0.173%). Butuh min 1.0% untuk tutup fee & spread.
[2026-07-12 14:56:17] Keputusan analis: Wait
[2026-07-12 14:56:17] Validasi gagal / keputusan WAIT. Tidak ada eksekusi.
[2026-07-12 14:57:17] Siklus Menit Baru. Harga BTC Terakhir: $63889.92
[ANALIS] State: SIDEWAYS | EMA(13/34): $63877.1/$63864.8 | VWAP Sesi: $63917.91 | Vol Surge: 0.6x | BB50: [$63801.08 - $63910.46] | Tren 15m: BULLISH
[ANALIS-SIDEWAYS] WAIT - Lebar BB sempit (0.171%). Butuh min 1.0% untuk tutup fee & spread.
[2026-07-12 14:57:17] Keputusan analis: Wait
[2026-07-12 14:57:17] Validasi gagal / keputusan WAIT. Tidak ada eksekusi.
[2026-07-12 14:58:17] Siklus Menit Baru. Harga BTC Terakhir: $63892.49
[ANALIS] State: SIDEWAYS | EMA(13/34): $63879.6/$63866.6 | VWAP Sesi: $63917.84 | Vol Surge: 0.5x | BB50: [$63804.01 - $63911.22] | Tren 15m: BULLISH
[ANALIS-SIDEWAYS] WAIT - Lebar BB sempit (0.168%). Butuh min 1.0% untuk tutup fee & spread.
[2026-07-12 14:58:17] Keputusan analis: Wait
[2026-07-12 14:58:17] Validasi gagal / keputusan WAIT. Tidak ada eksekusi.
[2026-07-12 14:59:17] Siklus Menit Baru. Harga BTC Terakhir: $63892.03
[ANALIS] State: SIDEWAYS | EMA(13/34): $63882.6/$63868.6 | VWAP Sesi: $63917.75 | Vol Surge: 0.7x | BB50: [$63806.93 - $63912.30] | Tren 15m: BULLISH
[ANALIS-SIDEWAYS] WAIT - Lebar BB sempit (0.165%). Butuh min 1.0% untuk tutup fee & spread.
[2026-07-12 14:59:17] Keputusan analis: Wait
[2026-07-12 14:59:17] Validasi gagal / keputusan WAIT. Tidak ada eksekusi.
[2026-07-12 15:00:17] Siklus Menit Baru. Harga BTC Terakhir: $63885.28
[ANALIS] State: SIDEWAYS | EMA(13/34): $63882.2/$63869.2 | VWAP Sesi: $63917.66 | Vol Surge: 0.1x | BB50: [$63810.86 - $63911.41] | Tren 15m: BULLISH
[ANALIS-SIDEWAYS] WAIT - Lebar BB sempit (0.157%). Butuh min 1.0% untuk tutup fee & spread.
[2026-07-12 15:00:17] Keputusan analis: Wait
[2026-07-12 15:00:17] Validasi gagal / keputusan WAIT. Tidak ada eksekusi.
[2026-07-12 15:01:18] Siklus Menit Baru. Harga BTC Terakhir: $63901.49
[ANALIS] State: SIDEWAYS | EMA(13/34): $63884.8/$63871.1 | VWAP Sesi: $63917.61 | Vol Surge: 0.5x | BB50: [$63814.47 - $63911.71] | Tren 15m: BULLISH
[ANALIS-SIDEWAYS] WAIT - Lebar BB sempit (0.152%). Butuh min 1.0% untuk tutup fee & spread.
[2026-07-12 15:01:18] Keputusan analis: Wait
[2026-07-12 15:01:18] Validasi gagal / keputusan WAIT. Tidak ada eksekusi.
[2026-07-12 15:02:18] Siklus Menit Baru. Harga BTC Terakhir: $63904.92
[ANALIS] State: SIDEWAYS | EMA(13/34): $63888.1/$63873.2 | VWAP Sesi: $63917.60 | Vol Surge: 0.2x | BB50: [$63817.72 - $63912.56] | Tren 15m: BULLISH
[ANALIS-SIDEWAYS] WAIT - Lebar BB sempit (0.148%). Butuh min 1.0% untuk tutup fee & spread.
[2026-07-12 15:02:18] Keputusan analis: Wait
[2026-07-12 15:02:18] Validasi gagal / keputusan WAIT. Tidak ada eksekusi.
[2026-07-12 15:03:18] Siklus Menit Baru. Harga BTC Terakhir: $63937.16
[ANALIS] State: SIDEWAYS | EMA(13/34): $63899.8/$63879.9 | VWAP Sesi: $63917.65 | Vol Surge: 0.5x | BB50: [$63816.54 - $63920.53] | Tren 15m: BULLISH
[ANALIS-SIDEWAYS] WAIT - Lebar BB sempit (0.163%). Butuh min 1.0% untuk tutup fee & spread.
[2026-07-12 15:03:18] Keputusan analis: Wait
[2026-07-12 15:03:18] Validasi gagal / keputusan WAIT. Tidak ada eksekusi.
[2026-07-12 15:04:18] Siklus Menit Baru. Harga BTC Terakhir: $63930.42
[ANALIS] State: SIDEWAYS | EMA(13/34): $63904.9/$63882.7 | VWAP Sesi: $63917.69 | Vol Surge: 0.2x | BB50: [$63816.98 - $63924.56] | Tren 15m: BULLISH
[ANALIS-SIDEWAYS] WAIT - Lebar BB sempit (0.168%). Butuh min 1.0% untuk tutup fee & spread.
[2026-07-12 15:04:18] Keputusan analis: Wait
[2026-07-12 15:04:18] Validasi gagal / keputusan WAIT. Tidak ada eksekusi.
[2026-07-12 15:05:18] Siklus Menit Baru. Harga BTC Terakhir: $63920.00
[ANALIS] State: SIDEWAYS | EMA(13/34): $63905.8/$63883.9 | VWAP Sesi: $63917.69 | Vol Surge: 0.1x | BB50: [$63820.17 - $63925.07] | Tren 15m: BULLISH
[ANALIS-SIDEWAYS] WAIT - Lebar BB sempit (0.164%). Butuh min 1.0% untuk tutup fee & spread.
[2026-07-12 15:05:18] Keputusan analis: Wait
[2026-07-12 15:05:18] Validasi gagal / keputusan WAIT. Tidak ada eksekusi.
[2026-07-12 15:06:18] Siklus Menit Baru. Harga BTC Terakhir: $63928.54
[ANALIS] State: SIDEWAYS | EMA(13/34): $63909.0/$63886.5 | VWAP Sesi: $63917.69 | Vol Surge: 0.3x | BB50: [$63823.48 - $63926.55] | Tren 15m: BULLISH
[ANALIS-SIDEWAYS] WAIT - Lebar BB sempit (0.161%). Butuh min 1.0% untuk tutup fee & spread.
[2026-07-12 15:06:19] Keputusan analis: Wait
[2026-07-12 15:06:19] Validasi gagal / keputusan WAIT. Tidak ada eksekusi.
[2026-07-12 15:07:19] Siklus Menit Baru. Harga BTC Terakhir: $63945.48
[ANALIS] State: SIDEWAYS | EMA(13/34): $63915.6/$63892.5 | VWAP Sesi: $63917.75 | Vol Surge: 0.8x | BB50: [$63825.04 - $63930.79] | Tren 15m: BULLISH
[ANALIS-SIDEWAYS] WAIT - Lebar BB sempit (0.165%). Butuh min 1.0% untuk tutup fee & spread.
[2026-07-12 15:07:19] Keputusan analis: Wait
[2026-07-12 15:07:19] Validasi gagal / keputusan WAIT. Tidak ada eksekusi.
[2026-07-12 15:08:19] Siklus Menit Baru. Harga BTC Terakhir: $63979.04
[ANALIS] State: SIDEWAYS | EMA(13/34): $63926.7/$63897.7 | VWAP Sesi: $63917.96 | Vol Surge: 0.7x | BB50: [$63819.85 - $63941.80] | Tren 15m: BULLISH
[ANALIS-SIDEWAYS] WAIT - Lebar BB sempit (0.191%). Butuh min 1.0% untuk tutup fee & spread.
[2026-07-12 15:08:19] Keputusan analis: Wait
[2026-07-12 15:08:19] Validasi gagal / keputusan WAIT. Tidak ada eksekusi.
[2026-07-12 15:09:19] Siklus Menit Baru. Harga BTC Terakhir: $64025.60
[ANALIS] State: SIDEWAYS | EMA(13/34): $63950.9/$63909.5 | VWAP Sesi: $63919.26 | Vol Surge: 1.2x | BB50: [$63802.74 - $63969.78] | Tren 15m: BULLISH
[ANALIS-SIDEWAYS] WAIT - Lebar BB sempit (0.261%). Butuh min 1.0% untuk tutup fee & spread.
[2026-07-12 15:09:19] Keputusan analis: Wait
[2026-07-12 15:09:19] Validasi gagal / keputusan WAIT. Tidak ada eksekusi.
[2026-07-12 15:10:19] Siklus Menit Baru. Harga BTC Terakhir: $64001.03
[ANALIS] State: SIDEWAYS | EMA(13/34): $63957.4/$63916.0 | VWAP Sesi: $63919.54 | Vol Surge: 0.3x | BB50: [$63801.85 - $63977.02] | Tren 15m: BULLISH
[ANALIS-SIDEWAYS] WAIT - Lebar BB sempit (0.274%). Butuh min 1.0% untuk tutup fee & spread.
[2026-07-12 15:10:19] Keputusan analis: Wait
[2026-07-12 15:10:19] Validasi gagal / keputusan WAIT. Tidak ada eksekusi.
[2026-07-12 15:11:19] Siklus Menit Baru. Harga BTC Terakhir: $63998.00
[ANALIS] State: SIDEWAYS | EMA(13/34): $63961.5/$63919.7 | VWAP Sesi: $63919.70 | Vol Surge: 0.4x | BB50: [$63800.57 - $63982.96] | Tren 15m: BULLISH
[ANALIS-SIDEWAYS] WAIT - Lebar BB sempit (0.285%). Butuh min 1.0% untuk tutup fee & spread.
[2026-07-12 15:11:19] Keputusan analis: Wait
[2026-07-12 15:11:19] Validasi gagal / keputusan WAIT. Tidak ada eksekusi.
[2026-07-12 15:12:20] Siklus Menit Baru. Harga BTC Terakhir: $63987.20
[ANALIS] State: SIDEWAYS | EMA(13/34): $63964.9/$63923.9 | VWAP Sesi: $63920.05 | Vol Surge: 0.9x | BB50: [$63799.74 - $63988.67] | Tren 15m: BULLISH
[ANALIS-SIDEWAYS] WAIT - Lebar BB sempit (0.295%). Butuh min 1.0% untuk tutup fee & spread.
[2026-07-12 15:12:20] Keputusan analis: Wait
[2026-07-12 15:12:20] Validasi gagal / keputusan WAIT. Tidak ada eksekusi.
[2026-07-12 15:13:20] Siklus Menit Baru. Harga BTC Terakhir: $64002.00
[ANALIS] State: SIDEWAYS | EMA(13/34): $63974.0/$63930.6 | VWAP Sesi: $63920.63 | Vol Surge: 0.7x | BB50: [$63795.87 - $63998.99] | Tren 15m: BULLISH
[ANALIS-SIDEWAYS] WAIT - Lebar BB sempit (0.317%). Butuh min 1.0% untuk tutup fee & spread.
[2026-07-12 15:13:20] Keputusan analis: Wait
[2026-07-12 15:13:20] Validasi gagal / keputusan WAIT. Tidak ada eksekusi.
[2026-07-12 15:14:20] Siklus Menit Baru. Harga BTC Terakhir: $64059.31
[ANALIS] State: BULLISH | EMA(13/34): $63989.1/$63938.6 | VWAP Sesi: $63921.27 | Vol Surge: 0.6x | BB50: [$63788.44 - $64014.43] | Tren 15m: BULLISH
[DEBUG] EMA streak: 0 | EMA_FAST(13): 63989.11 | EMA_SLOW(34): 63938.59 | Selisih: 50.52
[ANALIS-TRENDING] Quant Golden Cross (EMA13 > EMA34), Di atas VWAP ($63921.27), & Tren 15m Bullish. Sinyal BUY.
[QPS-RISK] Sharpe: -0.61 | Full Kelly: -45124.9% | Rekomendasi Alokasi: -11281.2%
[QPS-RISK] Sharpe negatif. Memblokir entry Trending untuk perlindungan modal.
[2026-07-12 15:14:20] Keputusan analis: Wait
[2026-07-12 15:14:20] Validasi gagal / keputusan WAIT. Tidak ada eksekusi.
[2026-07-12 15:15:20] Siklus Menit Baru. Harga BTC Terakhir: $64044.00
[ANALIS] State: BULLISH | EMA(13/34): $63995.9/$63944.1 | VWAP Sesi: $63922.34 | Vol Surge: 2.2x | BB50: [$63786.14 - $64023.37] | Tren 15m: BULLISH
[DEBUG] EMA streak: 0 | EMA_FAST(13): 63995.95 | EMA_SLOW(34): 63944.06 | Selisih: 51.89
[ANALIS-TRENDING] Quant Golden Cross (EMA13 > EMA34), Di atas VWAP ($63922.34), & Tren 15m Bullish. Sinyal BUY.
[QPS-RISK] Sharpe: -0.61 | Full Kelly: -45124.9% | Rekomendasi Alokasi: -11281.2%
[QPS-RISK] Sharpe negatif. Memblokir entry Trending untuk perlindungan modal.
[2026-07-12 15:15:20] Keputusan analis: Wait
[2026-07-12 15:15:20] Validasi gagal / keputusan WAIT. Tidak ada eksekusi.
[2026-07-12 15:16:21] Siklus Menit Baru. Harga BTC Terakhir: $64077.17
[ANALIS] State: BULLISH | EMA(13/34): $64008.2/$63951.9 | VWAP Sesi: $63923.32 | Vol Surge: 1.0x | BB50: [$63781.04 - $64037.10] | Tren 15m: BULLISH
[DEBUG] EMA streak: 0 | EMA_FAST(13): 64008.15 | EMA_SLOW(34): 63951.89 | Selisih: 56.26
[ANALIS-TRENDING] Quant Golden Cross (EMA13 > EMA34), Di atas VWAP ($63923.32), & Tren 15m Bullish. Sinyal BUY.
[QPS-RISK] Sharpe: -0.61 | Full Kelly: -45124.9% | Rekomendasi Alokasi: -11281.2%
[QPS-RISK] Sharpe negatif. Memblokir entry Trending untuk perlindungan modal.
[2026-07-12 15:16:21] Keputusan analis: Wait
[2026-07-12 15:16:21] Validasi gagal / keputusan WAIT. Tidak ada eksekusi.
[2026-07-12 15:17:21] Siklus Menit Baru. Harga BTC Terakhir: $64070.57
[ANALIS] State: BULLISH | EMA(13/34): $64019.5/$63959.2 | VWAP Sesi: $63924.23 | Vol Surge: 1.1x | BB50: [$63776.51 - $64050.62] | Tren 15m: BULLISH
[DEBUG] EMA streak: 0 | EMA_FAST(13): 64019.51 | EMA_SLOW(34): 63959.22 | Selisih: 60.29
[ANALIS-TRENDING] Quant Golden Cross (EMA13 > EMA34), Di atas VWAP ($63924.23), & Tren 15m Bullish. Sinyal BUY.
[QPS-RISK] Sharpe: -0.61 | Full Kelly: -45124.9% | Rekomendasi Alokasi: -11281.2%
[QPS-RISK] Sharpe negatif. Memblokir entry Trending untuk perlindungan modal.
[2026-07-12 15:17:21] Keputusan analis: Wait
[2026-07-12 15:17:21] Validasi gagal / keputusan WAIT. Tidak ada eksekusi.
[2026-07-12 15:18:21] Siklus Menit Baru. Harga BTC Terakhir: $64036.01
[ANALIS] State: BULLISH | EMA(13/34): $64019.6/$63963.1 | VWAP Sesi: $63924.53 | Vol Surge: 0.5x | BB50: [$63778.07 - $64055.53] | Tren 15m: BULLISH
[DEBUG] EMA streak: 0 | EMA_FAST(13): 64019.65 | EMA_SLOW(34): 63963.13 | Selisih: 56.52
[ANALIS-TRENDING] WAIT - Volume terlalu rendah (0.5x). Min 0.5x rata-rata untuk entry.
[2026-07-12 15:18:21] Keputusan analis: Wait
[2026-07-12 15:18:21] Validasi gagal / keputusan WAIT. Tidak ada eksekusi.
[2026-07-12 15:19:21] Siklus Menit Baru. Harga BTC Terakhir: $64013.18
[ANALIS] State: BULLISH | EMA(13/34): $64015.9/$63964.9 | VWAP Sesi: $63924.74 | Vol Surge: 0.2x | BB50: [$63780.16 - $64058.44] | Tren 15m: BULLISH
[DEBUG] EMA streak: 0 | EMA_FAST(13): 64015.93 | EMA_SLOW(34): 63964.89 | Selisih: 51.04
[ANALIS-TRENDING] WAIT - Volume terlalu rendah (0.2x). Min 0.5x rata-rata untuk entry.
[2026-07-12 15:19:21] Keputusan analis: Wait
[2026-07-12 15:19:21] Validasi gagal / keputusan WAIT. Tidak ada eksekusi.
[2026-07-12 15:20:22] Siklus Menit Baru. Harga BTC Terakhir: $64012.01
[ANALIS] State: BULLISH | EMA(13/34): $64014.9/$63968.4 | VWAP Sesi: $63924.93 | Vol Surge: 0.1x | BB50: [$63781.57 - $64062.63] | Tren 15m: BULLISH
[DEBUG] EMA streak: 0 | EMA_FAST(13): 64014.91 | EMA_SLOW(34): 63968.44 | Selisih: 46.48
[ANALIS-TRENDING] WAIT - Volume terlalu rendah (0.1x). Min 0.5x rata-rata untuk entry.
[2026-07-12 15:20:22] Keputusan analis: Wait
[2026-07-12 15:20:22] Validasi gagal / keputusan WAIT. Tidak ada eksekusi.
[2026-07-12 15:21:22] Siklus Menit Baru. Harga BTC Terakhir: $64012.01
[ANALIS] State: BULLISH | EMA(13/34): $64014.5/$63971.1 | VWAP Sesi: $63925.01 | Vol Surge: 0.1x | BB50: [$63782.18 - $64066.98] | Tren 15m: BULLISH
[DEBUG] EMA streak: 0 | EMA_FAST(13): 64014.50 | EMA_SLOW(34): 63971.08 | Selisih: 43.42
[ANALIS-TRENDING] WAIT - Volume terlalu rendah (0.1x). Min 0.5x rata-rata untuk entry.
[2026-07-12 15:21:22] Keputusan analis: Wait
[2026-07-12 15:21:22] Validasi gagal / keputusan WAIT. Tidak ada eksekusi.
[2026-07-12 15:22:22] Siklus Menit Baru. Harga BTC Terakhir: $64008.01
[ANALIS] State: BULLISH | EMA(13/34): $64013.6/$63972.6 | VWAP Sesi: $63925.13 | Vol Surge: 0.3x | BB50: [$63782.97 - $64070.87] | Tren 15m: BULLISH
[DEBUG] EMA streak: 0 | EMA_FAST(13): 64013.56 | EMA_SLOW(34): 63972.59 | Selisih: 40.97
[ANALIS-TRENDING] WAIT - Volume terlalu rendah (0.3x). Min 0.5x rata-rata untuk entry.
[2026-07-12 15:22:22] Keputusan analis: Wait
[2026-07-12 15:22:22] Validasi gagal / keputusan WAIT. Tidak ada eksekusi.
[2026-07-12 15:23:22] Siklus Menit Baru. Harga BTC Terakhir: $64012.01
[ANALIS] State: BULLISH | EMA(13/34): $64013.8/$63975.7 | VWAP Sesi: $63925.20 | Vol Surge: 0.1x | BB50: [$63784.23 - $64075.07] | Tren 15m: BEARISH
[DEBUG] EMA streak: 0 | EMA_FAST(13): 64013.84 | EMA_SLOW(34): 63975.68 | Selisih: 38.16
[2026-07-12 15:23:22] Keputusan analis: Wait
[2026-07-12 15:23:22] Validasi gagal / keputusan WAIT. Tidak ada eksekusi.
[2026-07-12 15:24:22] Siklus Menit Baru. Harga BTC Terakhir: $64012.01
[ANALIS] State: BULLISH | EMA(13/34): $64013.6/$63976.6 | VWAP Sesi: $63925.27 | Vol Surge: 0.1x | BB50: [$63785.27 - $64078.86] | Tren 15m: BEARISH
[DEBUG] EMA streak: 0 | EMA_FAST(13): 64013.57 | EMA_SLOW(34): 63976.63 | Selisih: 36.94
[2026-07-12 15:24:22] Keputusan analis: Wait
[2026-07-12 15:24:22] Validasi gagal / keputusan WAIT. Tidak ada eksekusi.
[2026-07-12 15:25:23] Siklus Menit Baru. Harga BTC Terakhir: $64012.01
[ANALIS] State: BULLISH | EMA(13/34): $64013.3/$63978.4 | VWAP Sesi: $63925.35 | Vol Surge: 0.2x | BB50: [$63787.52 - $64082.28] | Tren 15m: BULLISH
[DEBUG] EMA streak: 0 | EMA_FAST(13): 64013.35 | EMA_SLOW(34): 63978.40 | Selisih: 34.95
[ANALIS-TRENDING] WAIT - Volume terlalu rendah (0.2x). Min 0.5x rata-rata untuk entry.
[2026-07-12 15:25:23] Keputusan analis: Wait
[2026-07-12 15:25:23] Validasi gagal / keputusan WAIT. Tidak ada eksekusi.
[2026-07-12 15:26:23] Siklus Menit Baru. Harga BTC Terakhir: $64004.00
[ANALIS] State: BULLISH | EMA(13/34): $64012.0/$63979.9 | VWAP Sesi: $63925.42 | Vol Surge: 0.2x | BB50: [$63790.43 - $64084.93] | Tren 15m: BULLISH
[DEBUG] EMA streak: 0 | EMA_FAST(13): 64012.01 | EMA_SLOW(34): 63979.86 | Selisih: 32.15
[ANALIS-TRENDING] WAIT - Volume terlalu rendah (0.2x). Min 0.5x rata-rata untuk entry.
[2026-07-12 15:26:23] Keputusan analis: Wait
[2026-07-12 15:26:23] Validasi gagal / keputusan WAIT. Tidak ada eksekusi.
[2026-07-12 15:27:23] Siklus Menit Baru. Harga BTC Terakhir: $64009.62
[ANALIS] State: BULLISH | EMA(13/34): $64012.0/$63981.0 | VWAP Sesi: $63925.51 | Vol Surge: 0.1x | BB50: [$63793.40 - $64087.85] | Tren 15m: BEARISH
[DEBUG] EMA streak: 0 | EMA_FAST(13): 64012.03 | EMA_SLOW(34): 63980.95 | Selisih: 31.08
[2026-07-12 15:27:23] Keputusan analis: Wait
[2026-07-12 15:27:23] Validasi gagal / keputusan WAIT. Tidak ada eksekusi.
[2026-07-12 15:28:23] Siklus Menit Baru. Harga BTC Terakhir: $64009.62
[ANALIS] State: BULLISH | EMA(13/34): $64011.7/$63982.7 | VWAP Sesi: $63925.59 | Vol Surge: 0.2x | BB50: [$63797.63 - $64089.98] | Tren 15m: BEARISH
[DEBUG] EMA streak: 0 | EMA_FAST(13): 64011.68 | EMA_SLOW(34): 63982.70 | Selisih: 28.98
[2026-07-12 15:28:23] Keputusan analis: Wait
[2026-07-12 15:28:23] Validasi gagal / keputusan WAIT. Tidak ada eksekusi.
[2026-07-12 15:29:23] Siklus Menit Baru. Harga BTC Terakhir: $64000.01
[ANALIS] State: BULLISH | EMA(13/34): $64008.8/$63983.6 | VWAP Sesi: $63925.70 | Vol Surge: 0.4x | BB50: [$63802.23 - $64090.89] | Tren 15m: BEARISH
[DEBUG] EMA streak: 0 | EMA_FAST(13): 64008.84 | EMA_SLOW(34): 63983.61 | Selisih: 25.23
[2026-07-12 15:29:23] Keputusan analis: Wait
[2026-07-12 15:29:23] Validasi gagal / keputusan WAIT. Tidak ada eksekusi.
[2026-07-12 15:30:23] Siklus Menit Baru. Harga BTC Terakhir: $64000.00
[ANALIS] State: BULLISH | EMA(13/34): $64007.6/$63984.9 | VWAP Sesi: $63925.79 | Vol Surge: 0.1x | BB50: [$63806.35 - $64092.32] | Tren 15m: BEARISH
[DEBUG] EMA streak: 0 | EMA_FAST(13): 64007.58 | EMA_SLOW(34): 63984.92 | Selisih: 22.67
[2026-07-12 15:30:23] Keputusan analis: Wait
[2026-07-12 15:30:23] Validasi gagal / keputusan WAIT. Tidak ada eksekusi.
[2026-07-12 15:31:24] Siklus Menit Baru. Harga BTC Terakhir: $64000.00
[ANALIS] State: BULLISH | EMA(13/34): $64006.5/$63985.4 | VWAP Sesi: $63925.88 | Vol Surge: 0.0x | BB50: [$63810.23 - $64093.73] | Tren 15m: BEARISH
[DEBUG] EMA streak: 0 | EMA_FAST(13): 64006.50 | EMA_SLOW(34): 63985.41 | Selisih: 21.09
[2026-07-12 15:31:24] Keputusan analis: Wait
[2026-07-12 15:31:24] Validasi gagal / keputusan WAIT. Tidak ada eksekusi.
[2026-07-12 15:32:24] Siklus Menit Baru. Harga BTC Terakhir: $64003.65
[ANALIS] State: BULLISH | EMA(13/34): $64007.2/$63986.6 | VWAP Sesi: $63925.96 | Vol Surge: 0.2x | BB50: [$63814.71 - $64095.30] | Tren 15m: BEARISH
[DEBUG] EMA streak: 0 | EMA_FAST(13): 64007.17 | EMA_SLOW(34): 63986.62 | Selisih: 20.56
[2026-07-12 15:32:24] Keputusan analis: Wait
[2026-07-12 15:32:24] Validasi gagal / keputusan WAIT. Tidak ada eksekusi.
[2026-07-12 15:33:24] Siklus Menit Baru. Harga BTC Terakhir: $64008.83
[ANALIS] State: BULLISH | EMA(13/34): $64007.0/$63988.5 | VWAP Sesi: $63926.13 | Vol Surge: 0.6x | BB50: [$63819.98 - $64096.04] | Tren 15m: BEARISH
[DEBUG] EMA streak: 0 | EMA_FAST(13): 64006.97 | EMA_SLOW(34): 63988.48 | Selisih: 18.49
[2026-07-12 15:33:24] Keputusan analis: Wait
[2026-07-12 15:33:24] Validasi gagal / keputusan WAIT. Tidak ada eksekusi.
[2026-07-12 15:34:24] Siklus Menit Baru. Harga BTC Terakhir: $64008.83
[ANALIS] State: BULLISH | EMA(13/34): $64007.2/$63989.1 | VWAP Sesi: $63926.47 | Vol Surge: 0.7x | BB50: [$63824.37 - $64097.20] | Tren 15m: BEARISH
[DEBUG] EMA streak: 0 | EMA_FAST(13): 64007.23 | EMA_SLOW(34): 63989.11 | Selisih: 18.12
[2026-07-12 15:34:24] Keputusan analis: Wait
[2026-07-12 15:34:24] Validasi gagal / keputusan WAIT. Tidak ada eksekusi.
[2026-07-12 15:35:24] Siklus Menit Baru. Harga BTC Terakhir: $64008.84
[ANALIS] State: BULLISH | EMA(13/34): $64007.5/$63990.2 | VWAP Sesi: $63926.81 | Vol Surge: 0.7x | BB50: [$63829.80 - $64097.72] | Tren 15m: BEARISH
[DEBUG] EMA streak: 0 | EMA_FAST(13): 64007.46 | EMA_SLOW(34): 63990.24 | Selisih: 17.22
[2026-07-12 15:35:24] Keputusan analis: Wait
[2026-07-12 15:35:24] Validasi gagal / keputusan WAIT. Tidak ada eksekusi.
[2026-07-12 15:36:24] Siklus Menit Baru. Harga BTC Terakhir: $64008.83
[ANALIS] State: BULLISH | EMA(13/34): $64007.7/$63991.2 | VWAP Sesi: $63927.16 | Vol Surge: 0.7x | BB50: [$63835.55 - $64097.93] | Tren 15m: BEARISH
[DEBUG] EMA streak: 0 | EMA_FAST(13): 64007.65 | EMA_SLOW(34): 63991.22 | Selisih: 16.44
[2026-07-12 15:36:24] Keputusan analis: Wait
[2026-07-12 15:36:24] Validasi gagal / keputusan WAIT. Tidak ada eksekusi.
[2026-07-12 15:37:25] Siklus Menit Baru. Harga BTC Terakhir: $64008.84
[ANALIS] State: BULLISH | EMA(13/34): $64007.2/$63992.0 | VWAP Sesi: $63927.51 | Vol Surge: 0.7x | BB50: [$63841.78 - $64097.50] | Tren 15m: BEARISH
[DEBUG] EMA streak: 0 | EMA_FAST(13): 64007.19 | EMA_SLOW(34): 63992.03 | Selisih: 15.16
[2026-07-12 15:37:25] Keputusan analis: Wait
[2026-07-12 15:37:25] Validasi gagal / keputusan WAIT. Tidak ada eksekusi.
[2026-07-12 15:38:25] Siklus Menit Baru. Harga BTC Terakhir: $64000.01
[ANALIS] State: BULLISH | EMA(13/34): $64006.2/$63993.5 | VWAP Sesi: $63927.90 | Vol Surge: 0.8x | BB50: [$63848.23 - $64096.66] | Tren 15m: BEARISH
[DEBUG] EMA streak: 0 | EMA_FAST(13): 64006.17 | EMA_SLOW(34): 63993.54 | Selisih: 12.63
[2026-07-12 15:38:25] Keputusan analis: Wait
[2026-07-12 15:38:25] Validasi gagal / keputusan WAIT. Tidak ada eksekusi.
[2026-07-12 15:39:25] Siklus Menit Baru. Harga BTC Terakhir: $64000.00
[ANALIS] State: BULLISH | EMA(13/34): $64005.4/$63992.4 | VWAP Sesi: $63928.22 | Vol Surge: 0.7x | BB50: [$63853.26 - $64096.46] | Tren 15m: BEARISH
[DEBUG] EMA streak: 0 | EMA_FAST(13): 64005.38 | EMA_SLOW(34): 63992.41 | Selisih: 12.96
[2026-07-12 15:39:25] Keputusan analis: Wait
[2026-07-12 15:39:25] Validasi gagal / keputusan WAIT. Tidak ada eksekusi.
[2026-07-12 15:40:25] Siklus Menit Baru. Harga BTC Terakhir: $64003.81
[ANALIS] State: BULLISH | EMA(13/34): $64005.6/$63994.1 | VWAP Sesi: $63928.56 | Vol Surge: 0.6x | BB50: [$63861.38 - $64094.61] | Tren 15m: BEARISH
[DEBUG] EMA streak: 0 | EMA_FAST(13): 64005.62 | EMA_SLOW(34): 63994.13 | Selisih: 11.49
[2026-07-12 15:40:25] Keputusan analis: Wait
[2026-07-12 15:40:25] Validasi gagal / keputusan WAIT. Tidak ada eksekusi.
[2026-07-12 15:41:25] Siklus Menit Baru. Harga BTC Terakhir: $64000.01
[ANALIS] State: BULLISH | EMA(13/34): $64004.4/$63993.9 | VWAP Sesi: $63928.86 | Vol Surge: 0.6x | BB50: [$63868.26 - $64092.89] | Tren 15m: BEARISH
[DEBUG] EMA streak: 0 | EMA_FAST(13): 64004.35 | EMA_SLOW(34): 63993.91 | Selisih: 10.44
[2026-07-12 15:41:25] Keputusan analis: Wait
[2026-07-12 15:41:25] Validasi gagal / keputusan WAIT. Tidak ada eksekusi.
[2026-07-12 15:42:26] Siklus Menit Baru. Harga BTC Terakhir: $64000.01
[ANALIS] State: SIDEWAYS | EMA(13/34): $64003.7/$63994.3 | VWAP Sesi: $63929.18 | Vol Surge: 0.7x | BB50: [$63876.30 - $64090.43] | Tren 15m: BEARISH
[ANALIS-SIDEWAYS] WAIT - Lebar BB sempit (0.335%). Butuh min 1.0% untuk tutup fee & spread.
[2026-07-12 15:42:26] Keputusan analis: Wait
[2026-07-12 15:42:26] Validasi gagal / keputusan WAIT. Tidak ada eksekusi.
[2026-07-12 15:43:26] Siklus Menit Baru. Harga BTC Terakhir: $64000.16
[ANALIS] State: SIDEWAYS | EMA(13/34): $64003.2/$63995.9 | VWAP Sesi: $63929.50 | Vol Surge: 0.7x | BB50: [$63884.92 - $64087.39] | Tren 15m: BULLISH
[ANALIS-SIDEWAYS] WAIT - Lebar BB sempit (0.316%). Butuh min 1.0% untuk tutup fee & spread.
[2026-07-12 15:43:26] Keputusan analis: Wait
[2026-07-12 15:43:26] Validasi gagal / keputusan WAIT. Tidak ada eksekusi.
[2026-07-12 15:44:26] Siklus Menit Baru. Harga BTC Terakhir: $64013.52
[ANALIS] State: SIDEWAYS | EMA(13/34): $64005.5/$63998.2 | VWAP Sesi: $63930.05 | Vol Surge: 1.3x | BB50: [$63891.39 - $64086.26] | Tren 15m: BULLISH
[ANALIS-SIDEWAYS] WAIT - Lebar BB sempit (0.304%). Butuh min 1.0% untuk tutup fee & spread.
[2026-07-12 15:44:26] Keputusan analis: Wait
[2026-07-12 15:44:26] Validasi gagal / keputusan WAIT. Tidak ada eksekusi.
[2026-07-12 15:45:26] Siklus Menit Baru. Harga BTC Terakhir: $64015.38
[ANALIS] State: SIDEWAYS | EMA(13/34): $64007.1/$63999.0 | VWAP Sesi: $63930.66 | Vol Surge: 0.7x | BB50: [$63896.53 - $64085.69] | Tren 15m: BULLISH
[ANALIS-SIDEWAYS] WAIT - Lebar BB sempit (0.295%). Butuh min 1.0% untuk tutup fee & spread.
[2026-07-12 15:45:26] Keputusan analis: Wait
[2026-07-12 15:45:26] Validasi gagal / keputusan WAIT. Tidak ada eksekusi.
[2026-07-12 15:46:26] Siklus Menit Baru. Harga BTC Terakhir: $64004.18
[ANALIS] State: SIDEWAYS | EMA(13/34): $64005.1/$63998.3 | VWAP Sesi: $63930.92 | Vol Surge: 0.4x | BB50: [$63902.40 - $64083.57] | Tren 15m: BEARISH
[ANALIS-SIDEWAYS] WAIT - Lebar BB sempit (0.283%). Butuh min 1.0% untuk tutup fee & spread.
[2026-07-12 15:46:26] Keputusan analis: Wait
[2026-07-12 15:46:26] Validasi gagal / keputusan WAIT. Tidak ada eksekusi.
[2026-07-12 15:47:27] Siklus Menit Baru. Harga BTC Terakhir: $64000.00
[ANALIS] State: SIDEWAYS | EMA(13/34): $64004.4/$63998.9 | VWAP Sesi: $63931.20 | Vol Surge: 0.7x | BB50: [$63909.21 - $64081.06] | Tren 15m: BEARISH
[ANALIS-SIDEWAYS] WAIT - Lebar BB sempit (0.269%). Butuh min 1.0% untuk tutup fee & spread.
[2026-07-12 15:47:27] Keputusan analis: Wait
[2026-07-12 15:47:27] Validasi gagal / keputusan WAIT. Tidak ada eksekusi.
[2026-07-12 15:48:27] Siklus Menit Baru. Harga BTC Terakhir: $63948.60
[ANALIS] State: SIDEWAYS | EMA(13/34): $63990.6/$63992.6 | VWAP Sesi: $63931.36 | Vol Surge: 0.2x | BB50: [$63911.34 - $64078.87] | Tren 15m: BEARISH
[ANALIS-SIDEWAYS] WAIT - Lebar BB sempit (0.262%). Butuh min 1.0% untuk tutup fee & spread.
[2026-07-12 15:48:27] Keputusan analis: Wait
[2026-07-12 15:48:27] Validasi gagal / keputusan WAIT. Tidak ada eksekusi.
[2026-07-12 15:49:27] Siklus Menit Baru. Harga BTC Terakhir: $63956.45
[ANALIS] State: SIDEWAYS | EMA(13/34): $63987.1/$63991.1 | VWAP Sesi: $63931.43 | Vol Surge: 0.3x | BB50: [$63918.75 - $64074.77] | Tren 15m: BEARISH
[ANALIS-SIDEWAYS] WAIT - Lebar BB sempit (0.244%). Butuh min 1.0% untuk tutup fee & spread.
[2026-07-12 15:49:27] Keputusan analis: Wait
[2026-07-12 15:49:27] Validasi gagal / keputusan WAIT. Tidak ada eksekusi.
[2026-07-12 15:50:27] Siklus Menit Baru. Harga BTC Terakhir: $63972.84
[ANALIS] State: SIDEWAYS | EMA(13/34): $63985.2/$63991.2 | VWAP Sesi: $63931.54 | Vol Surge: 0.6x | BB50: [$63927.17 - $64069.95] | Tren 15m: BEARISH
[ANALIS-SIDEWAYS] WAIT - Lebar BB sempit (0.223%). Butuh min 1.0% untuk tutup fee & spread.
[2026-07-12 15:50:27] Keputusan analis: Wait
[2026-07-12 15:50:27] Validasi gagal / keputusan WAIT. Tidak ada eksekusi.
[2026-07-12 15:51:27] Siklus Menit Baru. Harga BTC Terakhir: $63993.61
[ANALIS] State: SIDEWAYS | EMA(13/34): $63987.5/$63993.8 | VWAP Sesi: $63931.82 | Vol Surge: 0.6x | BB50: [$63934.54 - $64066.47] | Tren 15m: BEARISH
[ANALIS-SIDEWAYS] WAIT - Lebar BB sempit (0.206%). Butuh min 1.0% untuk tutup fee & spread.
[2026-07-12 15:51:27] Keputusan analis: Wait
[2026-07-12 15:51:27] Validasi gagal / keputusan WAIT. Tidak ada eksekusi.
[2026-07-12 15:52:27] Siklus Menit Baru. Harga BTC Terakhir: $64001.67
[ANALIS] State: SIDEWAYS | EMA(13/34): $63989.4/$63994.2 | VWAP Sesi: $63932.10 | Vol Surge: 0.6x | BB50: [$63937.69 - $64065.59] | Tren 15m: BEARISH
[ANALIS-SIDEWAYS] WAIT - Lebar BB sempit (0.200%). Butuh min 1.0% untuk tutup fee & spread.
[2026-07-12 15:52:27] Keputusan analis: Wait
[2026-07-12 15:52:27] Validasi gagal / keputusan WAIT. Tidak ada eksekusi.
[2026-07-12 15:53:28] Siklus Menit Baru. Harga BTC Terakhir: $63996.02
[ANALIS] State: SIDEWAYS | EMA(13/34): $63990.5/$63993.2 | VWAP Sesi: $63932.41 | Vol Surge: 0.5x | BB50: [$63941.02 - $64064.46] | Tren 15m: BEARISH
[ANALIS-SIDEWAYS] WAIT - Lebar BB sempit (0.193%). Butuh min 1.0% untuk tutup fee & spread.
[2026-07-12 15:53:28] Keputusan analis: Wait
[2026-07-12 15:53:28] Validasi gagal / keputusan WAIT. Tidak ada eksekusi.
[2026-07-12 15:54:28] Siklus Menit Baru. Harga BTC Terakhir: $63983.26
[ANALIS] State: SIDEWAYS | EMA(13/34): $63988.3/$63992.1 | VWAP Sesi: $63932.52 | Vol Surge: 0.5x | BB50: [$63946.32 - $64061.30] | Tren 15m: BEARISH
[ANALIS-SIDEWAYS] WAIT - Lebar BB sempit (0.180%). Butuh min 1.0% untuk tutup fee & spread.
[2026-07-12 15:54:28] Keputusan analis: Wait
[2026-07-12 15:54:28] Validasi gagal / keputusan WAIT. Tidak ada eksekusi.
[2026-07-12 15:55:28] Siklus Menit Baru. Harga BTC Terakhir: $63981.95
[ANALIS] State: SIDEWAYS | EMA(13/34): $63986.3/$63992.0 | VWAP Sesi: $63932.70 | Vol Surge: 0.6x | BB50: [$63951.82 - $64057.91] | Tren 15m: BEARISH
[ANALIS-SIDEWAYS] WAIT - Lebar BB sempit (0.166%). Butuh min 1.0% untuk tutup fee & spread.
[2026-07-12 15:55:28] Keputusan analis: Wait
[2026-07-12 15:55:28] Validasi gagal / keputusan WAIT. Tidak ada eksekusi.
[2026-07-12 15:56:28] Siklus Menit Baru. Harga BTC Terakhir: $63983.30
[ANALIS] State: SIDEWAYS | EMA(13/34): $63986.6/$63993.1 | VWAP Sesi: $63932.90 | Vol Surge: 0.5x | BB50: [$63956.02 - $64055.72] | Tren 15m: BEARISH
[ANALIS-SIDEWAYS] WAIT - Lebar BB sempit (0.156%). Butuh min 1.0% untuk tutup fee & spread.
[2026-07-12 15:56:28] Keputusan analis: Wait
[2026-07-12 15:56:28] Validasi gagal / keputusan WAIT. Tidak ada eksekusi.
[2026-07-12 15:57:28] Siklus Menit Baru. Harga BTC Terakhir: $63992.96
[ANALIS] State: SIDEWAYS | EMA(13/34): $63988.4/$63998.7 | VWAP Sesi: $63933.12 | Vol Surge: 0.5x | BB50: [$63958.46 - $64054.80] | Tren 15m: BEARISH
[ANALIS-SIDEWAYS] WAIT - Lebar BB sempit (0.151%). Butuh min 1.0% untuk tutup fee & spread.
[2026-07-12 15:57:28] Keputusan analis: Wait
[2026-07-12 15:57:28] Validasi gagal / keputusan WAIT. Tidak ada eksekusi.
[2026-07-12 15:58:28] Siklus Menit Baru. Harga BTC Terakhir: $63992.96
[ANALIS] State: SIDEWAYS | EMA(13/34): $63989.1/$63996.2 | VWAP Sesi: $63933.30 | Vol Surge: 0.4x | BB50: [$63959.62 - $64050.88] | Tren 15m: BEARISH
[ANALIS-SIDEWAYS] WAIT - Lebar BB sempit (0.143%). Butuh min 1.0% untuk tutup fee & spread.
[2026-07-12 15:58:28] Keputusan analis: Wait
[2026-07-12 15:58:28] Validasi gagal / keputusan WAIT. Tidak ada eksekusi.
[2026-07-12 15:59:29] Siklus Menit Baru. Harga BTC Terakhir: $63984.71
[ANALIS] State: SIDEWAYS | EMA(13/34): $63987.6/$63993.4 | VWAP Sesi: $63933.40 | Vol Surge: 0.3x | BB50: [$63958.46 - $64050.37] | Tren 15m: BEARISH
[ANALIS-SIDEWAYS] WAIT - Lebar BB sempit (0.144%). Butuh min 1.0% untuk tutup fee & spread.
[2026-07-12 15:59:29] Keputusan analis: Wait
[2026-07-12 15:59:29] Validasi gagal / keputusan WAIT. Tidak ada eksekusi.
[2026-07-12 16:00:29] Siklus Menit Baru. Harga BTC Terakhir: $63991.56
[ANALIS] State: SIDEWAYS | EMA(13/34): $63988.0/$63993.7 | VWAP Sesi: $63933.96 | Vol Surge: 1.6x | BB50: [$63958.60 - $64050.36] | Tren 15m: BEARISH
[ANALIS-SIDEWAYS] WAIT - Lebar BB sempit (0.143%). Butuh min 1.0% untuk tutup fee & spread.
[2026-07-12 16:00:29] Keputusan analis: Wait
[2026-07-12 16:00:29] Validasi gagal / keputusan WAIT. Tidak ada eksekusi.
[2026-07-12 16:01:29] Siklus Menit Baru. Harga BTC Terakhir: $63988.20
[ANALIS] State: SIDEWAYS | EMA(13/34): $63986.6/$63994.0 | VWAP Sesi: $63933.98 | Vol Surge: 0.2x | BB50: [$63957.68 - $64050.51] | Tren 15m: BEARISH
[ANALIS-SIDEWAYS] WAIT - Lebar BB sempit (0.145%). Butuh min 1.0% untuk tutup fee & spread.
[2026-07-12 16:01:29] Keputusan analis: Wait
[2026-07-12 16:01:29] Validasi gagal / keputusan WAIT. Tidak ada eksekusi.
[2026-07-12 16:02:29] Siklus Menit Baru. Harga BTC Terakhir: $63989.71
[ANALIS] State: SIDEWAYS | EMA(13/34): $63987.3/$63994.2 | VWAP Sesi: $63934.17 | Vol Surge: 0.5x | BB50: [$63957.18 - $64049.91] | Tren 15m: BULLISH
[ANALIS-SIDEWAYS] WAIT - Lebar BB sempit (0.145%). Butuh min 1.0% untuk tutup fee & spread.
[2026-07-12 16:02:29] Keputusan analis: Wait
[2026-07-12 16:02:29] Validasi gagal / keputusan WAIT. Tidak ada eksekusi.
[2026-07-12 16:03:29] Siklus Menit Baru. Harga BTC Terakhir: $63961.22
[ANALIS] State: SIDEWAYS | EMA(13/34): $63979.8/$63992.0 | VWAP Sesi: $63934.28 | Vol Surge: 1.0x | BB50: [$63952.88 - $64050.46] | Tren 15m: BEARISH
[ANALIS-SIDEWAYS] WAIT - Lebar BB sempit (0.153%). Butuh min 1.0% untuk tutup fee & spread.
[2026-07-12 16:03:29] Keputusan analis: Wait
[2026-07-12 16:03:29] Validasi gagal / keputusan WAIT. Tidak ada eksekusi.
[2026-07-12 16:04:30] Siklus Menit Baru. Harga BTC Terakhir: $63968.00
[ANALIS] State: SIDEWAYS | EMA(13/34): $63978.2/$63991.2 | VWAP Sesi: $63934.40 | Vol Surge: 0.5x | BB50: [$63952.45 - $64047.55] | Tren 15m: BULLISH
[ANALIS-SIDEWAYS] WAIT - Lebar BB sempit (0.149%). Butuh min 1.0% untuk tutup fee & spread.
[2026-07-12 16:04:30] Keputusan analis: Wait
[2026-07-12 16:04:30] Validasi gagal / keputusan WAIT. Tidak ada eksekusi.
[2026-07-12 16:05:30] Siklus Menit Baru. Harga BTC Terakhir: $63958.01
[ANALIS] State: SIDEWAYS | EMA(13/34): $63976.7/$63991.2 | VWAP Sesi: $63934.61 | Vol Surge: 0.3x | BB50: [$63953.05 - $64043.25] | Tren 15m: BEARISH
[ANALIS-SIDEWAYS] WAIT - Lebar BB sempit (0.141%). Butuh min 1.0% untuk tutup fee & spread.
[2026-07-12 16:05:30] Keputusan analis: Wait
[2026-07-12 16:05:30] Validasi gagal / keputusan WAIT. Tidak ada eksekusi.
[2026-07-12 16:06:30] Siklus Menit Baru. Harga BTC Terakhir: $63964.17
[ANALIS] State: SIDEWAYS | EMA(13/34): $63976.0/$63988.4 | VWAP Sesi: $63934.69 | Vol Surge: 0.5x | BB50: [$63957.98 - $64033.80] | Tren 15m: BEARISH
[ANALIS-SIDEWAYS] WAIT - Lebar BB sempit (0.119%). Butuh min 1.0% untuk tutup fee & spread.
[2026-07-12 16:06:30] Keputusan analis: Wait
[2026-07-12 16:06:30] Validasi gagal / keputusan WAIT. Tidak ada eksekusi.
[2026-07-12 16:07:30] Siklus Menit Baru. Harga BTC Terakhir: $63962.00
[ANALIS] State: SIDEWAYS | EMA(13/34): $63974.3/$63984.9 | VWAP Sesi: $63934.81 | Vol Surge: 0.9x | BB50: [$63958.81 - $64029.46] | Tren 15m: BEARISH
[ANALIS-SIDEWAYS] WAIT - Lebar BB sempit (0.110%). Butuh min 1.0% untuk tutup fee & spread.
[2026-07-12 16:07:30] Keputusan analis: Wait
[2026-07-12 16:07:30] Validasi gagal / keputusan WAIT. Tidak ada eksekusi.
[2026-07-12 16:08:30] Siklus Menit Baru. Harga BTC Terakhir: $63971.20
[ANALIS] State: SIDEWAYS | EMA(13/34): $63975.3/$63984.6 | VWAP Sesi: $63935.08 | Vol Surge: 0.8x | BB50: [$63958.76 - $64028.31] | Tren 15m: BEARISH
[ANALIS-SIDEWAYS] WAIT - Lebar BB sempit (0.109%). Butuh min 1.0% untuk tutup fee & spread.
[2026-07-12 16:08:30] Keputusan analis: Wait
[2026-07-12 16:08:30] Validasi gagal / keputusan WAIT. Tidak ada eksekusi.
[2026-07-12 16:09:30] Siklus Menit Baru. Harga BTC Terakhir: $63975.15
[ANALIS] State: SIDEWAYS | EMA(13/34): $63976.9/$63984.9 | VWAP Sesi: $63935.33 | Vol Surge: 0.7x | BB50: [$63958.72 - $64027.50] | Tren 15m: BULLISH
[ANALIS-SIDEWAYS] WAIT - Lebar BB sempit (0.108%). Butuh min 1.0% untuk tutup fee & spread.
[2026-07-12 16:09:30] Keputusan analis: Wait
[2026-07-12 16:09:30] Validasi gagal / keputusan WAIT. Tidak ada eksekusi.
[2026-07-12 16:10:31] Siklus Menit Baru. Harga BTC Terakhir: $63967.89
[ANALIS] State: SIDEWAYS | EMA(13/34): $63974.7/$63983.5 | VWAP Sesi: $63935.41 | Vol Surge: 0.5x | BB50: [$63957.07 - $64027.10] | Tren 15m: BEARISH
[ANALIS-SIDEWAYS] WAIT - Lebar BB sempit (0.109%). Butuh min 1.0% untuk tutup fee & spread.
[2026-07-12 16:10:31] Keputusan analis: Wait
[2026-07-12 16:10:31] Validasi gagal / keputusan WAIT. Tidak ada eksekusi.
[2026-07-12 16:11:31] Siklus Menit Baru. Harga BTC Terakhir: $63939.98
[ANALIS] State: SIDEWAYS | EMA(13/34): $63969.7/$63981.0 | VWAP Sesi: $63935.52 | Vol Surge: 0.9x | BB50: [$63953.18 - $64028.10] | Tren 15m: BEARISH
[ANALIS-SIDEWAYS] WAIT - Lebar BB sempit (0.117%). Butuh min 1.0% untuk tutup fee & spread.
[2026-07-12 16:11:31] Keputusan analis: Wait
[2026-07-12 16:11:31] Validasi gagal / keputusan WAIT. Tidak ada eksekusi.
[2026-07-12 16:12:31] Siklus Menit Baru. Harga BTC Terakhir: $63916.39
[ANALIS] State: SIDEWAYS | EMA(13/34): $63961.1/$63976.9 | VWAP Sesi: $63935.43 | Vol Surge: 0.8x | BB50: [$63945.44 - $64031.70] | Tren 15m: BEARISH
[ANALIS-SIDEWAYS] WAIT - Lebar BB sempit (0.135%). Butuh min 1.0% untuk tutup fee & spread.
[2026-07-12 16:12:31] Keputusan analis: Wait
[2026-07-12 16:12:31] Validasi gagal / keputusan WAIT. Tidak ada eksekusi.
[2026-07-12 16:13:31] Siklus Menit Baru. Harga BTC Terakhir: $63898.00
[ANALIS] State: SIDEWAYS | EMA(13/34): $63950.9/$63971.9 | VWAP Sesi: $63935.25 | Vol Surge: 0.8x | BB50: [$63935.40 - $64036.78] | Tren 15m: BEARISH
[ANALIS-SIDEWAYS] WAIT - Lebar BB sempit (0.159%). Butuh min 1.0% untuk tutup fee & spread.
[2026-07-12 16:13:31] Keputusan analis: Wait
[2026-07-12 16:13:31] Validasi gagal / keputusan WAIT. Tidak ada eksekusi.
[2026-07-12 16:14:31] Siklus Menit Baru. Harga BTC Terakhir: $63897.33
[ANALIS] State: SIDEWAYS | EMA(13/34): $63943.2/$63967.6 | VWAP Sesi: $63935.05 | Vol Surge: 0.8x | BB50: [$63927.80 - $64039.77] | Tren 15m: BEARISH
[ANALIS-SIDEWAYS] WAIT - Lebar BB sempit (0.175%). Butuh min 1.0% untuk tutup fee & spread.
[2026-07-12 16:14:31] Keputusan analis: Wait
[2026-07-12 16:14:31] Validasi gagal / keputusan WAIT. Tidak ada eksekusi.
[2026-07-12 16:15:31] Siklus Menit Baru. Harga BTC Terakhir: $63843.19
[ANALIS] State: SIDEWAYS | EMA(13/34): $63928.0/$63959.8 | VWAP Sesi: $63933.52 | Vol Surge: 3.9x | BB50: [$63911.65 - $64048.88] | Tren 15m: BEARISH
[ANALIS-SIDEWAYS] WAIT - Lebar BB sempit (0.215%). Butuh min 1.0% untuk tutup fee & spread.
[2026-07-12 16:15:31] Keputusan analis: Wait
[2026-07-12 16:15:31] Validasi gagal / keputusan WAIT. Tidak ada eksekusi.
[2026-07-12 16:16:32] Siklus Menit Baru. Harga BTC Terakhir: $63830.10
[ANALIS] State: SIDEWAYS | EMA(13/34): $63916.6/$63953.7 | VWAP Sesi: $63933.03 | Vol Surge: 0.8x | BB50: [$63899.75 - $64054.54] | Tren 15m: BEARISH
[ANALIS-SIDEWAYS] WAIT - Lebar BB sempit (0.243%). Butuh min 1.0% untuk tutup fee & spread.
[2026-07-12 16:16:32] Keputusan analis: Wait
[2026-07-12 16:16:32] Validasi gagal / keputusan WAIT. Tidak ada eksekusi.
[2026-07-12 16:17:32] Siklus Menit Baru. Harga BTC Terakhir: $63833.59
[ANALIS] State: SIDEWAYS | EMA(13/34): $63905.6/$63946.7 | VWAP Sesi: $63932.42 | Vol Surge: 0.7x | BB50: [$63888.02 - $64059.50] | Tren 15m: BEARISH
[ANALIS-SIDEWAYS] WAIT - Lebar BB sempit (0.269%). Butuh min 1.0% untuk tutup fee & spread.
[2026-07-12 16:17:32] Keputusan analis: Wait
[2026-07-12 16:17:32] Validasi gagal / keputusan WAIT. Tidak ada eksekusi.
[2026-07-12 16:18:32] Siklus Menit Baru. Harga BTC Terakhir: $63849.98
[ANALIS] State: SIDEWAYS | EMA(13/34): $63895.7/$63940.3 | VWAP Sesi: $63931.95 | Vol Surge: 0.8x | BB50: [$63876.68 - $64064.25] | Tren 15m: BEARISH
[ANALIS-SIDEWAYS] WAIT - Lebar BB sempit (0.294%). Butuh min 1.0% untuk tutup fee & spread.
[2026-07-12 16:18:32] Keputusan analis: Wait
[2026-07-12 16:18:32] Validasi gagal / keputusan WAIT. Tidak ada eksekusi.
[2026-07-12 16:19:32] Siklus Menit Baru. Harga BTC Terakhir: $63839.05
[ANALIS] State: SIDEWAYS | EMA(13/34): $63887.5/$63934.5 | VWAP Sesi: $63931.53 | Vol Surge: 0.5x | BB50: [$63866.85 - $64067.62] | Tren 15m: BEARISH
[ANALIS-SIDEWAYS] WAIT - Lebar BB sempit (0.314%). Butuh min 1.0% untuk tutup fee & spread.
[2026-07-12 16:19:32] Keputusan analis: Wait
[2026-07-12 16:19:32] Validasi gagal / keputusan WAIT. Tidak ada eksekusi.
[2026-07-12 16:20:32] Siklus Menit Baru. Harga BTC Terakhir: $63839.19
[ANALIS] State: SIDEWAYS | EMA(13/34): $63880.9/$63929.7 | VWAP Sesi: $63930.99 | Vol Surge: 0.8x | BB50: [$63858.21 - $64069.94] | Tren 15m: BEARISH
[ANALIS-SIDEWAYS] WAIT - Lebar BB sempit (0.332%). Butuh min 1.0% untuk tutup fee & spread.
[2026-07-12 16:20:32] Keputusan analis: Wait
[2026-07-12 16:20:32] Validasi gagal / keputusan WAIT. Tidak ada eksekusi.
[2026-07-12 16:21:32] Siklus Menit Baru. Harga BTC Terakhir: $63813.98
[ANALIS] State: BEARISH | EMA(13/34): $63869.3/$63921.7 | VWAP Sesi: $63930.30 | Vol Surge: 0.8x | BB50: [$63845.24 - $64074.44] | Tren 15m: BEARISH
[DEBUG] EMA streak: 0 | EMA_FAST(13): 63869.33 | EMA_SLOW(34): 63921.70 | Selisih: -52.37
[2026-07-12 16:21:32] Keputusan analis: Wait
[2026-07-12 16:21:32] Validasi gagal / keputusan WAIT. Tidak ada eksekusi.
[2026-07-12 16:22:33] Siklus Menit Baru. Harga BTC Terakhir: $63773.20
[ANALIS] State: BEARISH | EMA(13/34): $63853.2/$63912.6 | VWAP Sesi: $63929.49 | Vol Surge: 0.7x | BB50: [$63827.66 - $64082.16] | Tren 15m: BEARISH
[DEBUG] EMA streak: 0 | EMA_FAST(13): 63853.15 | EMA_SLOW(34): 63912.60 | Selisih: -59.45
[2026-07-12 16:22:33] Keputusan analis: Wait
[2026-07-12 16:22:33] Validasi gagal / keputusan WAIT. Tidak ada eksekusi.
[2026-07-12 16:23:33] Siklus Menit Baru. Harga BTC Terakhir: $63768.65
[ANALIS] State: BEARISH | EMA(13/34): $63840.0/$63903.9 | VWAP Sesi: $63928.91 | Vol Surge: 0.4x | BB50: [$63812.41 - $64087.43] | Tren 15m: BEARISH
[DEBUG] EMA streak: 0 | EMA_FAST(13): 63839.96 | EMA_SLOW(34): 63903.88 | Selisih: -63.93
[2026-07-12 16:23:33] Keputusan analis: Wait
[2026-07-12 16:23:33] Validasi gagal / keputusan WAIT. Tidak ada eksekusi.
[2026-07-12 16:24:33] Siklus Menit Baru. Harga BTC Terakhir: $63776.22
[ANALIS] State: BEARISH | EMA(13/34): $63832.8/$63897.5 | VWAP Sesi: $63928.33 | Vol Surge: 0.7x | BB50: [$63802.35 - $64088.84] | Tren 15m: BEARISH
[DEBUG] EMA streak: 0 | EMA_FAST(13): 63832.84 | EMA_SLOW(34): 63897.46 | Selisih: -64.62
[2026-07-12 16:24:33] Keputusan analis: Wait
[2026-07-12 16:24:33] Validasi gagal / keputusan WAIT. Tidak ada eksekusi.
[2026-07-12 16:25:33] Siklus Menit Baru. Harga BTC Terakhir: $63793.98
[ANALIS] State: BEARISH | EMA(13/34): $63828.7/$63891.9 | VWAP Sesi: $63927.79 | Vol Surge: 0.4x | BB50: [$63794.28 - $64088.76] | Tren 15m: BEARISH
[DEBUG] EMA streak: 0 | EMA_FAST(13): 63828.66 | EMA_SLOW(34): 63891.88 | Selisih: -63.22
[2026-07-12 16:25:33] Keputusan analis: Wait
[2026-07-12 16:25:33] Validasi gagal / keputusan WAIT. Tidak ada eksekusi.
[2026-07-12 16:26:33] Siklus Menit Baru. Harga BTC Terakhir: $63820.37
[ANALIS] State: BEARISH | EMA(13/34): $63829.4/$63888.9 | VWAP Sesi: $63927.56 | Vol Surge: 0.3x | BB50: [$63789.38 - $64086.97] | Tren 15m: BEARISH
[DEBUG] EMA streak: 0 | EMA_FAST(13): 63829.45 | EMA_SLOW(34): 63888.93 | Selisih: -59.48
[2026-07-12 16:26:33] Keputusan analis: Wait
[2026-07-12 16:26:33] Validasi gagal / keputusan WAIT. Tidak ada eksekusi.
[2026-07-12 16:27:33] Siklus Menit Baru. Harga BTC Terakhir: $63812.01
[ANALIS] State: BEARISH | EMA(13/34): $63826.4/$63883.9 | VWAP Sesi: $63927.42 | Vol Surge: 0.2x | BB50: [$63782.37 - $64085.93] | Tren 15m: BEARISH
[DEBUG] EMA streak: 0 | EMA_FAST(13): 63826.42 | EMA_SLOW(34): 63883.87 | Selisih: -57.45
[2026-07-12 16:27:33] Keputusan analis: Wait
[2026-07-12 16:27:33] Validasi gagal / keputusan WAIT. Tidak ada eksekusi.
[2026-07-12 16:28:34] Siklus Menit Baru. Harga BTC Terakhir: $63844.65
[ANALIS] State: BEARISH | EMA(13/34): $63829.2/$63881.9 | VWAP Sesi: $63927.06 | Vol Surge: 0.4x | BB50: [$63778.55 - $64083.56] | Tren 15m: BEARISH
[DEBUG] EMA streak: 0 | EMA_FAST(13): 63829.20 | EMA_SLOW(34): 63881.86 | Selisih: -52.66
[2026-07-12 16:28:34] Keputusan analis: Wait
[2026-07-12 16:28:34] Validasi gagal / keputusan WAIT. Tidak ada eksekusi.
[2026-07-12 16:29:34] Siklus Menit Baru. Harga BTC Terakhir: $63838.19
[ANALIS] State: BEARISH | EMA(13/34): $63828.2/$63878.2 | VWAP Sesi: $63926.30 | Vol Surge: 0.9x | BB50: [$63773.24 - $64081.50] | Tren 15m: BEARISH
[DEBUG] EMA streak: 0 | EMA_FAST(13): 63828.20 | EMA_SLOW(34): 63878.16 | Selisih: -49.96
[2026-07-12 16:29:34] Keputusan analis: Wait
[2026-07-12 16:29:34] Validasi gagal / keputusan WAIT. Tidak ada eksekusi.
[2026-07-12 16:30:34] Siklus Menit Baru. Harga BTC Terakhir: $63836.78
[ANALIS] State: BEARISH | EMA(13/34): $63828.2/$63875.3 | VWAP Sesi: $63925.50 | Vol Surge: 1.1x | BB50: [$63768.68 - $64079.12] | Tren 15m: BEARISH
[DEBUG] EMA streak: 0 | EMA_FAST(13): 63828.20 | EMA_SLOW(34): 63875.26 | Selisih: -47.06
[2026-07-12 16:30:34] Keputusan analis: Wait
[2026-07-12 16:30:34] Validasi gagal / keputusan WAIT. Tidak ada eksekusi.
[2026-07-12 16:31:34] Siklus Menit Baru. Harga BTC Terakhir: $63861.91
[ANALIS] State: BEARISH | EMA(13/34): $63833.4/$63874.7 | VWAP Sesi: $63924.77 | Vol Surge: 1.2x | BB50: [$63766.72 - $64075.69] | Tren 15m: BULLISH
[DEBUG] EMA streak: 0 | EMA_FAST(13): 63833.41 | EMA_SLOW(34): 63874.67 | Selisih: -41.26
[2026-07-12 16:31:34] Keputusan analis: Wait
[2026-07-12 16:31:34] Validasi gagal / keputusan WAIT. Tidak ada eksekusi.
[2026-07-12 16:32:34] Siklus Menit Baru. Harga BTC Terakhir: $63874.44
[ANALIS] State: BEARISH | EMA(13/34): $63838.9/$63874.8 | VWAP Sesi: $63924.27 | Vol Surge: 0.9x | BB50: [$63765.18 - $64072.08] | Tren 15m: BULLISH
[DEBUG] EMA streak: 0 | EMA_FAST(13): 63838.88 | EMA_SLOW(34): 63874.81 | Selisih: -35.93
[2026-07-12 16:32:34] Keputusan analis: Wait
[2026-07-12 16:32:34] Validasi gagal / keputusan WAIT. Tidak ada eksekusi.
[2026-07-12 16:33:34] Siklus Menit Baru. Harga BTC Terakhir: $63898.00
[ANALIS] State: BEARISH | EMA(13/34): $63848.5/$63877.1 | VWAP Sesi: $63924.09 | Vol Surge: 0.7x | BB50: [$63765.34 - $64067.97] | Tren 15m: BULLISH
[DEBUG] EMA streak: 0 | EMA_FAST(13): 63848.51 | EMA_SLOW(34): 63877.13 | Selisih: -28.62
[2026-07-12 16:33:34] Keputusan analis: Wait
[2026-07-12 16:33:34] Validasi gagal / keputusan WAIT. Tidak ada eksekusi.
[2026-07-12 16:34:35] Siklus Menit Baru. Harga BTC Terakhir: $63897.06
[ANALIS] State: BEARISH | EMA(13/34): $63857.0/$63878.3 | VWAP Sesi: $63923.98 | Vol Surge: 0.9x | BB50: [$63765.86 - $64063.23] | Tren 15m: BULLISH
[DEBUG] EMA streak: 0 | EMA_FAST(13): 63856.99 | EMA_SLOW(34): 63878.26 | Selisih: -21.27
[2026-07-12 16:34:35] Keputusan analis: Wait
[2026-07-12 16:34:35] Validasi gagal / keputusan WAIT. Tidak ada eksekusi.
[2026-07-12 16:35:35] Siklus Menit Baru. Harga BTC Terakhir: $63899.67
[ANALIS] State: BEARISH | EMA(13/34): $63863.1/$63879.6 | VWAP Sesi: $63923.83 | Vol Surge: 0.7x | BB50: [$63765.89 - $64059.09] | Tren 15m: BULLISH
[DEBUG] EMA streak: 0 | EMA_FAST(13): 63863.09 | EMA_SLOW(34): 63879.58 | Selisih: -16.50
[2026-07-12 16:35:35] Keputusan analis: Wait
[2026-07-12 16:35:35] Validasi gagal / keputusan WAIT. Tidak ada eksekusi.
[2026-07-12 16:36:35] Siklus Menit Baru. Harga BTC Terakhir: $63907.94
[ANALIS] State: BEARISH | EMA(13/34): $63870.7/$63879.0 | VWAP Sesi: $63923.79 | Vol Surge: 0.7x | BB50: [$63766.56 - $64054.98] | Tren 15m: BULLISH
[DEBUG] EMA streak: 0 | EMA_FAST(13): 63870.74 | EMA_SLOW(34): 63879.04 | Selisih: -8.31
[2026-07-12 16:36:35] Keputusan analis: Wait
[2026-07-12 16:36:35] Validasi gagal / keputusan WAIT. Tidak ada eksekusi.
[2026-07-12 16:37:35] Siklus Menit Baru. Harga BTC Terakhir: $63929.09
[ANALIS] State: BEARISH | EMA(13/34): $63879.1/$63882.3 | VWAP Sesi: $63923.77 | Vol Surge: 0.6x | BB50: [$63766.49 - $64054.11] | Tren 15m: BULLISH
[DEBUG] EMA streak: 0 | EMA_FAST(13): 63879.07 | EMA_SLOW(34): 63882.29 | Selisih: -3.21
[2026-07-12 16:37:35] Keputusan analis: Wait
[2026-07-12 16:37:35] Validasi gagal / keputusan WAIT. Tidak ada eksekusi.
[2026-07-12 16:38:35] Siklus Menit Baru. Harga BTC Terakhir: $63922.01
[ANALIS] State: BULLISH | EMA(13/34): $63884.8/$63884.3 | VWAP Sesi: $63923.77 | Vol Surge: 0.5x | BB50: [$63766.35 - $64052.60] | Tren 15m: BULLISH
[DEBUG] EMA streak: 0 | EMA_FAST(13): 63884.79 | EMA_SLOW(34): 63884.27 | Selisih: 0.52
[2026-07-12 16:38:35] Keputusan analis: Wait
[2026-07-12 16:38:35] Validasi gagal / keputusan WAIT. Tidak ada eksekusi.
[2026-07-12 16:39:35] Siklus Menit Baru. Harga BTC Terakhir: $63921.20
[ANALIS] State: BULLISH | EMA(13/34): $63890.3/$63887.8 | VWAP Sesi: $63923.76 | Vol Surge: 0.7x | BB50: [$63766.27 - $64051.32] | Tren 15m: BULLISH
[DEBUG] EMA streak: 0 | EMA_FAST(13): 63890.31 | EMA_SLOW(34): 63887.77 | Selisih: 2.55
[2026-07-12 16:39:35] Keputusan analis: Wait
[2026-07-12 16:39:35] Validasi gagal / keputusan WAIT. Tidak ada eksekusi.
[2026-07-12 16:40:36] Siklus Menit Baru. Harga BTC Terakhir: $63989.54
[ANALIS] State: BULLISH | EMA(13/34): $63907.1/$63895.3 | VWAP Sesi: $63924.17 | Vol Surge: 1.0x | BB50: [$63766.24 - $64052.52] | Tren 15m: BULLISH
[DEBUG] EMA streak: 0 | EMA_FAST(13): 63907.10 | EMA_SLOW(34): 63895.29 | Selisih: 11.81
[ANALIS-TRENDING] Quant Golden Cross (EMA13 > EMA34), Di atas VWAP ($63924.17), & Tren 15m Bullish. Sinyal BUY.
[QPS-RISK] Sharpe: -0.61 | Full Kelly: -45124.9% | Rekomendasi Alokasi: -11281.2%
[QPS-RISK] Sharpe negatif. Memblokir entry Trending untuk perlindungan modal.
[2026-07-12 16:40:36] Keputusan analis: Wait
[2026-07-12 16:40:36] Validasi gagal / keputusan WAIT. Tidak ada eksekusi.
[2026-07-12 16:41:36] Siklus Menit Baru. Harga BTC Terakhir: $64036.00
[ANALIS] State: BULLISH | EMA(13/34): $63924.7/$63903.6 | VWAP Sesi: $63926.32 | Vol Surge: 3.8x | BB50: [$63764.73 - $64055.53] | Tren 15m: BULLISH
[DEBUG] EMA streak: 0 | EMA_FAST(13): 63924.73 | EMA_SLOW(34): 63903.58 | Selisih: 21.15
[ANALIS-TRENDING] Quant Golden Cross (EMA13 > EMA34), Di atas VWAP ($63926.32), & Tren 15m Bullish. Sinyal BUY.
[FASE 5.0a] OBI = 0.05 (Sell Wall 60%+ dominan). Memblokir Trending BUY (Golden Cross ini berpotensi fake-out reversal trap).
[2026-07-12 16:41:36] Keputusan analis: Wait
[2026-07-12 16:41:36] Validasi gagal / keputusan WAIT. Tidak ada eksekusi.
[2026-07-12 16:42:36] Siklus Menit Baru. Harga BTC Terakhir: $64026.36
[ANALIS] State: BULLISH | EMA(13/34): $63935.6/$63908.1 | VWAP Sesi: $63926.37 | Vol Surge: 0.8x | BB50: [$63765.09 - $64054.90] | Tren 15m: BULLISH
[DEBUG] EMA streak: 0 | EMA_FAST(13): 63935.59 | EMA_SLOW(34): 63908.09 | Selisih: 27.51
[ANALIS-TRENDING] Quant Golden Cross (EMA13 > EMA34), Di atas VWAP ($63926.37), & Tren 15m Bullish. Sinyal BUY.
[FASE 5.0a] OBI = 0.30 (Sell Wall 60%+ dominan). Memblokir Trending BUY (Golden Cross ini berpotensi fake-out reversal trap).
[2026-07-12 16:42:36] Keputusan analis: Wait
[2026-07-12 16:42:36] Validasi gagal / keputusan WAIT. Tidak ada eksekusi.
[2026-07-12 16:43:36] Siklus Menit Baru. Harga BTC Terakhir: $64009.94
[ANALIS] State: BULLISH | EMA(13/34): $63945.8/$63913.1 | VWAP Sesi: $63926.91 | Vol Surge: 0.7x | BB50: [$63764.56 - $64056.25] | Tren 15m: BULLISH
[DEBUG] EMA streak: 0 | EMA_FAST(13): 63945.82 | EMA_SLOW(34): 63913.09 | Selisih: 32.73
[ANALIS-TRENDING] Quant Golden Cross (EMA13 > EMA34), Di atas VWAP ($63926.91), & Tren 15m Bullish. Sinyal BUY.
[QPS-RISK] Sharpe: -0.61 | Full Kelly: -45124.9% | Rekomendasi Alokasi: -11281.2%
[QPS-RISK] Sharpe negatif. Memblokir entry Trending untuk perlindungan modal.
[2026-07-12 16:43:36] Keputusan analis: Wait
[2026-07-12 16:43:36] Validasi gagal / keputusan WAIT. Tidak ada eksekusi.
[2026-07-12 16:44:36] Siklus Menit Baru. Harga BTC Terakhir: $64015.77
[ANALIS] State: BULLISH | EMA(13/34): $63956.3/$63919.9 | VWAP Sesi: $63927.51 | Vol Surge: 0.7x | BB50: [$63763.34 - $64059.30] | Tren 15m: BULLISH
[DEBUG] EMA streak: 0 | EMA_FAST(13): 63956.32 | EMA_SLOW(34): 63919.93 | Selisih: 36.39
[ANALIS-TRENDING] Quant Golden Cross (EMA13 > EMA34), Di atas VWAP ($63927.51), & Tren 15m Bullish. Sinyal BUY.
[FASE 5.0a] OBI = 0.31 (Sell Wall 60%+ dominan). Memblokir Trending BUY (Golden Cross ini berpotensi fake-out reversal trap).
[2026-07-12 16:44:36] Keputusan analis: Wait
[2026-07-12 16:44:36] Validasi gagal / keputusan WAIT. Tidak ada eksekusi.
[2026-07-12 16:45:37] Siklus Menit Baru. Harga BTC Terakhir: $64009.95
[ANALIS] State: BULLISH | EMA(13/34): $63963.0/$63924.8 | VWAP Sesi: $63927.84 | Vol Surge: 0.5x | BB50: [$63763.01 - $64060.18] | Tren 15m: BULLISH
[DEBUG] EMA streak: 0 | EMA_FAST(13): 63963.02 | EMA_SLOW(34): 63924.76 | Selisih: 38.26
[ANALIS-TRENDING] Quant Golden Cross (EMA13 > EMA34), Di atas VWAP ($63927.84), & Tren 15m Bullish. Sinyal BUY.
[QPS-RISK] Sharpe: -0.61 | Full Kelly: -45124.9% | Rekomendasi Alokasi: -11281.2%
[QPS-RISK] Sharpe negatif. Memblokir entry Trending untuk perlindungan modal.
[2026-07-12 16:45:37] Keputusan analis: Wait
[2026-07-12 16:45:37] Validasi gagal / keputusan WAIT. Tidak ada eksekusi.
[2026-07-12 16:46:37] Siklus Menit Baru. Harga BTC Terakhir: $64015.58
[ANALIS] State: BULLISH | EMA(13/34): $63970.5/$63930.1 | VWAP Sesi: $63928.29 | Vol Surge: 0.7x | BB50: [$63762.29 - $64061.91] | Tren 15m: BULLISH
[DEBUG] EMA streak: 0 | EMA_FAST(13): 63970.53 | EMA_SLOW(34): 63930.09 | Selisih: 40.44
[ANALIS-TRENDING] Quant Golden Cross (EMA13 > EMA34), Di atas VWAP ($63928.29), & Tren 15m Bullish. Sinyal BUY.
[FASE 5.0a] OBI = 0.01 (Sell Wall 60%+ dominan). Memblokir Trending BUY (Golden Cross ini berpotensi fake-out reversal trap).
[2026-07-12 16:46:37] Keputusan analis: Wait
[2026-07-12 16:46:37] Validasi gagal / keputusan WAIT. Tidak ada eksekusi.
[2026-07-12 16:47:37] Siklus Menit Baru. Harga BTC Terakhir: $63999.92
[ANALIS] State: BULLISH | EMA(13/34): $63974.9/$63933.8 | VWAP Sesi: $63928.96 | Vol Surge: 1.1x | BB50: [$63762.09 - $64062.43] | Tren 15m: BULLISH
[DEBUG] EMA streak: 0 | EMA_FAST(13): 63974.90 | EMA_SLOW(34): 63933.80 | Selisih: 41.10
[ANALIS-TRENDING] Quant Golden Cross (EMA13 > EMA34), Di atas VWAP ($63928.96), & Tren 15m Bullish. Sinyal BUY.
[QPS-RISK] Sharpe: -0.61 | Full Kelly: -45124.9% | Rekomendasi Alokasi: -11281.2%
[QPS-RISK] Sharpe negatif. Memblokir entry Trending untuk perlindungan modal.
[2026-07-12 16:47:37] Keputusan analis: Wait
[2026-07-12 16:47:37] Validasi gagal / keputusan WAIT. Tidak ada eksekusi.
[2026-07-12 16:48:37] Siklus Menit Baru. Harga BTC Terakhir: $63998.02
[ANALIS] State: BULLISH | EMA(13/34): $63978.7/$63937.5 | VWAP Sesi: $63929.45 | Vol Surge: 0.8x | BB50: [$63761.71 - $64063.43] | Tren 15m: BULLISH
[DEBUG] EMA streak: 0 | EMA_FAST(13): 63978.72 | EMA_SLOW(34): 63937.52 | Selisih: 41.20
[ANALIS-TRENDING] Quant Golden Cross (EMA13 > EMA34), Di atas VWAP ($63929.45), & Tren 15m Bullish. Sinyal BUY.
[FASE 5.0a] OBI = 0.08 (Sell Wall 60%+ dominan). Memblokir Trending BUY (Golden Cross ini berpotensi fake-out reversal trap).
[2026-07-12 16:48:37] Keputusan analis: Wait
[2026-07-12 16:48:37] Validasi gagal / keputusan WAIT. Tidak ada eksekusi.
[2026-07-12 16:49:37] Siklus Menit Baru. Harga BTC Terakhir: $63988.88
[ANALIS] State: BULLISH | EMA(13/34): $63979.7/$63940.1 | VWAP Sesi: $63929.85 | Vol Surge: 0.8x | BB50: [$63761.71 - $64063.49] | Tren 15m: BULLISH
[DEBUG] EMA streak: 0 | EMA_FAST(13): 63979.67 | EMA_SLOW(34): 63940.06 | Selisih: 39.61
[ANALIS-TRENDING] Quant Golden Cross (EMA13 > EMA34), Di atas VWAP ($63929.85), & Tren 15m Bullish. Sinyal BUY.
[QPS-RISK] Sharpe: -0.61 | Full Kelly: -45124.9% | Rekomendasi Alokasi: -11281.2%
[QPS-RISK] Sharpe negatif. Memblokir entry Trending untuk perlindungan modal.
[2026-07-12 16:49:37] Keputusan analis: Wait
[2026-07-12 16:49:37] Validasi gagal / keputusan WAIT. Tidak ada eksekusi.
[2026-07-12 16:50:37] Siklus Menit Baru. Harga BTC Terakhir: $63990.82
[ANALIS] State: BULLISH | EMA(13/34): $63981.3/$63943.5 | VWAP Sesi: $63930.24 | Vol Surge: 0.8x | BB50: [$63761.51 - $64064.14] | Tren 15m: BULLISH
[DEBUG] EMA streak: 0 | EMA_FAST(13): 63981.30 | EMA_SLOW(34): 63943.49 | Selisih: 37.81
[ANALIS-TRENDING] Quant Golden Cross (EMA13 > EMA34), Di atas VWAP ($63930.24), & Tren 15m Bullish. Sinyal BUY.
[QPS-RISK] Sharpe: -0.61 | Full Kelly: -45124.9% | Rekomendasi Alokasi: -11281.2%
[QPS-RISK] Sharpe negatif. Memblokir entry Trending untuk perlindungan modal.
[2026-07-12 16:50:37] Keputusan analis: Wait
[2026-07-12 16:50:37] Validasi gagal / keputusan WAIT. Tidak ada eksekusi.
[2026-07-12 16:51:38] Siklus Menit Baru. Harga BTC Terakhir: $63986.34
[ANALIS] State: BULLISH | EMA(13/34): $63982.6/$63944.8 | VWAP Sesi: $63930.76 | Vol Surge: 1.0x | BB50: [$63761.47 - $64064.24] | Tren 15m: BULLISH
[DEBUG] EMA streak: 0 | EMA_FAST(13): 63982.60 | EMA_SLOW(34): 63944.76 | Selisih: 37.84
[ANALIS-TRENDING] Quant Golden Cross (EMA13 > EMA34), Di atas VWAP ($63930.76), & Tren 15m Bullish. Sinyal BUY.
[QPS-RISK] Sharpe: -0.61 | Full Kelly: -45124.9% | Rekomendasi Alokasi: -11281.2%
[QPS-RISK] Sharpe negatif. Memblokir entry Trending untuk perlindungan modal.
[2026-07-12 16:51:38] Keputusan analis: Wait
[2026-07-12 16:51:38] Validasi gagal / keputusan WAIT. Tidak ada eksekusi.
[2026-07-12 16:52:38] Siklus Menit Baru. Harga BTC Terakhir: $63976.56
[ANALIS] State: BULLISH | EMA(13/34): $63982.2/$63946.6 | VWAP Sesi: $63931.17 | Vol Surge: 0.9x | BB50: [$63761.25 - $64065.19] | Tren 15m: BULLISH
[DEBUG] EMA streak: 0 | EMA_FAST(13): 63982.24 | EMA_SLOW(34): 63946.59 | Selisih: 35.65
[ANALIS-TRENDING] Quant Golden Cross (EMA13 > EMA34), Di atas VWAP ($63931.17), & Tren 15m Bullish. Sinyal BUY.
[QPS-RISK] Sharpe: -0.61 | Full Kelly: -45124.9% | Rekomendasi Alokasi: -11281.2%
[QPS-RISK] Sharpe negatif. Memblokir entry Trending untuk perlindungan modal.
[2026-07-12 16:52:38] Keputusan analis: Wait
[2026-07-12 16:52:38] Validasi gagal / keputusan WAIT. Tidak ada eksekusi.
[2026-07-12 16:53:38] Siklus Menit Baru. Harga BTC Terakhir: $63987.86
[ANALIS] State: BULLISH | EMA(13/34): $63983.1/$63950.0 | VWAP Sesi: $63931.48 | Vol Surge: 0.6x | BB50: [$63760.91 - $64066.69] | Tren 15m: BULLISH
[DEBUG] EMA streak: 0 | EMA_FAST(13): 63983.06 | EMA_SLOW(34): 63950.04 | Selisih: 33.02
[ANALIS-TRENDING] Quant Golden Cross (EMA13 > EMA34), Di atas VWAP ($63931.48), & Tren 15m Bullish. Sinyal BUY.
[QPS-RISK] Sharpe: -0.61 | Full Kelly: -45124.9% | Rekomendasi Alokasi: -11281.2%
[QPS-RISK] Sharpe negatif. Memblokir entry Trending untuk perlindungan modal.
[2026-07-12 16:53:38] Keputusan analis: Wait
[2026-07-12 16:53:38] Validasi gagal / keputusan WAIT. Tidak ada eksekusi.
[2026-07-12 16:54:38] Siklus Menit Baru. Harga BTC Terakhir: $63986.05
[ANALIS] State: BULLISH | EMA(13/34): $63982.1/$63950.8 | VWAP Sesi: $63931.65 | Vol Surge: 0.5x | BB50: [$63760.98 - $64066.45] | Tren 15m: BULLISH
[DEBUG] EMA streak: 0 | EMA_FAST(13): 63982.10 | EMA_SLOW(34): 63950.85 | Selisih: 31.25
[ANALIS-TRENDING] WAIT - Volume terlalu rendah (0.5x). Min 0.5x rata-rata untuk entry.
[2026-07-12 16:54:38] Keputusan analis: Wait
[2026-07-12 16:54:38] Validasi gagal / keputusan WAIT. Tidak ada eksekusi.
[2026-07-12 16:55:38] Siklus Menit Baru. Harga BTC Terakhir: $63992.60
[ANALIS] State: BULLISH | EMA(13/34): $63985.3/$63954.0 | VWAP Sesi: $63931.98 | Vol Surge: 0.7x | BB50: [$63760.32 - $64068.69] | Tren 15m: BULLISH
[DEBUG] EMA streak: 0 | EMA_FAST(13): 63985.30 | EMA_SLOW(34): 63953.98 | Selisih: 31.32
[ANALIS-TRENDING] Quant Golden Cross (EMA13 > EMA34), Di atas VWAP ($63931.98), & Tren 15m Bullish. Sinyal BUY.
[QPS-RISK] Sharpe: -0.61 | Full Kelly: -45124.9% | Rekomendasi Alokasi: -11281.2%
[QPS-RISK] Sharpe negatif. Memblokir entry Trending untuk perlindungan modal.
[2026-07-12 16:55:38] Keputusan analis: Wait
[2026-07-12 16:55:38] Validasi gagal / keputusan WAIT. Tidak ada eksekusi.
[2026-07-12 16:56:38] Siklus Menit Baru. Harga BTC Terakhir: $63985.48
[ANALIS] State: BULLISH | EMA(13/34): $63984.9/$63956.0 | VWAP Sesi: $63932.07 | Vol Surge: 0.2x | BB50: [$63760.16 - $64069.46] | Tren 15m: BEARISH
[DEBUG] EMA streak: 0 | EMA_FAST(13): 63984.94 | EMA_SLOW(34): 63955.98 | Selisih: 28.96
[2026-07-12 16:56:38] Keputusan analis: Wait
[2026-07-12 16:56:38] Validasi gagal / keputusan WAIT. Tidak ada eksekusi.
[2026-07-12 16:57:39] Siklus Menit Baru. Harga BTC Terakhir: $63977.85
[ANALIS] State: BULLISH | EMA(13/34): $63983.8/$63957.7 | VWAP Sesi: $63932.23 | Vol Surge: 0.5x | BB50: [$63760.14 - $64069.57] | Tren 15m: BEARISH
[DEBUG] EMA streak: 0 | EMA_FAST(13): 63983.75 | EMA_SLOW(34): 63957.68 | Selisih: 26.07
[2026-07-12 16:57:39] Keputusan analis: Wait
[2026-07-12 16:57:39] Validasi gagal / keputusan WAIT. Tidak ada eksekusi.
[2026-07-12 16:58:39] Siklus Menit Baru. Harga BTC Terakhir: $63963.11
[ANALIS] State: BULLISH | EMA(13/34): $63980.2/$63956.9 | VWAP Sesi: $63932.50 | Vol Surge: 0.9x | BB50: [$63760.42 - $64068.28] | Tren 15m: BEARISH
[DEBUG] EMA streak: 0 | EMA_FAST(13): 63980.23 | EMA_SLOW(34): 63956.89 | Selisih: 23.34
[2026-07-12 16:58:39] Keputusan analis: Wait
[2026-07-12 16:58:39] Validasi gagal / keputusan WAIT. Tidak ada eksekusi.
[2026-07-12 16:59:39] Siklus Menit Baru. Harga BTC Terakhir: $63968.39
[ANALIS] State: BULLISH | EMA(13/34): $63978.9/$63957.7 | VWAP Sesi: $63932.68 | Vol Surge: 0.7x | BB50: [$63760.40 - $64068.42] | Tren 15m: BEARISH
[DEBUG] EMA streak: 0 | EMA_FAST(13): 63978.85 | EMA_SLOW(34): 63957.69 | Selisih: 21.17
[2026-07-12 16:59:39] Keputusan analis: Wait
[2026-07-12 16:59:39] Validasi gagal / keputusan WAIT. Tidak ada eksekusi.
[2026-07-12 17:00:39] Siklus Menit Baru. Harga BTC Terakhir: $63950.42
[ANALIS] State: BULLISH | EMA(13/34): $63973.9/$63955.0 | VWAP Sesi: $63932.78 | Vol Surge: 0.1x | BB50: [$63760.50 - $64067.35] | Tren 15m: BEARISH
[DEBUG] EMA streak: 0 | EMA_FAST(13): 63973.95 | EMA_SLOW(34): 63955.01 | Selisih: 18.93
[2026-07-12 17:00:39] Keputusan analis: Wait
[2026-07-12 17:00:39] Validasi gagal / keputusan WAIT. Tidak ada eksekusi.
[2026-07-12 17:01:39] Siklus Menit Baru. Harga BTC Terakhir: $63954.49
[ANALIS] State: BULLISH | EMA(13/34): $63971.2/$63953.6 | VWAP Sesi: $63932.79 | Vol Surge: 0.1x | BB50: [$63760.61 - $64068.14] | Tren 15m: BEARISH
[DEBUG] EMA streak: 0 | EMA_FAST(13): 63971.15 | EMA_SLOW(34): 63953.64 | Selisih: 17.51
[2026-07-12 17:01:39] Keputusan analis: Wait
[2026-07-12 17:01:39] Validasi gagal / keputusan WAIT. Tidak ada eksekusi.
[2026-07-12 17:02:39] Siklus Menit Baru. Harga BTC Terakhir: $63954.48
[ANALIS] State: BULLISH | EMA(13/34): $63968.8/$63953.2 | VWAP Sesi: $63932.79 | Vol Surge: 0.0x | BB50: [$63761.18 - $64069.49] | Tren 15m: BEARISH
[DEBUG] EMA streak: 0 | EMA_FAST(13): 63968.77 | EMA_SLOW(34): 63953.20 | Selisih: 15.57
[2026-07-12 17:02:39] Keputusan analis: Wait
[2026-07-12 17:02:39] Validasi gagal / keputusan WAIT. Tidak ada eksekusi.
[2026-07-12 17:03:40] Siklus Menit Baru. Harga BTC Terakhir: $63934.14
[ANALIS] State: BULLISH | EMA(13/34): $63963.2/$63951.4 | VWAP Sesi: $63932.79 | Vol Surge: 0.0x | BB50: [$63761.91 - $64070.03] | Tren 15m: BEARISH
[DEBUG] EMA streak: 0 | EMA_FAST(13): 63963.18 | EMA_SLOW(34): 63951.45 | Selisih: 11.74
[2026-07-12 17:03:40] Keputusan analis: Wait
[2026-07-12 17:03:40] Validasi gagal / keputusan WAIT. Tidak ada eksekusi.
[2026-07-12 17:04:40] Siklus Menit Baru. Harga BTC Terakhir: $63945.12
[ANALIS] State: BULLISH | EMA(13/34): $63961.1/$63950.0 | VWAP Sesi: $63932.79 | Vol Surge: 0.0x | BB50: [$63763.02 - $64071.29] | Tren 15m: BEARISH
[DEBUG] EMA streak: 0 | EMA_FAST(13): 63961.12 | EMA_SLOW(34): 63949.96 | Selisih: 11.16
[2026-07-12 17:04:40] Keputusan analis: Wait
[2026-07-12 17:04:40] Validasi gagal / keputusan WAIT. Tidak ada eksekusi.
[2026-07-12 17:05:40] Siklus Menit Baru. Harga BTC Terakhir: $63926.01
[ANALIS] State: BULLISH | EMA(13/34): $63956.1/$63947.2 | VWAP Sesi: $63932.79 | Vol Surge: 0.1x | BB50: [$63764.99 - $64071.80] | Tren 15m: BEARISH
[DEBUG] EMA streak: 0 | EMA_FAST(13): 63956.09 | EMA_SLOW(34): 63947.15 | Selisih: 8.94
[2026-07-12 17:05:40] Keputusan analis: Wait
[2026-07-12 17:05:40] Validasi gagal / keputusan WAIT. Tidak ada eksekusi.
[2026-07-12 17:06:40] Siklus Menit Baru. Harga BTC Terakhir: $63932.66
[ANALIS] State: BULLISH | EMA(13/34): $63952.6/$63945.7 | VWAP Sesi: $63932.79 | Vol Surge: 0.0x | BB50: [$63768.62 - $64071.95] | Tren 15m: BEARISH
[DEBUG] EMA streak: 0 | EMA_FAST(13): 63952.62 | EMA_SLOW(34): 63945.74 | Selisih: 6.88
[2026-07-12 17:06:40] Keputusan analis: Wait
[2026-07-12 17:06:40] Validasi gagal / keputusan WAIT. Tidak ada eksekusi.
[2026-07-12 17:07:40] Siklus Menit Baru. Harga BTC Terakhir: $63918.76
[ANALIS] State: BULLISH | EMA(13/34): $63948.7/$63945.4 | VWAP Sesi: $63932.79 | Vol Surge: 0.0x | BB50: [$63772.91 - $64071.63] | Tren 15m: BEARISH
[DEBUG] EMA streak: 0 | EMA_FAST(13): 63948.69 | EMA_SLOW(34): 63945.36 | Selisih: 3.33
[2026-07-12 17:07:40] Keputusan analis: Wait
[2026-07-12 17:07:40] Validasi gagal / keputusan WAIT. Tidak ada eksekusi.
[2026-07-12 17:08:40] Siklus Menit Baru. Harga BTC Terakhir: $63905.24
[ANALIS] State: BEARISH | EMA(13/34): $63942.5/$63943.1 | VWAP Sesi: $63932.79 | Vol Surge: 0.0x | BB50: [$63775.89 - $64071.20] | Tren 15m: BEARISH
[DEBUG] EMA streak: 0 | EMA_FAST(13): 63942.48 | EMA_SLOW(34): 63943.08 | Selisih: -0.60
[2026-07-12 17:08:40] Keputusan analis: Wait
[2026-07-12 17:08:40] Validasi gagal / keputusan WAIT. Tidak ada eksekusi.
[2026-07-12 17:09:41] Siklus Menit Baru. Harga BTC Terakhir: $63907.84
[ANALIS] State: BEARISH | EMA(13/34): $63936.7/$63939.7 | VWAP Sesi: $63932.77 | Vol Surge: 0.0x | BB50: [$63778.78 - $64070.70] | Tren 15m: BEARISH
[DEBUG] EMA streak: 0 | EMA_FAST(13): 63936.74 | EMA_SLOW(34): 63939.71 | Selisih: -2.97
[2026-07-12 17:09:41] Keputusan analis: Wait
[2026-07-12 17:09:41] Validasi gagal / keputusan WAIT. Tidak ada eksekusi.
[2026-07-12 17:10:41] Siklus Menit Baru. Harga BTC Terakhir: $63905.12
[ANALIS] State: BEARISH | EMA(13/34): $63932.2/$63936.2 | VWAP Sesi: $63932.77 | Vol Surge: 0.0x | BB50: [$63783.26 - $64069.53] | Tren 15m: BEARISH
[DEBUG] EMA streak: 0 | EMA_FAST(13): 63932.21 | EMA_SLOW(34): 63936.23 | Selisih: -4.02
[2026-07-12 17:10:41] Keputusan analis: Wait
[2026-07-12 17:10:41] Validasi gagal / keputusan WAIT. Tidak ada eksekusi.
[2026-07-12 17:11:41] Siklus Menit Baru. Harga BTC Terakhir: $63918.76
[ANALIS] State: BEARISH | EMA(13/34): $63930.3/$63933.6 | VWAP Sesi: $63932.77 | Vol Surge: 0.0x | BB50: [$63790.81 - $64066.96] | Tren 15m: BEARISH
[DEBUG] EMA streak: 0 | EMA_FAST(13): 63930.27 | EMA_SLOW(34): 63933.65 | Selisih: -3.37
[2026-07-12 17:11:41] Keputusan analis: Wait
[2026-07-12 17:11:41] Validasi gagal / keputusan WAIT. Tidak ada eksekusi.
[2026-07-12 17:12:41] Siklus Menit Baru. Harga BTC Terakhir: $63922.00
[ANALIS] State: BEARISH | EMA(13/34): $63929.2/$63934.1 | VWAP Sesi: $63932.77 | Vol Surge: 0.0x | BB50: [$63802.26 - $64061.88] | Tren 15m: BEARISH
[DEBUG] EMA streak: 0 | EMA_FAST(13): 63929.25 | EMA_SLOW(34): 63934.15 | Selisih: -4.90
[2026-07-12 17:12:41] Keputusan analis: Wait
[2026-07-12 17:12:41] Validasi gagal / keputusan WAIT. Tidak ada eksekusi.
[2026-07-12 17:13:41] Siklus Menit Baru. Harga BTC Terakhir: $63922.00
[ANALIS] State: BEARISH | EMA(13/34): $63928.2/$63933.6 | VWAP Sesi: $63932.77 | Vol Surge: 0.0x | BB50: [$63811.94 - $64057.68] | Tren 15m: BEARISH
[DEBUG] EMA streak: 0 | EMA_FAST(13): 63928.21 | EMA_SLOW(34): 63933.59 | Selisih: -5.37
[2026-07-12 17:13:41] Keputusan analis: Wait
[2026-07-12 17:13:41] Validasi gagal / keputusan WAIT. Tidak ada eksekusi.
[2026-07-12 17:14:41] Siklus Menit Baru. Harga BTC Terakhir: $63924.01
[ANALIS] State: BEARISH | EMA(13/34): $63927.8/$63934.3 | VWAP Sesi: $63932.76 | Vol Surge: 0.0x | BB50: [$63822.08 - $64053.05] | Tren 15m: BEARISH
[DEBUG] EMA streak: 0 | EMA_FAST(13): 63927.76 | EMA_SLOW(34): 63934.29 | Selisih: -6.53
[2026-07-12 17:14:41] Keputusan analis: Wait
[2026-07-12 17:14:41] Validasi gagal / keputusan WAIT. Tidak ada eksekusi.
[2026-07-12 17:15:42] Siklus Menit Baru. Harga BTC Terakhir: $63926.00
[ANALIS] State: BEARISH | EMA(13/34): $63928.0/$63934.2 | VWAP Sesi: $63932.76 | Vol Surge: 0.0x | BB50: [$63830.33 - $64049.58] | Tren 15m: BEARISH
[DEBUG] EMA streak: 0 | EMA_FAST(13): 63927.98 | EMA_SLOW(34): 63934.23 | Selisih: -6.25
[2026-07-12 17:15:42] Keputusan analis: Wait
[2026-07-12 17:15:42] Validasi gagal / keputusan WAIT. Tidak ada eksekusi.
[2026-07-12 17:16:42] Siklus Menit Baru. Harga BTC Terakhir: $63918.01
[ANALIS] State: SIDEWAYS | EMA(13/34): $63926.6/$63933.4 | VWAP Sesi: $63932.76 | Vol Surge: 0.0x | BB50: [$63838.26 - $64045.82] | Tren 15m: BEARISH
[ANALIS-SIDEWAYS] WAIT - Lebar BB sempit (0.325%). Butuh min 1.0% untuk tutup fee & spread.
[2026-07-12 17:16:42] Keputusan analis: Wait
[2026-07-12 17:16:42] Validasi gagal / keputusan WAIT. Tidak ada eksekusi.
[2026-07-12 17:17:42] Siklus Menit Baru. Harga BTC Terakhir: $63904.73
[ANALIS] State: SIDEWAYS | EMA(13/34): $63920.8/$63931.1 | VWAP Sesi: $63932.75 | Vol Surge: 0.1x | BB50: [$63844.85 - $64041.93] | Tren 15m: BEARISH
[ANALIS-SIDEWAYS] WAIT - Lebar BB sempit (0.308%). Butuh min 1.0% untuk tutup fee & spread.
[2026-07-12 17:17:42] Keputusan analis: Wait
[2026-07-12 17:17:42] Validasi gagal / keputusan WAIT. Tidak ada eksekusi.
[2026-07-12 17:18:42] Siklus Menit Baru. Harga BTC Terakhir: $63908.00
[ANALIS] State: SIDEWAYS | EMA(13/34): $63918.8/$63929.9 | VWAP Sesi: $63932.74 | Vol Surge: 0.0x | BB50: [$63851.74 - $64038.30] | Tren 15m: BEARISH
[ANALIS-SIDEWAYS] WAIT - Lebar BB sempit (0.292%). Butuh min 1.0% untuk tutup fee & spread.
[2026-07-12 17:18:42] Keputusan analis: Wait
[2026-07-12 17:18:42] Validasi gagal / keputusan WAIT. Tidak ada eksekusi.
[2026-07-12 17:19:42] Siklus Menit Baru. Harga BTC Terakhir: $63912.00
[ANALIS] State: SIDEWAYS | EMA(13/34): $63918.4/$63929.7 | VWAP Sesi: $63932.74 | Vol Surge: 0.0x | BB50: [$63859.25 - $64034.30] | Tren 15m: BEARISH
[ANALIS-SIDEWAYS] WAIT - Lebar BB sempit (0.274%). Butuh min 1.0% untuk tutup fee & spread.
[2026-07-12 17:19:42] Keputusan analis: Wait
[2026-07-12 17:19:42] Validasi gagal / keputusan WAIT. Tidak ada eksekusi.
[2026-07-12 17:20:42] Siklus Menit Baru. Harga BTC Terakhir: $63916.00
[ANALIS] State: SIDEWAYS | EMA(13/34): $63918.0/$63929.9 | VWAP Sesi: $63932.74 | Vol Surge: 0.0x | BB50: [$63865.74 - $64030.85] | Tren 15m: BEARISH
[ANALIS-SIDEWAYS] WAIT - Lebar BB sempit (0.258%). Butuh min 1.0% untuk tutup fee & spread.
[2026-07-12 17:20:42] Keputusan analis: Wait
[2026-07-12 17:20:42] Validasi gagal / keputusan WAIT. Tidak ada eksekusi.
[2026-07-12 17:21:43] Siklus Menit Baru. Harga BTC Terakhir: $63923.99
[ANALIS] State: SIDEWAYS | EMA(13/34): $63919.6/$63931.1 | VWAP Sesi: $63932.74 | Vol Surge: 0.0x | BB50: [$63871.08 - $64028.36] | Tren 15m: BEARISH
[ANALIS-SIDEWAYS] WAIT - Lebar BB sempit (0.246%). Butuh min 1.0% untuk tutup fee & spread.
[2026-07-12 17:21:43] Keputusan analis: Wait
[2026-07-12 17:21:43] Validasi gagal / keputusan WAIT. Tidak ada eksekusi.
[2026-07-12 17:22:43] Siklus Menit Baru. Harga BTC Terakhir: $63928.01
[ANALIS] State: SIDEWAYS | EMA(13/34): $63920.6/$63932.4 | VWAP Sesi: $63932.74 | Vol Surge: 0.1x | BB50: [$63874.00 - $64027.18] | Tren 15m: BULLISH
[ANALIS-SIDEWAYS] WAIT - Lebar BB sempit (0.240%). Butuh min 1.0% untuk tutup fee & spread.
[2026-07-12 17:22:43] Keputusan analis: Wait
[2026-07-12 17:22:43] Validasi gagal / keputusan WAIT. Tidak ada eksekusi.
[2026-07-12 17:23:43] Siklus Menit Baru. Harga BTC Terakhir: $63908.00
[ANALIS] State: SIDEWAYS | EMA(13/34): $63917.1/$63929.5 | VWAP Sesi: $63932.73 | Vol Surge: 0.0x | BB50: [$63873.04 - $64027.42] | Tren 15m: BULLISH
[ANALIS-SIDEWAYS] WAIT - Lebar BB sempit (0.242%). Butuh min 1.0% untuk tutup fee & spread.
[2026-07-12 17:23:43] Keputusan analis: Wait
[2026-07-12 17:23:43] Validasi gagal / keputusan WAIT. Tidak ada eksekusi.
[2026-07-12 17:24:43] Siklus Menit Baru. Harga BTC Terakhir: $63900.00
[ANALIS] State: SIDEWAYS | EMA(13/34): $63914.6/$63928.5 | VWAP Sesi: $63932.73 | Vol Surge: 0.0x | BB50: [$63873.26 - $64027.32] | Tren 15m: BEARISH
[ANALIS-SIDEWAYS] WAIT - Lebar BB sempit (0.241%). Butuh min 1.0% untuk tutup fee & spread.
[2026-07-12 17:24:43] Keputusan analis: Wait
[2026-07-12 17:24:43] Validasi gagal / keputusan WAIT. Tidak ada eksekusi.
[2026-07-12 17:25:43] Siklus Menit Baru. Harga BTC Terakhir: $63893.37
[ANALIS] State: SIDEWAYS | EMA(13/34): $63911.2/$63926.2 | VWAP Sesi: $63932.72 | Vol Surge: 0.0x | BB50: [$63871.87 - $64027.92] | Tren 15m: BEARISH
[ANALIS-SIDEWAYS] WAIT - Lebar BB sempit (0.244%). Butuh min 1.0% untuk tutup fee & spread.
[2026-07-12 17:25:43] Keputusan analis: Wait
[2026-07-12 17:25:43] Validasi gagal / keputusan WAIT. Tidak ada eksekusi.
[2026-07-12 17:26:43] Siklus Menit Baru. Harga BTC Terakhir: $63892.49
[ANALIS] State: SIDEWAYS | EMA(13/34): $63908.6/$63925.3 | VWAP Sesi: $63932.71 | Vol Surge: 0.0x | BB50: [$63870.78 - $64028.39] | Tren 15m: BEARISH
[ANALIS-SIDEWAYS] WAIT - Lebar BB sempit (0.247%). Butuh min 1.0% untuk tutup fee & spread.
[2026-07-12 17:26:43] Keputusan analis: Wait
[2026-07-12 17:26:43] Validasi gagal / keputusan WAIT. Tidak ada eksekusi.
[2026-07-12 17:27:44] Siklus Menit Baru. Harga BTC Terakhir: $63892.49
[ANALIS] State: SIDEWAYS | EMA(13/34): $63906.3/$63923.2 | VWAP Sesi: $63932.71 | Vol Surge: 0.0x | BB50: [$63868.67 - $64029.07] | Tren 15m: BEARISH
[ANALIS-SIDEWAYS] WAIT - Lebar BB sempit (0.251%). Butuh min 1.0% untuk tutup fee & spread.
[2026-07-12 17:27:44] Keputusan analis: Wait
[2026-07-12 17:27:44] Validasi gagal / keputusan WAIT. Tidak ada eksekusi.
[2026-07-12 17:28:44] Siklus Menit Baru. Harga BTC Terakhir: $63886.69
[ANALIS] State: SIDEWAYS | EMA(13/34): $63903.5/$63922.1 | VWAP Sesi: $63932.69 | Vol Surge: 0.2x | BB50: [$63866.40 - $64029.91] | Tren 15m: BEARISH
[ANALIS-SIDEWAYS] WAIT - Lebar BB sempit (0.256%). Butuh min 1.0% untuk tutup fee & spread.
[2026-07-12 17:28:44] Keputusan analis: Wait
[2026-07-12 17:28:44] Validasi gagal / keputusan WAIT. Tidak ada eksekusi.
[2026-07-12 17:29:44] Siklus Menit Baru. Harga BTC Terakhir: $63886.68
[ANALIS] State: SIDEWAYS | EMA(13/34): $63901.1/$63922.2 | VWAP Sesi: $63932.68 | Vol Surge: 0.0x | BB50: [$63863.50 - $64030.58] | Tren 15m: BEARISH
[ANALIS-SIDEWAYS] WAIT - Lebar BB sempit (0.262%). Butuh min 1.0% untuk tutup fee & spread.
[2026-07-12 17:29:44] Keputusan analis: Wait
[2026-07-12 17:29:44] Validasi gagal / keputusan WAIT. Tidak ada eksekusi.
[2026-07-12 17:30:44] Siklus Menit Baru. Harga BTC Terakhir: $63882.01
[ANALIS] State: SIDEWAYS | EMA(13/34): $63898.0/$63921.0 | VWAP Sesi: $63932.67 | Vol Surge: 0.0x | BB50: [$63859.98 - $64029.95] | Tren 15m: BEARISH
[ANALIS-SIDEWAYS] WAIT - Lebar BB sempit (0.266%). Butuh min 1.0% untuk tutup fee & spread.
[2026-07-12 17:30:44] Keputusan analis: Wait
[2026-07-12 17:30:44] Validasi gagal / keputusan WAIT. Tidak ada eksekusi.
[2026-07-12 17:31:44] Siklus Menit Baru. Harga BTC Terakhir: $63881.12
[ANALIS] State: SIDEWAYS | EMA(13/34): $63895.6/$63919.6 | VWAP Sesi: $63932.67 | Vol Surge: 0.0x | BB50: [$63857.48 - $64027.45] | Tren 15m: BEARISH
[ANALIS-SIDEWAYS] WAIT - Lebar BB sempit (0.266%). Butuh min 1.0% untuk tutup fee & spread.
[2026-07-12 17:31:44] Keputusan analis: Wait
[2026-07-12 17:31:44] Validasi gagal / keputusan WAIT. Tidak ada eksekusi.
[2026-07-12 17:32:44] Siklus Menit Baru. Harga BTC Terakhir: $63886.69
[ANALIS] State: SIDEWAYS | EMA(13/34): $63895.0/$63917.6 | VWAP Sesi: $63932.67 | Vol Surge: 0.0x | BB50: [$63856.95 - $64022.74] | Tren 15m: BEARISH
[ANALIS-SIDEWAYS] WAIT - Lebar BB sempit (0.259%). Butuh min 1.0% untuk tutup fee & spread.
[2026-07-12 17:32:44] Keputusan analis: Wait
[2026-07-12 17:32:44] Validasi gagal / keputusan WAIT. Tidak ada eksekusi.
[2026-07-12 17:33:44] Siklus Menit Baru. Harga BTC Terakhir: $63890.38
[ANALIS] State: SIDEWAYS | EMA(13/34): $63894.4/$63915.7 | VWAP Sesi: $63932.66 | Vol Surge: 0.0x | BB50: [$63856.12 - $64018.63] | Tren 15m: BEARISH
[ANALIS-SIDEWAYS] WAIT - Lebar BB sempit (0.254%). Butuh min 1.0% untuk tutup fee & spread.
[2026-07-12 17:33:44] Keputusan analis: Wait
[2026-07-12 17:33:44] Validasi gagal / keputusan WAIT. Tidak ada eksekusi.
[2026-07-12 17:34:45] Siklus Menit Baru. Harga BTC Terakhir: $63904.99
[ANALIS] State: SIDEWAYS | EMA(13/34): $63896.1/$63915.3 | VWAP Sesi: $63932.66 | Vol Surge: 0.1x | BB50: [$63856.23 - $64014.46] | Tren 15m: BEARISH
[ANALIS-SIDEWAYS] WAIT - Lebar BB sempit (0.248%). Butuh min 1.0% untuk tutup fee & spread.
[2026-07-12 17:34:45] Keputusan analis: Wait
[2026-07-12 17:34:45] Validasi gagal / keputusan WAIT. Tidak ada eksekusi.
[2026-07-12 17:35:45] Siklus Menit Baru. Harga BTC Terakhir: $63910.03
[ANALIS] State: SIDEWAYS | EMA(13/34): $63898.1/$63915.2 | VWAP Sesi: $63932.66 | Vol Surge: 0.0x | BB50: [$63856.86 - $64009.83] | Tren 15m: BEARISH
[ANALIS-SIDEWAYS] WAIT - Lebar BB sempit (0.239%). Butuh min 1.0% untuk tutup fee & spread.
[2026-07-12 17:35:45] Keputusan analis: Wait
[2026-07-12 17:35:45] Validasi gagal / keputusan WAIT. Tidak ada eksekusi.
[2026-07-12 17:36:45] Siklus Menit Baru. Harga BTC Terakhir: $63899.21
[ANALIS] State: SIDEWAYS | EMA(13/34): $63898.2/$63913.9 | VWAP Sesi: $63932.63 | Vol Surge: 0.4x | BB50: [$63857.60 - $64004.48] | Tren 15m: BEARISH
[ANALIS-SIDEWAYS] WAIT - Lebar BB sempit (0.230%). Butuh min 1.0% untuk tutup fee & spread.
[2026-07-12 17:36:45] Keputusan analis: Wait
[2026-07-12 17:36:45] Validasi gagal / keputusan WAIT. Tidak ada eksekusi.
[2026-07-12 17:37:45] Siklus Menit Baru. Harga BTC Terakhir: $63895.08
[ANALIS] State: SIDEWAYS | EMA(13/34): $63897.8/$63912.0 | VWAP Sesi: $63932.63 | Vol Surge: 0.1x | BB50: [$63857.93 - $63999.71] | Tren 15m: BEARISH
[ANALIS-SIDEWAYS] WAIT - Lebar BB sempit (0.222%). Butuh min 1.0% untuk tutup fee & spread.
[2026-07-12 17:37:45] Keputusan analis: Wait
[2026-07-12 17:37:45] Validasi gagal / keputusan WAIT. Tidak ada eksekusi.
[2026-07-12 17:38:45] Siklus Menit Baru. Harga BTC Terakhir: $63882.49
[ANALIS] State: SIDEWAYS | EMA(13/34): $63895.6/$63910.3 | VWAP Sesi: $63932.62 | Vol Surge: 0.2x | BB50: [$63856.93 - $63996.33] | Tren 15m: BEARISH
[ANALIS-SIDEWAYS] WAIT - Lebar BB sempit (0.218%). Butuh min 1.0% untuk tutup fee & spread.
[2026-07-12 17:38:45] Keputusan analis: Wait
[2026-07-12 17:38:45] Validasi gagal / keputusan WAIT. Tidak ada eksekusi.
[2026-07-12 17:39:46] Siklus Menit Baru. Harga BTC Terakhir: $63889.79
[ANALIS] State: SIDEWAYS | EMA(13/34): $63894.8/$63909.4 | VWAP Sesi: $63932.61 | Vol Surge: 0.1x | BB50: [$63856.63 - $63992.58] | Tren 15m: BEARISH
[ANALIS-SIDEWAYS] WAIT - Lebar BB sempit (0.213%). Butuh min 1.0% untuk tutup fee & spread.
[2026-07-12 17:39:46] Keputusan analis: Wait
[2026-07-12 17:39:46] Validasi gagal / keputusan WAIT. Tidak ada eksekusi.
[2026-07-12 17:40:46] Siklus Menit Baru. Harga BTC Terakhir: $63859.79
[ANALIS] State: SIDEWAYS | EMA(13/34): $63887.9/$63905.4 | VWAP Sesi: $63932.59 | Vol Surge: 0.1x | BB50: [$63853.61 - $63989.56] | Tren 15m: BEARISH
[ANALIS-SIDEWAYS] WAIT - Lebar BB sempit (0.213%). Butuh min 1.0% untuk tutup fee & spread.
[2026-07-12 17:40:46] Keputusan analis: Wait
[2026-07-12 17:40:46] Validasi gagal / keputusan WAIT. Tidak ada eksekusi.
[2026-07-12 17:41:46] Siklus Menit Baru. Harga BTC Terakhir: $63859.29
[ANALIS] State: SIDEWAYS | EMA(13/34): $63883.8/$63902.1 | VWAP Sesi: $63932.59 | Vol Surge: 0.1x | BB50: [$63851.71 - $63986.22] | Tren 15m: BEARISH
[ANALIS-SIDEWAYS] WAIT - Lebar BB sempit (0.211%). Butuh min 1.0% untuk tutup fee & spread.
[2026-07-12 17:41:46] Keputusan analis: Wait
[2026-07-12 17:41:46] Validasi gagal / keputusan WAIT. Tidak ada eksekusi.
[2026-07-12 17:42:46] Siklus Menit Baru. Harga BTC Terakhir: $63855.01
[ANALIS] State: SIDEWAYS | EMA(13/34): $63879.7/$63899.4 | VWAP Sesi: $63932.58 | Vol Surge: 0.0x | BB50: [$63848.99 - $63984.06] | Tren 15m: BEARISH
[ANALIS-SIDEWAYS] WAIT - Lebar BB sempit (0.212%). Butuh min 1.0% untuk tutup fee & spread.
[2026-07-12 17:42:46] Keputusan analis: Wait
[2026-07-12 17:42:46] Validasi gagal / keputusan WAIT. Tidak ada eksekusi.
[2026-07-12 17:43:46] Siklus Menit Baru. Harga BTC Terakhir: $63850.02
[ANALIS] State: SIDEWAYS | EMA(13/34): $63875.3/$63897.7 | VWAP Sesi: $63932.57 | Vol Surge: 0.0x | BB50: [$63846.02 - $63981.91] | Tren 15m: BEARISH
[ANALIS-SIDEWAYS] WAIT - Lebar BB sempit (0.213%). Butuh min 1.0% untuk tutup fee & spread.
[2026-07-12 17:43:46] Keputusan analis: Wait
[2026-07-12 17:43:46] Validasi gagal / keputusan WAIT. Tidak ada eksekusi.
[2026-07-12 17:44:46] Siklus Menit Baru. Harga BTC Terakhir: $63867.52
[ANALIS] State: SIDEWAYS | EMA(13/34): $63873.9/$63895.3 | VWAP Sesi: $63932.48 | Vol Surge: 2.0x | BB50: [$63846.59 - $63975.96] | Tren 15m: BEARISH
[ANALIS-SIDEWAYS] WAIT - Lebar BB sempit (0.203%). Butuh min 1.0% untuk tutup fee & spread.
[2026-07-12 17:44:46] Keputusan analis: Wait
[2026-07-12 17:44:46] Validasi gagal / keputusan WAIT. Tidak ada eksekusi.
[2026-07-12 17:45:47] Siklus Menit Baru. Harga BTC Terakhir: $63861.21
[ANALIS] State: SIDEWAYS | EMA(13/34): $63873.1/$63893.5 | VWAP Sesi: $63932.38 | Vol Surge: 0.3x | BB50: [$63847.11 - $63970.66] | Tren 15m: BEARISH
[ANALIS-SIDEWAYS] WAIT - Lebar BB sempit (0.193%). Butuh min 1.0% untuk tutup fee & spread.
[2026-07-12 17:45:47] Keputusan analis: Wait
[2026-07-12 17:45:47] Validasi gagal / keputusan WAIT. Tidak ada eksekusi.
[2026-07-12 17:46:47] Siklus Menit Baru. Harga BTC Terakhir: $63850.01
[ANALIS] State: SIDEWAYS | EMA(13/34): $63869.7/$63890.5 | VWAP Sesi: $63932.34 | Vol Surge: 0.3x | BB50: [$63846.06 - $63966.33] | Tren 15m: BEARISH
[ANALIS-SIDEWAYS] WAIT - Lebar BB sempit (0.188%). Butuh min 1.0% untuk tutup fee & spread.
[2026-07-12 17:46:47] Keputusan analis: Wait
[2026-07-12 17:46:47] Validasi gagal / keputusan WAIT. Tidak ada eksekusi.
[2026-07-12 17:47:47] Siklus Menit Baru. Harga BTC Terakhir: $63852.05
[ANALIS] State: SIDEWAYS | EMA(13/34): $63867.2/$63887.9 | VWAP Sesi: $63932.32 | Vol Surge: 0.5x | BB50: [$63844.88 - $63962.66] | Tren 15m: BEARISH
[ANALIS-SIDEWAYS] WAIT - Lebar BB sempit (0.184%). Butuh min 1.0% untuk tutup fee & spread.
[2026-07-12 17:47:47] Keputusan analis: Wait
[2026-07-12 17:47:47] Validasi gagal / keputusan WAIT. Tidak ada eksekusi.
[2026-07-12 17:48:47] Siklus Menit Baru. Harga BTC Terakhir: $63859.53
[ANALIS] State: SIDEWAYS | EMA(13/34): $63867.2/$63886.5 | VWAP Sesi: $63932.31 | Vol Surge: 0.4x | BB50: [$63844.92 - $63958.72] | Tren 15m: BEARISH
[ANALIS-SIDEWAYS] WAIT - Lebar BB sempit (0.178%). Butuh min 1.0% untuk tutup fee & spread.
[2026-07-12 17:48:47] Keputusan analis: Wait
[2026-07-12 17:48:47] Validasi gagal / keputusan WAIT. Tidak ada eksekusi.
[2026-07-12 17:49:47] Siklus Menit Baru. Harga BTC Terakhir: $63850.01
[ANALIS] State: SIDEWAYS | EMA(13/34): $63864.7/$63883.8 | VWAP Sesi: $63932.29 | Vol Surge: 0.8x | BB50: [$63843.49 - $63955.68] | Tren 15m: BEARISH
[ANALIS-SIDEWAYS] WAIT - Lebar BB sempit (0.176%). Butuh min 1.0% untuk tutup fee & spread.
[2026-07-12 17:49:47] Keputusan analis: Wait
[2026-07-12 17:49:47] Validasi gagal / keputusan WAIT. Tidak ada eksekusi.
[2026-07-12 17:50:47] Siklus Menit Baru. Harga BTC Terakhir: $63850.01
[ANALIS] State: SIDEWAYS | EMA(13/34): $63862.6/$63882.1 | VWAP Sesi: $63932.23 | Vol Surge: 3.2x | BB50: [$63841.72 - $63953.44] | Tren 15m: BEARISH
[ANALIS-SIDEWAYS] WAIT - Lebar BB sempit (0.175%). Butuh min 1.0% untuk tutup fee & spread.
[2026-07-12 17:50:47] Keputusan analis: Wait
[2026-07-12 17:50:47] Validasi gagal / keputusan WAIT. Tidak ada eksekusi.
[2026-07-12 17:51:48] Siklus Menit Baru. Harga BTC Terakhir: $63845.01
[ANALIS] State: SIDEWAYS | EMA(13/34): $63860.1/$63879.7 | VWAP Sesi: $63932.20 | Vol Surge: 1.2x | BB50: [$63840.04 - $63950.73] | Tren 15m: BEARISH
[ANALIS-SIDEWAYS] WAIT - Lebar BB sempit (0.173%). Butuh min 1.0% untuk tutup fee & spread.
[2026-07-12 17:51:48] Keputusan analis: Wait
[2026-07-12 17:51:48] Validasi gagal / keputusan WAIT. Tidak ada eksekusi.
[2026-07-12 17:52:48] Siklus Menit Baru. Harga BTC Terakhir: $63845.01
[ANALIS] State: SIDEWAYS | EMA(13/34): $63857.9/$63877.2 | VWAP Sesi: $63932.20 | Vol Surge: 0.1x | BB50: [$63838.38 - $63948.22] | Tren 15m: BEARISH
[ANALIS-SIDEWAYS] WAIT - Lebar BB sempit (0.172%). Butuh min 1.0% untuk tutup fee & spread.
[2026-07-12 17:52:48] Keputusan analis: Wait
[2026-07-12 17:52:48] Validasi gagal / keputusan WAIT. Tidak ada eksekusi.
[2026-07-12 17:53:48] Siklus Menit Baru. Harga BTC Terakhir: $63843.89
[ANALIS] State: SIDEWAYS | EMA(13/34): $63856.5/$63875.9 | VWAP Sesi: $63932.15 | Vol Surge: 0.9x | BB50: [$63836.75 - $63946.27] | Tren 15m: BEARISH
[ANALIS-SIDEWAYS] WAIT - Lebar BB sempit (0.172%). Butuh min 1.0% untuk tutup fee & spread.
[2026-07-12 17:53:48] Keputusan analis: Wait
[2026-07-12 17:53:48] Validasi gagal / keputusan WAIT. Tidak ada eksekusi.
[2026-07-12 17:54:48] Siklus Menit Baru. Harga BTC Terakhir: $63843.41
[ANALIS] State: SIDEWAYS | EMA(13/34): $63854.7/$63873.0 | VWAP Sesi: $63932.14 | Vol Surge: 0.3x | BB50: [$63835.28 - $63943.68] | Tren 15m: BEARISH
[ANALIS-SIDEWAYS] WAIT - Lebar BB sempit (0.170%). Butuh min 1.0% untuk tutup fee & spread.
[2026-07-12 17:54:48] Keputusan analis: Wait
[2026-07-12 17:54:48] Validasi gagal / keputusan WAIT. Tidak ada eksekusi.
[2026-07-12 17:55:48] Siklus Menit Baru. Harga BTC Terakhir: $63878.87
[ANALIS] State: SIDEWAYS | EMA(13/34): $63858.1/$63874.1 | VWAP Sesi: $63932.11 | Vol Surge: 2.3x | BB50: [$63835.24 - $63941.87] | Tren 15m: BULLISH
[ANALIS-SIDEWAYS] WAIT - Lebar BB sempit (0.167%). Butuh min 1.0% untuk tutup fee & spread.
[2026-07-12 17:55:48] Keputusan analis: Wait
[2026-07-12 17:55:48] Validasi gagal / keputusan WAIT. Tidak ada eksekusi.
[2026-07-12 17:56:48] Siklus Menit Baru. Harga BTC Terakhir: $63893.86
[ANALIS] State: SIDEWAYS | EMA(13/34): $63864.1/$63874.5 | VWAP Sesi: $63932.11 | Vol Surge: 0.8x | BB50: [$63836.55 - $63938.99] | Tren 15m: BULLISH
[ANALIS-SIDEWAYS] WAIT - Lebar BB sempit (0.160%). Butuh min 1.0% untuk tutup fee & spread.
[2026-07-12 17:56:48] Keputusan analis: Wait
[2026-07-12 17:56:48] Validasi gagal / keputusan WAIT. Tidak ada eksekusi.
[2026-07-12 17:57:49] Siklus Menit Baru. Harga BTC Terakhir: $63886.00
[ANALIS] State: SIDEWAYS | EMA(13/34): $63867.2/$63874.1 | VWAP Sesi: $63932.09 | Vol Surge: 1.6x | BB50: [$63836.67 - $63937.57] | Tren 15m: BULLISH
[ANALIS-SIDEWAYS] WAIT - Lebar BB sempit (0.158%). Butuh min 1.0% untuk tutup fee & spread.
[2026-07-12 17:57:49] Keputusan analis: Wait
[2026-07-12 17:57:49] Validasi gagal / keputusan WAIT. Tidak ada eksekusi.
[2026-07-12 17:58:49] Siklus Menit Baru. Harga BTC Terakhir: $63875.73
[ANALIS] State: SIDEWAYS | EMA(13/34): $63868.4/$63874.7 | VWAP Sesi: $63931.97 | Vol Surge: 6.6x | BB50: [$63836.22 - $63937.09] | Tren 15m: BULLISH
[ANALIS-SIDEWAYS] WAIT - Lebar BB sempit (0.158%). Butuh min 1.0% untuk tutup fee & spread.
[2026-07-12 17:58:49] Keputusan analis: Wait
[2026-07-12 17:58:49] Validasi gagal / keputusan WAIT. Tidak ada eksekusi.
[2026-07-12 17:59:49] Siklus Menit Baru. Harga BTC Terakhir: $63876.00
[ANALIS] State: SIDEWAYS | EMA(13/34): $63869.8/$63874.7 | VWAP Sesi: $63931.89 | Vol Surge: 4.3x | BB50: [$63835.95 - $63936.19] | Tren 15m: BULLISH
[ANALIS-SIDEWAYS] WAIT - Lebar BB sempit (0.157%). Butuh min 1.0% untuk tutup fee & spread.
[2026-07-12 17:59:49] Keputusan analis: Wait
[2026-07-12 17:59:49] Validasi gagal / keputusan WAIT. Tidak ada eksekusi.
[2026-07-12 18:00:49] Siklus Menit Baru. Harga BTC Terakhir: $63866.00
[ANALIS] State: SIDEWAYS | EMA(13/34): $63868.0/$63874.5 | VWAP Sesi: $63931.55 | Vol Surge: 0.1x | BB50: [$63834.72 - $63935.44] | Tren 15m: BULLISH
[ANALIS-SIDEWAYS] WAIT - Lebar BB sempit (0.158%). Butuh min 1.0% untuk tutup fee & spread.
[2026-07-12 18:00:49] Keputusan analis: Wait
[2026-07-12 18:00:49] Validasi gagal / keputusan WAIT. Tidak ada eksekusi.
[2026-07-12 18:01:49] Siklus Menit Baru. Harga BTC Terakhir: $63868.00
[ANALIS] State: SIDEWAYS | EMA(13/34): $63868.0/$63874.2 | VWAP Sesi: $63931.55 | Vol Surge: 0.1x | BB50: [$63834.47 - $63933.62] | Tren 15m: BULLISH
[ANALIS-SIDEWAYS] WAIT - Lebar BB sempit (0.155%). Butuh min 1.0% untuk tutup fee & spread.
[2026-07-12 18:01:49] Keputusan analis: Wait
[2026-07-12 18:01:49] Validasi gagal / keputusan WAIT. Tidak ada eksekusi.
[2026-07-12 18:02:49] Siklus Menit Baru. Harga BTC Terakhir: $63885.00
[ANALIS] State: SIDEWAYS | EMA(13/34): $63870.4/$63874.8 | VWAP Sesi: $63931.54 | Vol Surge: 0.3x | BB50: [$63834.93 - $63931.68] | Tren 15m: BULLISH
[ANALIS-SIDEWAYS] WAIT - Lebar BB sempit (0.151%). Butuh min 1.0% untuk tutup fee & spread.
[2026-07-12 18:02:49] Keputusan analis: Wait
[2026-07-12 18:02:49] Validasi gagal / keputusan WAIT. Tidak ada eksekusi.
[2026-07-12 18:03:50] Siklus Menit Baru. Harga BTC Terakhir: $63890.04
[ANALIS] State: SIDEWAYS | EMA(13/34): $63873.2/$63876.0 | VWAP Sesi: $63931.54 | Vol Surge: 0.2x | BB50: [$63835.52 - $63929.81] | Tren 15m: BULLISH
[ANALIS-SIDEWAYS] WAIT - Lebar BB sempit (0.148%). Butuh min 1.0% untuk tutup fee & spread.
[2026-07-12 18:03:50] Keputusan analis: Wait
[2026-07-12 18:03:50] Validasi gagal / keputusan WAIT. Tidak ada eksekusi.
[2026-07-12 18:04:50] Siklus Menit Baru. Harga BTC Terakhir: $63903.99
[ANALIS] State: SIDEWAYS | EMA(13/34): $63877.9/$63877.6 | VWAP Sesi: $63931.53 | Vol Surge: 0.2x | BB50: [$63836.49 - $63927.92] | Tren 15m: BULLISH
[ANALIS-SIDEWAYS] WAIT - Lebar BB sempit (0.143%). Butuh min 1.0% untuk tutup fee & spread.
[2026-07-12 18:04:50] Keputusan analis: Wait
[2026-07-12 18:04:50] Validasi gagal / keputusan WAIT. Tidak ada eksekusi.
[2026-07-12 18:05:50] Siklus Menit Baru. Harga BTC Terakhir: $63910.09
[ANALIS] State: SIDEWAYS | EMA(13/34): $63882.5/$63877.9 | VWAP Sesi: $63931.53 | Vol Surge: 0.7x | BB50: [$63837.18 - $63926.59] | Tren 15m: BULLISH
[ANALIS-SIDEWAYS] WAIT - Lebar BB sempit (0.140%). Butuh min 1.0% untuk tutup fee & spread.
[2026-07-12 18:05:50] Keputusan analis: Wait
[2026-07-12 18:05:50] Validasi gagal / keputusan WAIT. Tidak ada eksekusi.
[2026-07-12 18:06:50] Siklus Menit Baru. Harga BTC Terakhir: $63898.01
[ANALIS] State: SIDEWAYS | EMA(13/34): $63884.7/$63879.4 | VWAP Sesi: $63931.52 | Vol Surge: 0.2x | BB50: [$63837.17 - $63926.68] | Tren 15m: BULLISH
[ANALIS-SIDEWAYS] WAIT - Lebar BB sempit (0.140%). Butuh min 1.0% untuk tutup fee & spread.
[2026-07-12 18:06:50] Keputusan analis: Wait
[2026-07-12 18:06:50] Validasi gagal / keputusan WAIT. Tidak ada eksekusi.
[2026-07-12 18:07:50] Siklus Menit Baru. Harga BTC Terakhir: $63898.01
[ANALIS] State: SIDEWAYS | EMA(13/34): $63886.6/$63880.9 | VWAP Sesi: $63931.52 | Vol Surge: 0.2x | BB50: [$63837.26 - $63926.35] | Tren 15m: BULLISH
[ANALIS-SIDEWAYS] WAIT - Lebar BB sempit (0.139%). Butuh min 1.0% untuk tutup fee & spread.
[2026-07-12 18:07:50] Keputusan analis: Wait
[2026-07-12 18:07:50] Validasi gagal / keputusan WAIT. Tidak ada eksekusi.
[2026-07-12 18:08:51] Siklus Menit Baru. Harga BTC Terakhir: $63907.66
[ANALIS] State: SIDEWAYS | EMA(13/34): $63889.4/$63882.4 | VWAP Sesi: $63931.51 | Vol Surge: 1.1x | BB50: [$63837.43 - $63925.94] | Tren 15m: BULLISH
[ANALIS-SIDEWAYS] WAIT - Lebar BB sempit (0.139%). Butuh min 1.0% untuk tutup fee & spread.
[2026-07-12 18:08:51] Keputusan analis: Wait
[2026-07-12 18:08:51] Validasi gagal / keputusan WAIT. Tidak ada eksekusi.
[2026-07-12 18:09:51] Siklus Menit Baru. Harga BTC Terakhir: $63909.99
[ANALIS] State: SIDEWAYS | EMA(13/34): $63892.8/$63884.7 | VWAP Sesi: $63931.51 | Vol Surge: 0.1x | BB50: [$63837.39 - $63926.06] | Tren 15m: BULLISH
[ANALIS-SIDEWAYS] WAIT - Lebar BB sempit (0.139%). Butuh min 1.0% untuk tutup fee & spread.
[2026-07-12 18:09:51] Keputusan analis: Wait
[2026-07-12 18:09:51] Validasi gagal / keputusan WAIT. Tidak ada eksekusi.
[2026-07-12 18:10:51] Siklus Menit Baru. Harga BTC Terakhir: $63888.01
[ANALIS] State: SIDEWAYS | EMA(13/34): $63892.1/$63884.9 | VWAP Sesi: $63931.50 | Vol Surge: 0.5x | BB50: [$63838.18 - $63923.91] | Tren 15m: BULLISH
[ANALIS-SIDEWAYS] WAIT - Lebar BB sempit (0.134%). Butuh min 1.0% untuk tutup fee & spread.
[2026-07-12 18:10:51] Keputusan analis: Wait
[2026-07-12 18:10:51] Validasi gagal / keputusan WAIT. Tidak ada eksekusi.
[2026-07-12 18:11:51] Siklus Menit Baru. Harga BTC Terakhir: $63826.48
[ANALIS] State: SIDEWAYS | EMA(13/34): $63882.0/$63880.8 | VWAP Sesi: $63931.46 | Vol Surge: 0.8x | BB50: [$63835.18 - $63922.84] | Tren 15m: BEARISH
[ANALIS-SIDEWAYS] WAIT - Lebar BB sempit (0.137%). Butuh min 1.0% untuk tutup fee & spread.
[2026-07-12 18:11:51] Keputusan analis: Wait
[2026-07-12 18:11:51] Validasi gagal / keputusan WAIT. Tidak ada eksekusi.
[2026-07-12 18:12:51] Siklus Menit Baru. Harga BTC Terakhir: $63847.99
[ANALIS] State: SIDEWAYS | EMA(13/34): $63877.0/$63878.5 | VWAP Sesi: $63931.43 | Vol Surge: 0.5x | BB50: [$63834.13 - $63921.23] | Tren 15m: BEARISH
[ANALIS-SIDEWAYS] WAIT - Lebar BB sempit (0.136%). Butuh min 1.0% untuk tutup fee & spread.
[2026-07-12 18:12:51] Keputusan analis: Wait
[2026-07-12 18:12:51] Validasi gagal / keputusan WAIT. Tidak ada eksekusi.
[2026-07-12 18:13:52] Siklus Menit Baru. Harga BTC Terakhir: $63858.40
[ANALIS] State: SIDEWAYS | EMA(13/34): $63874.4/$63876.8 | VWAP Sesi: $63931.42 | Vol Surge: 0.4x | BB50: [$63833.69 - $63919.68] | Tren 15m: BEARISH
[ANALIS-SIDEWAYS] WAIT - Lebar BB sempit (0.135%). Butuh min 1.0% untuk tutup fee & spread.
[2026-07-12 18:13:52] Keputusan analis: Wait
[2026-07-12 18:13:52] Validasi gagal / keputusan WAIT. Tidak ada eksekusi.
[2026-07-12 18:14:52] Siklus Menit Baru. Harga BTC Terakhir: $63848.00
[ANALIS] State: SIDEWAYS | EMA(13/34): $63870.6/$63875.0 | VWAP Sesi: $63931.41 | Vol Surge: 0.4x | BB50: [$63832.37 - $63919.05] | Tren 15m: BEARISH
[ANALIS-SIDEWAYS] WAIT - Lebar BB sempit (0.136%). Butuh min 1.0% untuk tutup fee & spread.
[2026-07-12 18:14:52] Keputusan analis: Wait
[2026-07-12 18:14:52] Validasi gagal / keputusan WAIT. Tidak ada eksekusi.
[2026-07-12 18:15:52] Siklus Menit Baru. Harga BTC Terakhir: $63867.93
[ANALIS] State: SIDEWAYS | EMA(13/34): $63870.2/$63874.5 | VWAP Sesi: $63931.39 | Vol Surge: 0.4x | BB50: [$63832.11 - $63918.29] | Tren 15m: BULLISH
[ANALIS-SIDEWAYS] WAIT - Lebar BB sempit (0.135%). Butuh min 1.0% untuk tutup fee & spread.
[2026-07-12 18:15:52] Keputusan analis: Wait
[2026-07-12 18:15:52] Validasi gagal / keputusan WAIT. Tidak ada eksekusi.
[2026-07-12 18:16:52] Siklus Menit Baru. Harga BTC Terakhir: $63888.00
[ANALIS] State: SIDEWAYS | EMA(13/34): $63874.7/$63876.2 | VWAP Sesi: $63931.38 | Vol Surge: 0.6x | BB50: [$63832.44 - $63918.42] | Tren 15m: BULLISH
[ANALIS-SIDEWAYS] WAIT - Lebar BB sempit (0.135%). Butuh min 1.0% untuk tutup fee & spread.
[2026-07-12 18:16:52] Keputusan analis: Wait
[2026-07-12 18:16:52] Validasi gagal / keputusan WAIT. Tidak ada eksekusi.
[2026-07-12 18:17:52] Siklus Menit Baru. Harga BTC Terakhir: $63882.25
[ANALIS] State: SIDEWAYS | EMA(13/34): $63875.8/$63876.2 | VWAP Sesi: $63931.37 | Vol Surge: 0.3x | BB50: [$63832.47 - $63917.98] | Tren 15m: BEARISH
[ANALIS-SIDEWAYS] WAIT - Lebar BB sempit (0.134%). Butuh min 1.0% untuk tutup fee & spread.
[2026-07-12 18:17:52] Keputusan analis: Wait
[2026-07-12 18:17:52] Validasi gagal / keputusan WAIT. Tidak ada eksekusi.
[2026-07-12 18:18:53] Siklus Menit Baru. Harga BTC Terakhir: $63891.82
[ANALIS] State: SIDEWAYS | EMA(13/34): $63878.1/$63877.0 | VWAP Sesi: $63931.37 | Vol Surge: 0.3x | BB50: [$63832.44 - $63918.22] | Tren 15m: BEARISH
[ANALIS-SIDEWAYS] WAIT - Lebar BB sempit (0.134%). Butuh min 1.0% untuk tutup fee & spread.
[2026-07-12 18:18:53] Keputusan analis: Wait
[2026-07-12 18:18:53] Validasi gagal / keputusan WAIT. Tidak ada eksekusi.
[2026-07-12 18:19:53] Siklus Menit Baru. Harga BTC Terakhir: $63897.42
[ANALIS] State: SIDEWAYS | EMA(13/34): $63880.8/$63878.0 | VWAP Sesi: $63931.36 | Vol Surge: 0.3x | BB50: [$63832.32 - $63918.87] | Tren 15m: BEARISH
[ANALIS-SIDEWAYS] WAIT - Lebar BB sempit (0.135%). Butuh min 1.0% untuk tutup fee & spread.
[2026-07-12 18:19:53] Keputusan analis: Wait
[2026-07-12 18:19:53] Validasi gagal / keputusan WAIT. Tidak ada eksekusi.
[2026-07-12 18:20:53] Siklus Menit Baru. Harga BTC Terakhir: $63882.79
[ANALIS] State: SIDEWAYS | EMA(13/34): $63881.3/$63878.6 | VWAP Sesi: $63931.36 | Vol Surge: 0.2x | BB50: [$63832.30 - $63918.97] | Tren 15m: BEARISH
[ANALIS-SIDEWAYS] WAIT - Lebar BB sempit (0.136%). Butuh min 1.0% untuk tutup fee & spread.
[2026-07-12 18:20:53] Keputusan analis: Wait
[2026-07-12 18:20:53] Validasi gagal / keputusan WAIT. Tidak ada eksekusi.
[2026-07-12 18:21:53] Siklus Menit Baru. Harga BTC Terakhir: $63879.71
[ANALIS] State: SIDEWAYS | EMA(13/34): $63881.1/$63878.7 | VWAP Sesi: $63931.36 | Vol Surge: 0.2x | BB50: [$63832.26 - $63918.74] | Tren 15m: BEARISH
[ANALIS-SIDEWAYS] WAIT - Lebar BB sempit (0.135%). Butuh min 1.0% untuk tutup fee & spread.
[2026-07-12 18:21:53] Keputusan analis: Wait
[2026-07-12 18:21:53] Validasi gagal / keputusan WAIT. Tidak ada eksekusi.
[2026-07-12 18:22:53] Siklus Menit Baru. Harga BTC Terakhir: $63861.58
[ANALIS] State: SIDEWAYS | EMA(13/34): $63878.1/$63877.9 | VWAP Sesi: $63931.34 | Vol Surge: 0.4x | BB50: [$63831.69 - $63918.24] | Tren 15m: BEARISH
[ANALIS-SIDEWAYS] WAIT - Lebar BB sempit (0.136%). Butuh min 1.0% untuk tutup fee & spread.
[2026-07-12 18:22:53] Keputusan analis: Wait
[2026-07-12 18:22:53] Validasi gagal / keputusan WAIT. Tidak ada eksekusi.
[2026-07-12 18:23:54] Siklus Menit Baru. Harga BTC Terakhir: $63874.98
[ANALIS] State: SIDEWAYS | EMA(13/34): $63877.6/$63878.4 | VWAP Sesi: $63931.33 | Vol Surge: 0.4x | BB50: [$63831.62 - $63917.62] | Tren 15m: BEARISH
[ANALIS-SIDEWAYS] WAIT - Lebar BB sempit (0.135%). Butuh min 1.0% untuk tutup fee & spread.
[2026-07-12 18:23:54] Keputusan analis: Wait
[2026-07-12 18:23:54] Validasi gagal / keputusan WAIT. Tidak ada eksekusi.
[2026-07-12 18:24:54] Siklus Menit Baru. Harga BTC Terakhir: $63877.29
[ANALIS] State: SIDEWAYS | EMA(13/34): $63877.6/$63878.6 | VWAP Sesi: $63931.32 | Vol Surge: 0.5x | BB50: [$63831.94 - $63916.20] | Tren 15m: BEARISH
[ANALIS-SIDEWAYS] WAIT - Lebar BB sempit (0.132%). Butuh min 1.0% untuk tutup fee & spread.
[2026-07-12 18:24:54] Keputusan analis: Wait
[2026-07-12 18:24:54] Validasi gagal / keputusan WAIT. Tidak ada eksekusi.
[2026-07-12 18:25:54] Siklus Menit Baru. Harga BTC Terakhir: $63884.57
[ANALIS] State: SIDEWAYS | EMA(13/34): $63878.6/$63878.4 | VWAP Sesi: $63931.31 | Vol Surge: 0.3x | BB50: [$63832.58 - $63914.53] | Tren 15m: BULLISH
[ANALIS-SIDEWAYS] WAIT - Lebar BB sempit (0.128%). Butuh min 1.0% untuk tutup fee & spread.
[2026-07-12 18:25:54] Keputusan analis: Wait
[2026-07-12 18:25:54] Validasi gagal / keputusan WAIT. Tidak ada eksekusi.
[2026-07-12 18:26:54] Siklus Menit Baru. Harga BTC Terakhir: $63885.99
[ANALIS] State: SIDEWAYS | EMA(13/34): $63879.6/$63878.6 | VWAP Sesi: $63931.30 | Vol Surge: 0.3x | BB50: [$63832.82 - $63913.77] | Tren 15m: BULLISH
[ANALIS-SIDEWAYS] WAIT - Lebar BB sempit (0.127%). Butuh min 1.0% untuk tutup fee & spread.
[2026-07-12 18:26:54] Keputusan analis: Wait
[2026-07-12 18:26:54] Validasi gagal / keputusan WAIT. Tidak ada eksekusi.
[2026-07-12 18:27:54] Siklus Menit Baru. Harga BTC Terakhir: $63898.00
[ANALIS] State: SIDEWAYS | EMA(13/34): $63882.3/$63879.0 | VWAP Sesi: $63931.30 | Vol Surge: 0.2x | BB50: [$63832.74 - $63913.96] | Tren 15m: BULLISH
[ANALIS-SIDEWAYS] WAIT - Lebar BB sempit (0.127%). Butuh min 1.0% untuk tutup fee & spread.
[2026-07-12 18:27:54] Keputusan analis: Wait
[2026-07-12 18:27:54] Validasi gagal / keputusan WAIT. Tidak ada eksekusi.
[2026-07-12 18:28:54] Siklus Menit Baru. Harga BTC Terakhir: $63906.00
[ANALIS] State: SIDEWAYS | EMA(13/34): $63885.6/$63880.2 | VWAP Sesi: $63931.30 | Vol Surge: 0.4x | BB50: [$63832.27 - $63915.38] | Tren 15m: BULLISH
[ANALIS-SIDEWAYS] WAIT - Lebar BB sempit (0.130%). Butuh min 1.0% untuk tutup fee & spread.
[2026-07-12 18:28:54] Keputusan analis: Wait
[2026-07-12 18:28:54] Validasi gagal / keputusan WAIT. Tidak ada eksekusi.
[2026-07-12 18:29:55] Siklus Menit Baru. Harga BTC Terakhir: $63906.00
[ANALIS] State: SIDEWAYS | EMA(13/34): $63888.5/$63880.9 | VWAP Sesi: $63931.29 | Vol Surge: 0.2x | BB50: [$63831.93 - $63916.97] | Tren 15m: BULLISH
[ANALIS-SIDEWAYS] WAIT - Lebar BB sempit (0.133%). Butuh min 1.0% untuk tutup fee & spread.
[2026-07-12 18:29:55] Keputusan analis: Wait
[2026-07-12 18:29:55] Validasi gagal / keputusan WAIT. Tidak ada eksekusi.
[2026-07-12 18:30:55] Siklus Menit Baru. Harga BTC Terakhir: $63945.60
[ANALIS] State: SIDEWAYS | EMA(13/34): $63897.4/$63884.8 | VWAP Sesi: $63931.30 | Vol Surge: 1.1x | BB50: [$63829.24 - $63923.31] | Tren 15m: BULLISH
[ANALIS-SIDEWAYS] WAIT - Lebar BB sempit (0.147%). Butuh min 1.0% untuk tutup fee & spread.
[2026-07-12 18:30:55] Keputusan analis: Wait
[2026-07-12 18:30:55] Validasi gagal / keputusan WAIT. Tidak ada eksekusi.
[2026-07-12 18:31:55] Siklus Menit Baru. Harga BTC Terakhir: $63945.62
[ANALIS] State: SIDEWAYS | EMA(13/34): $63904.8/$63888.2 | VWAP Sesi: $63931.31 | Vol Surge: 0.3x | BB50: [$63826.99 - $63929.19] | Tren 15m: BULLISH
[ANALIS-SIDEWAYS] WAIT - Lebar BB sempit (0.160%). Butuh min 1.0% untuk tutup fee & spread.
[2026-07-12 18:31:55] Keputusan analis: Wait
[2026-07-12 18:31:55] Validasi gagal / keputusan WAIT. Tidak ada eksekusi.
[2026-07-12 18:32:55] Siklus Menit Baru. Harga BTC Terakhir: $63941.89
[ANALIS] State: SIDEWAYS | EMA(13/34): $63910.1/$63891.1 | VWAP Sesi: $63931.31 | Vol Surge: 1.3x | BB50: [$63826.24 - $63933.48] | Tren 15m: BULLISH
[ANALIS-SIDEWAYS] WAIT - Lebar BB sempit (0.168%). Butuh min 1.0% untuk tutup fee & spread.
[2026-07-12 18:32:55] Keputusan analis: Wait
[2026-07-12 18:32:55] Validasi gagal / keputusan WAIT. Tidak ada eksekusi.
[2026-07-12 18:33:55] Siklus Menit Baru. Harga BTC Terakhir: $63943.79
[ANALIS] State: SIDEWAYS | EMA(13/34): $63914.9/$63895.4 | VWAP Sesi: $63931.31 | Vol Surge: 0.4x | BB50: [$63825.91 - $63937.56] | Tren 15m: BULLISH
[ANALIS-SIDEWAYS] WAIT - Lebar BB sempit (0.175%). Butuh min 1.0% untuk tutup fee & spread.
[2026-07-12 18:33:55] Keputusan analis: Wait
[2026-07-12 18:33:55] Validasi gagal / keputusan WAIT. Tidak ada eksekusi.
[2026-07-12 18:34:55] Siklus Menit Baru. Harga BTC Terakhir: $63984.61
[ANALIS] State: SIDEWAYS | EMA(13/34): $63924.9/$63899.8 | VWAP Sesi: $63931.33 | Vol Surge: 0.9x | BB50: [$63821.19 - $63946.71] | Tren 15m: BULLISH
[ANALIS-SIDEWAYS] WAIT - Lebar BB sempit (0.196%). Butuh min 1.0% untuk tutup fee & spread.
[2026-07-12 18:34:55] Keputusan analis: Wait
[2026-07-12 18:34:55] Validasi gagal / keputusan WAIT. Tidak ada eksekusi.
[2026-07-12 18:35:56] Siklus Menit Baru. Harga BTC Terakhir: $64020.00
[ANALIS] State: SIDEWAYS | EMA(13/34): $63941.1/$63907.3 | VWAP Sesi: $63931.45 | Vol Surge: 1.1x | BB50: [$63811.98 - $63963.15] | Tren 15m: BULLISH
[ANALIS-SIDEWAYS] WAIT - Lebar BB sempit (0.236%). Butuh min 1.0% untuk tutup fee & spread.
[2026-07-12 18:35:56] Keputusan analis: Wait
[2026-07-12 18:35:56] Validasi gagal / keputusan WAIT. Tidak ada eksekusi.
[2026-07-12 18:36:56] Siklus Menit Baru. Harga BTC Terakhir: $64009.45
[ANALIS] State: SIDEWAYS | EMA(13/34): $63950.9/$63913.7 | VWAP Sesi: $63931.54 | Vol Surge: 2.7x | BB50: [$63808.61 - $63972.90] | Tren 15m: BULLISH
[ANALIS-SIDEWAYS] WAIT - Lebar BB sempit (0.257%). Butuh min 1.0% untuk tutup fee & spread.
[2026-07-12 18:36:56] Keputusan analis: Wait
[2026-07-12 18:36:56] Validasi gagal / keputusan WAIT. Tidak ada eksekusi.
[2026-07-12 18:37:56] Siklus Menit Baru. Harga BTC Terakhir: $64021.81
[ANALIS] State: SIDEWAYS | EMA(13/34): $63961.0/$63919.8 | VWAP Sesi: $63931.59 | Vol Surge: 1.2x | BB50: [$63804.49 - $63983.47] | Tren 15m: BULLISH
[ANALIS-SIDEWAYS] WAIT - Lebar BB sempit (0.280%). Butuh min 1.0% untuk tutup fee & spread.
[2026-07-12 18:37:56] Keputusan analis: Wait
[2026-07-12 18:37:56] Validasi gagal / keputusan WAIT. Tidak ada eksekusi.
[2026-07-12 18:38:56] Siklus Menit Baru. Harga BTC Terakhir: $64018.00
[ANALIS] State: SIDEWAYS | EMA(13/34): $63969.1/$63924.9 | VWAP Sesi: $63931.60 | Vol Surge: 0.2x | BB50: [$63801.74 - $63992.56] | Tren 15m: BULLISH
[ANALIS-SIDEWAYS] WAIT - Lebar BB sempit (0.298%). Butuh min 1.0% untuk tutup fee & spread.
[2026-07-12 18:38:56] Keputusan analis: Wait
[2026-07-12 18:38:56] Validasi gagal / keputusan WAIT. Tidak ada eksekusi.
[2026-07-12 18:39:56] Siklus Menit Baru. Harga BTC Terakhir: $64001.27
[ANALIS] State: SIDEWAYS | EMA(13/34): $63973.7/$63929.3 | VWAP Sesi: $63931.63 | Vol Surge: 0.9x | BB50: [$63801.40 - $63998.95] | Tren 15m: BULLISH
[ANALIS-SIDEWAYS] WAIT - Lebar BB sempit (0.309%). Butuh min 1.0% untuk tutup fee & spread.
[2026-07-12 18:39:56] Keputusan analis: Wait
[2026-07-12 18:39:56] Validasi gagal / keputusan WAIT. Tidak ada eksekusi.
[2026-07-12 18:40:57] Siklus Menit Baru. Harga BTC Terakhir: $63990.56
[ANALIS] State: SIDEWAYS | EMA(13/34): $63976.1/$63932.5 | VWAP Sesi: $63931.64 | Vol Surge: 0.4x | BB50: [$63802.11 - $64003.86] | Tren 15m: BULLISH
[ANALIS-SIDEWAYS] WAIT - Lebar BB sempit (0.315%). Butuh min 1.0% untuk tutup fee & spread.
[2026-07-12 18:40:57] Keputusan analis: Wait
[2026-07-12 18:40:57] Validasi gagal / keputusan WAIT. Tidak ada eksekusi.
[2026-07-12 18:41:57] Siklus Menit Baru. Harga BTC Terakhir: $63995.74
[ANALIS] State: SIDEWAYS | EMA(13/34): $63978.9/$63936.4 | VWAP Sesi: $63931.64 | Vol Surge: 0.2x | BB50: [$63803.24 - $64008.76] | Tren 15m: BULLISH
[ANALIS-SIDEWAYS] WAIT - Lebar BB sempit (0.321%). Butuh min 1.0% untuk tutup fee & spread.
[2026-07-12 18:41:57] Keputusan analis: Wait
[2026-07-12 18:41:57] Validasi gagal / keputusan WAIT. Tidak ada eksekusi.
[2026-07-12 18:42:57] Siklus Menit Baru. Harga BTC Terakhir: $63992.53
[ANALIS] State: SIDEWAYS | EMA(13/34): $63980.9/$63939.3 | VWAP Sesi: $63931.65 | Vol Surge: 0.4x | BB50: [$63804.57 - $64013.14] | Tren 15m: BULLISH
[ANALIS-SIDEWAYS] WAIT - Lebar BB sempit (0.326%). Butuh min 1.0% untuk tutup fee & spread.
[2026-07-12 18:42:57] Keputusan analis: Wait
[2026-07-12 18:42:57] Validasi gagal / keputusan WAIT. Tidak ada eksekusi.
[2026-07-12 18:43:57] Siklus Menit Baru. Harga BTC Terakhir: $63996.03
[ANALIS] State: SIDEWAYS | EMA(13/34): $63983.0/$63942.5 | VWAP Sesi: $63931.67 | Vol Surge: 0.6x | BB50: [$63806.50 - $64017.29] | Tren 15m: BULLISH
[ANALIS-SIDEWAYS] WAIT - Lebar BB sempit (0.329%). Butuh min 1.0% untuk tutup fee & spread.
[2026-07-12 18:43:57] Keputusan analis: Wait
[2026-07-12 18:43:57] Validasi gagal / keputusan WAIT. Tidak ada eksekusi.
[2026-07-12 18:44:58] Siklus Menit Baru. Harga BTC Terakhir: $64003.75
[ANALIS] State: SIDEWAYS | EMA(13/34): $63986.0/$63948.2 | VWAP Sesi: $63931.69 | Vol Surge: 0.5x | BB50: [$63808.48 - $64021.72] | Tren 15m: BULLISH
[ANALIS-SIDEWAYS] WAIT - Lebar BB sempit (0.333%). Butuh min 1.0% untuk tutup fee & spread.
[2026-07-12 18:44:58] Keputusan analis: Wait
[2026-07-12 18:44:58] Validasi gagal / keputusan WAIT. Tidak ada eksekusi.
[2026-07-12 18:45:58] Siklus Menit Baru. Harga BTC Terakhir: $64019.51
[ANALIS] State: BULLISH | EMA(13/34): $63990.8/$63952.7 | VWAP Sesi: $63931.74 | Vol Surge: 1.3x | BB50: [$63807.58 - $64027.96] | Tren 15m: BULLISH
[DEBUG] EMA streak: 0 | EMA_FAST(13): 63990.81 | EMA_SLOW(34): 63952.71 | Selisih: 38.09
[ANALIS-TRENDING] Quant Golden Cross (EMA13 > EMA34), Di atas VWAP ($63931.74), & Tren 15m Bullish. Sinyal BUY.
[QPS-RISK] Sharpe: -0.61 | Full Kelly: -45124.9% | Rekomendasi Alokasi: -11281.2%
[QPS-RISK] Sharpe negatif. Memblokir entry Trending untuk perlindungan modal.
[2026-07-12 18:45:58] Keputusan analis: Wait
[2026-07-12 18:45:58] Validasi gagal / keputusan WAIT. Tidak ada eksekusi.
[2026-07-12 18:46:58] Siklus Menit Baru. Harga BTC Terakhir: $64015.39
[ANALIS] State: BULLISH | EMA(13/34): $63994.3/$63955.9 | VWAP Sesi: $63931.75 | Vol Surge: 0.4x | BB50: [$63806.91 - $64033.50] | Tren 15m: BULLISH
[DEBUG] EMA streak: 0 | EMA_FAST(13): 63994.32 | EMA_SLOW(34): 63955.88 | Selisih: 38.43
[ANALIS-TRENDING] WAIT - Volume terlalu rendah (0.4x). Min 0.5x rata-rata untuk entry.
[2026-07-12 18:46:58] Keputusan analis: Wait
[2026-07-12 18:46:58] Validasi gagal / keputusan WAIT. Tidak ada eksekusi.
[2026-07-12 18:47:58] Siklus Menit Baru. Harga BTC Terakhir: $64021.41
[ANALIS] State: BULLISH | EMA(13/34): $63998.2/$63959.2 | VWAP Sesi: $63931.79 | Vol Surge: 1.0x | BB50: [$63806.58 - $64039.24] | Tren 15m: BULLISH
[DEBUG] EMA streak: 0 | EMA_FAST(13): 63998.18 | EMA_SLOW(34): 63959.21 | Selisih: 38.97
[ANALIS-TRENDING] Quant Golden Cross (EMA13 > EMA34), Di atas VWAP ($63931.79), & Tren 15m Bullish. Sinyal BUY.
[QPS-RISK] Sharpe: -0.61 | Full Kelly: -45124.9% | Rekomendasi Alokasi: -11281.2%
[QPS-RISK] Sharpe negatif. Memblokir entry Trending untuk perlindungan modal.
[2026-07-12 18:47:58] Keputusan analis: Wait
[2026-07-12 18:47:58] Validasi gagal / keputusan WAIT. Tidak ada eksekusi.
[2026-07-12 18:48:59] Siklus Menit Baru. Harga BTC Terakhir: $64021.41
[ANALIS] State: BULLISH | EMA(13/34): $64001.5/$63962.1 | VWAP Sesi: $63931.79 | Vol Surge: 0.2x | BB50: [$63806.97 - $64044.58] | Tren 15m: BULLISH
[DEBUG] EMA streak: 0 | EMA_FAST(13): 64001.50 | EMA_SLOW(34): 63962.11 | Selisih: 39.38
[ANALIS-TRENDING] WAIT - Volume terlalu rendah (0.2x). Min 0.5x rata-rata untuk entry.
[2026-07-12 18:48:59] Keputusan analis: Wait
[2026-07-12 18:48:59] Validasi gagal / keputusan WAIT. Tidak ada eksekusi.
[2026-07-12 18:49:59] Siklus Menit Baru. Harga BTC Terakhir: $64021.41
[ANALIS] State: BULLISH | EMA(13/34): $64004.3/$63965.5 | VWAP Sesi: $63931.80 | Vol Surge: 0.2x | BB50: [$63808.39 - $64049.39] | Tren 15m: BULLISH
[DEBUG] EMA streak: 0 | EMA_FAST(13): 64004.34 | EMA_SLOW(34): 63965.51 | Selisih: 38.83
[ANALIS-TRENDING] WAIT - Volume terlalu rendah (0.2x). Min 0.5x rata-rata untuk entry.
[2026-07-12 18:49:59] Keputusan analis: Wait
[2026-07-12 18:49:59] Validasi gagal / keputusan WAIT. Tidak ada eksekusi.
[2026-07-12 18:50:59] Siklus Menit Baru. Harga BTC Terakhir: $64022.49
[ANALIS] State: BULLISH | EMA(13/34): $64006.9/$63968.9 | VWAP Sesi: $63931.81 | Vol Surge: 0.6x | BB50: [$63810.09 - $64053.94] | Tren 15m: BULLISH
[DEBUG] EMA streak: 0 | EMA_FAST(13): 64006.93 | EMA_SLOW(34): 63968.87 | Selisih: 38.06
[ANALIS-TRENDING] Quant Golden Cross (EMA13 > EMA34), Di atas VWAP ($63931.81), & Tren 15m Bullish. Sinyal BUY.
[FASE 5.0a] OBI = 0.20 (Sell Wall 60%+ dominan). Memblokir Trending BUY (Golden Cross ini berpotensi fake-out reversal trap).
[2026-07-12 18:50:59] Keputusan analis: Wait
[2026-07-12 18:50:59] Validasi gagal / keputusan WAIT. Tidak ada eksekusi.
[2026-07-12 18:51:59] Siklus Menit Baru. Harga BTC Terakhir: $64017.97
[ANALIS] State: BULLISH | EMA(13/34): $64008.5/$63972.6 | VWAP Sesi: $63931.84 | Vol Surge: 1.4x | BB50: [$63812.16 - $64057.87] | Tren 15m: BULLISH
[DEBUG] EMA streak: 0 | EMA_FAST(13): 64008.52 | EMA_SLOW(34): 63972.58 | Selisih: 35.94
[ANALIS-TRENDING] Quant Golden Cross (EMA13 > EMA34), Di atas VWAP ($63931.84), & Tren 15m Bullish. Sinyal BUY.
[FASE 5.0a] OBI = 0.27 (Sell Wall 60%+ dominan). Memblokir Trending BUY (Golden Cross ini berpotensi fake-out reversal trap).
[2026-07-12 18:51:59] Keputusan analis: Wait
[2026-07-12 18:51:59] Validasi gagal / keputusan WAIT. Tidak ada eksekusi.
[2026-07-12 18:52:59] Siklus Menit Baru. Harga BTC Terakhir: $64017.74
[ANALIS] State: BULLISH | EMA(13/34): $64009.8/$63975.5 | VWAP Sesi: $63931.86 | Vol Surge: 0.6x | BB50: [$63813.53 - $64061.81] | Tren 15m: BEARISH
[DEBUG] EMA streak: 0 | EMA_FAST(13): 64009.84 | EMA_SLOW(34): 63975.53 | Selisih: 34.31
[2026-07-12 18:52:59] Keputusan analis: Wait
[2026-07-12 18:52:59] Validasi gagal / keputusan WAIT. Tidak ada eksekusi.
[2026-07-12 18:53:59] Siklus Menit Baru. Harga BTC Terakhir: $64000.01
[ANALIS] State: BULLISH | EMA(13/34): $64008.4/$63977.6 | VWAP Sesi: $63931.87 | Vol Surge: 1.0x | BB50: [$63815.19 - $64064.48] | Tren 15m: BEARISH
[DEBUG] EMA streak: 0 | EMA_FAST(13): 64008.44 | EMA_SLOW(34): 63977.56 | Selisih: 30.88
[2026-07-12 18:53:59] Keputusan analis: Wait
[2026-07-12 18:53:59] Validasi gagal / keputusan WAIT. Tidak ada eksekusi.
[2026-07-12 18:55:00] Siklus Menit Baru. Harga BTC Terakhir: $64000.00
[ANALIS] State: BULLISH | EMA(13/34): $64007.2/$63979.2 | VWAP Sesi: $63931.88 | Vol Surge: 0.3x | BB50: [$63816.42 - $64067.09] | Tren 15m: BEARISH
[DEBUG] EMA streak: 0 | EMA_FAST(13): 64007.24 | EMA_SLOW(34): 63979.16 | Selisih: 28.07
[2026-07-12 18:55:00] Keputusan analis: Wait
[2026-07-12 18:55:00] Validasi gagal / keputusan WAIT. Tidak ada eksekusi.
[2026-07-12 18:56:00] Siklus Menit Baru. Harga BTC Terakhir: $64011.99
[ANALIS] State: BULLISH | EMA(13/34): $64008.5/$63982.2 | VWAP Sesi: $63931.92 | Vol Surge: 0.0x | BB50: [$63818.83 - $64073.31] | Tren 15m: BULLISH
[DEBUG] EMA streak: 0 | EMA_FAST(13): 64008.49 | EMA_SLOW(34): 63982.20 | Selisih: 26.29
[ANALIS-TRENDING] WAIT - Volume terlalu rendah (0.0x). Min 0.5x rata-rata untuk entry.
[2026-07-12 18:56:00] Keputusan analis: Wait
[2026-07-12 18:56:00] Validasi gagal / keputusan WAIT. Tidak ada eksekusi.
[2026-07-12 18:57:00] Siklus Menit Baru. Harga BTC Terakhir: $64009.20
[ANALIS] State: BULLISH | EMA(13/34): $64008.3/$63984.2 | VWAP Sesi: $63931.95 | Vol Surge: 0.0x | BB50: [$63820.66 - $64075.82] | Tren 15m: BULLISH
[DEBUG] EMA streak: 0 | EMA_FAST(13): 64008.26 | EMA_SLOW(34): 63984.23 | Selisih: 24.03
[ANALIS-TRENDING] WAIT - Volume terlalu rendah (0.0x). Min 0.5x rata-rata untuk entry.
[2026-07-12 18:57:00] Keputusan analis: Wait
[2026-07-12 18:57:00] Validasi gagal / keputusan WAIT. Tidak ada eksekusi.
[2026-07-12 18:58:00] Siklus Menit Baru. Harga BTC Terakhir: $64009.20
[ANALIS] State: BULLISH | EMA(13/34): $64008.4/$63985.7 | VWAP Sesi: $63931.95 | Vol Surge: 0.0x | BB50: [$63822.00 - $64078.44] | Tren 15m: BULLISH
[DEBUG] EMA streak: 0 | EMA_FAST(13): 64008.39 | EMA_SLOW(34): 63985.66 | Selisih: 22.73
[ANALIS-TRENDING] WAIT - Volume terlalu rendah (0.0x). Min 0.5x rata-rata untuk entry.
[2026-07-12 18:58:00] Keputusan analis: Wait
[2026-07-12 18:58:00] Validasi gagal / keputusan WAIT. Tidak ada eksekusi.
[2026-07-12 18:59:00] Siklus Menit Baru. Harga BTC Terakhir: $64019.76
[ANALIS] State: BULLISH | EMA(13/34): $64011.3/$63986.7 | VWAP Sesi: $63931.97 | Vol Surge: 0.0x | BB50: [$63823.08 - $64082.18] | Tren 15m: BULLISH
[DEBUG] EMA streak: 0 | EMA_FAST(13): 64011.30 | EMA_SLOW(34): 63986.68 | Selisih: 24.62
[ANALIS-TRENDING] WAIT - Volume terlalu rendah (0.0x). Min 0.5x rata-rata untuk entry.
[2026-07-12 18:59:00] Keputusan analis: Wait
[2026-07-12 18:59:00] Validasi gagal / keputusan WAIT. Tidak ada eksekusi.
[2026-07-12 19:00:01] Siklus Menit Baru. Harga BTC Terakhir: $64001.45
[ANALIS] State: BULLISH | EMA(13/34): $64011.4/$63985.2 | VWAP Sesi: $63931.98 | Vol Surge: 0.0x | BB50: [$63826.26 - $64084.22] | Tren 15m: BEARISH
[DEBUG] EMA streak: 0 | EMA_FAST(13): 64011.44 | EMA_SLOW(34): 63985.21 | Selisih: 26.23
[2026-07-12 19:00:01] Keputusan analis: Wait
[2026-07-12 19:00:01] Validasi gagal / keputusan WAIT. Tidak ada eksekusi.
[2026-07-12 19:01:02] Siklus Menit Baru. Harga BTC Terakhir: $64009.23
[ANALIS] State: BULLISH | EMA(13/34): $64010.6/$63987.5 | VWAP Sesi: $63932.03 | Vol Surge: 0.0x | BB50: [$63834.56 - $64083.06] | Tren 15m: BEARISH
[DEBUG] EMA streak: 0 | EMA_FAST(13): 64010.55 | EMA_SLOW(34): 63987.49 | Selisih: 23.07
[2026-07-12 19:01:02] Keputusan analis: Wait
[2026-07-12 19:01:02] Validasi gagal / keputusan WAIT. Tidak ada eksekusi.
[2026-07-12 19:02:02] Siklus Menit Baru. Harga BTC Terakhir: $63990.02
[ANALIS] State: BULLISH | EMA(13/34): $64005.3/$63987.1 | VWAP Sesi: $63932.05 | Vol Surge: 0.0x | BB50: [$63841.33 - $64081.21] | Tren 15m: BEARISH
[DEBUG] EMA streak: 0 | EMA_FAST(13): 64005.27 | EMA_SLOW(34): 63987.14 | Selisih: 18.13
[2026-07-12 19:02:02] Keputusan analis: Wait
[2026-07-12 19:02:02] Validasi gagal / keputusan WAIT. Tidak ada eksekusi.
[2026-07-12 19:03:02] Siklus Menit Baru. Harga BTC Terakhir: $63985.57
[ANALIS] State: BULLISH | EMA(13/34): $64001.9/$63986.3 | VWAP Sesi: $63932.06 | Vol Surge: 0.0x | BB50: [$63847.35 - $64080.09] | Tren 15m: BEARISH
[DEBUG] EMA streak: 0 | EMA_FAST(13): 64001.91 | EMA_SLOW(34): 63986.27 | Selisih: 15.64
[2026-07-12 19:03:02] Keputusan analis: Wait
[2026-07-12 19:03:02] Validasi gagal / keputusan WAIT. Tidak ada eksekusi.
[2026-07-12 19:04:02] Siklus Menit Baru. Harga BTC Terakhir: $63975.57
[ANALIS] State: BULLISH | EMA(13/34): $63996.9/$63987.0 | VWAP Sesi: $63932.10 | Vol Surge: 0.0x | BB50: [$63854.56 - $64077.58] | Tren 15m: BEARISH
[DEBUG] EMA streak: 0 | EMA_FAST(13): 63996.93 | EMA_SLOW(34): 63987.01 | Selisih: 9.92
[2026-07-12 19:04:02] Keputusan analis: Wait
[2026-07-12 19:04:02] Validasi gagal / keputusan WAIT. Tidak ada eksekusi.
[2026-07-12 19:05:03] Siklus Menit Baru. Harga BTC Terakhir: $63975.63
[ANALIS] State: BULLISH | EMA(13/34): $63993.9/$63986.6 | VWAP Sesi: $63932.11 | Vol Surge: 0.0x | BB50: [$63858.87 - $64076.94] | Tren 15m: BEARISH
[DEBUG] EMA streak: 0 | EMA_FAST(13): 63993.90 | EMA_SLOW(34): 63986.58 | Selisih: 7.32
[2026-07-12 19:05:03] Keputusan analis: Wait
[2026-07-12 19:05:03] Validasi gagal / keputusan WAIT. Tidak ada eksekusi.
[2026-07-12 19:06:03] Siklus Menit Baru. Harga BTC Terakhir: $63982.00
[ANALIS] State: SIDEWAYS | EMA(13/34): $63993.0/$63986.4 | VWAP Sesi: $63932.11 | Vol Surge: 0.0x | BB50: [$63863.19 - $64076.63] | Tren 15m: BEARISH
[ANALIS-SIDEWAYS] WAIT - Lebar BB sempit (0.334%). Butuh min 1.0% untuk tutup fee & spread.
[2026-07-12 19:06:03] Keputusan analis: Wait
[2026-07-12 19:06:03] Validasi gagal / keputusan WAIT. Tidak ada eksekusi.
[2026-07-12 19:07:03] Siklus Menit Baru. Harga BTC Terakhir: $63982.00
[ANALIS] State: SIDEWAYS | EMA(13/34): $63991.4/$63986.6 | VWAP Sesi: $63932.13 | Vol Surge: 0.0x | BB50: [$63868.13 - $64075.69] | Tren 15m: BEARISH
[ANALIS-SIDEWAYS] WAIT - Lebar BB sempit (0.324%). Butuh min 1.0% untuk tutup fee & spread.
[2026-07-12 19:07:03] Keputusan analis: Wait
[2026-07-12 19:07:03] Validasi gagal / keputusan WAIT. Tidak ada eksekusi.
[2026-07-12 19:08:03] Siklus Menit Baru. Harga BTC Terakhir: $63977.55
[ANALIS] State: SIDEWAYS | EMA(13/34): $63989.4/$63986.5 | VWAP Sesi: $63932.14 | Vol Surge: 0.4x | BB50: [$63872.39 - $64074.85] | Tren 15m: BEARISH
[ANALIS-SIDEWAYS] WAIT - Lebar BB sempit (0.316%). Butuh min 1.0% untuk tutup fee & spread.
[2026-07-12 19:08:03] Keputusan analis: Wait
[2026-07-12 19:08:03] Validasi gagal / keputusan WAIT. Tidak ada eksekusi.
[2026-07-12 19:09:04] Siklus Menit Baru. Harga BTC Terakhir: $63979.54
[ANALIS] State: SIDEWAYS | EMA(13/34): $63987.8/$63985.1 | VWAP Sesi: $63932.15 | Vol Surge: 0.0x | BB50: [$63876.25 - $64074.15] | Tren 15m: BEARISH
[ANALIS-SIDEWAYS] WAIT - Lebar BB sempit (0.309%). Butuh min 1.0% untuk tutup fee & spread.
[2026-07-12 19:09:04] Keputusan analis: Wait
[2026-07-12 19:09:04] Validasi gagal / keputusan WAIT. Tidak ada eksekusi.
[2026-07-12 19:10:04] Siklus Menit Baru. Harga BTC Terakhir: $64007.00
[ANALIS] State: SIDEWAYS | EMA(13/34): $63993.9/$63987.6 | VWAP Sesi: $63932.17 | Vol Surge: 0.0x | BB50: [$63882.16 - $64074.31] | Tren 15m: BEARISH
[ANALIS-SIDEWAYS] WAIT - Lebar BB sempit (0.300%). Butuh min 1.0% untuk tutup fee & spread.
[2026-07-12 19:10:04] Keputusan analis: Wait
[2026-07-12 19:10:04] Validasi gagal / keputusan WAIT. Tidak ada eksekusi.
[2026-07-12 19:11:04] Siklus Menit Baru. Harga BTC Terakhir: $64073.22
[ANALIS] State: SIDEWAYS | EMA(13/34): $64012.5/$63994.8 | VWAP Sesi: $63932.34 | Vol Surge: 0.1x | BB50: [$63885.33 - $64081.33] | Tren 15m: BULLISH
[ANALIS-SIDEWAYS] WAIT - Lebar BB sempit (0.306%). Butuh min 1.0% untuk tutup fee & spread.
[2026-07-12 19:11:04] Keputusan analis: Wait
[2026-07-12 19:11:04] Validasi gagal / keputusan WAIT. Tidak ada eksekusi.
[2026-07-12 19:12:05] Siklus Menit Baru. Harga BTC Terakhir: $64085.99
[ANALIS] State: SIDEWAYS | EMA(13/34): $64023.0/$64000.7 | VWAP Sesi: $63932.38 | Vol Surge: 0.3x | BB50: [$63892.02 - $64083.60] | Tren 15m: BULLISH
[ANALIS-SIDEWAYS] WAIT - Lebar BB sempit (0.299%). Butuh min 1.0% untuk tutup fee & spread.
[2026-07-12 19:12:05] Keputusan analis: Wait
[2026-07-12 19:12:05] Validasi gagal / keputusan WAIT. Tidak ada eksekusi.
[2026-07-12 19:13:05] Siklus Menit Baru. Harga BTC Terakhir: $64133.73
[ANALIS] State: SIDEWAYS | EMA(13/34): $64042.7/$64010.2 | VWAP Sesi: $63932.70 | Vol Surge: 0.5x | BB50: [$63892.08 - $64095.18] | Tren 15m: BULLISH
[ANALIS-SIDEWAYS] WAIT - Lebar BB sempit (0.317%). Butuh min 1.0% untuk tutup fee & spread.
[2026-07-12 19:13:05] Keputusan analis: Wait
[2026-07-12 19:13:05] Validasi gagal / keputusan WAIT. Tidak ada eksekusi.
[2026-07-12 19:14:05] Siklus Menit Baru. Harga BTC Terakhir: $64117.38
[ANALIS] State: SIDEWAYS | EMA(13/34): $64052.0/$64016.1 | VWAP Sesi: $63932.80 | Vol Surge: 0.1x | BB50: [$63897.60 - $64098.79] | Tren 15m: BULLISH
[ANALIS-SIDEWAYS] WAIT - Lebar BB sempit (0.314%). Butuh min 1.0% untuk tutup fee & spread.
[2026-07-12 19:14:05] Keputusan analis: Wait
[2026-07-12 19:14:05] Validasi gagal / keputusan WAIT. Tidak ada eksekusi.
[2026-07-12 19:15:05] Siklus Menit Baru. Harga BTC Terakhir: $64103.51
[ANALIS] State: SIDEWAYS | EMA(13/34): $64057.6/$64020.4 | VWAP Sesi: $63932.86 | Vol Surge: 0.2x | BB50: [$63904.03 - $64100.57] | Tren 15m: BULLISH
[ANALIS-SIDEWAYS] WAIT - Lebar BB sempit (0.307%). Butuh min 1.0% untuk tutup fee & spread.
[2026-07-12 19:15:05] Keputusan analis: Wait
[2026-07-12 19:15:05] Validasi gagal / keputusan WAIT. Tidak ada eksekusi.
[2026-07-12 19:16:06] Siklus Menit Baru. Harga BTC Terakhir: $64082.61
[ANALIS] State: SIDEWAYS | EMA(13/34): $64058.1/$64023.2 | VWAP Sesi: $63933.03 | Vol Surge: 0.0x | BB50: [$63912.51 - $64098.95] | Tren 15m: BULLISH
[ANALIS-SIDEWAYS] WAIT - Lebar BB sempit (0.291%). Butuh min 1.0% untuk tutup fee & spread.
[2026-07-12 19:16:06] Keputusan analis: Wait
[2026-07-12 19:16:06] Validasi gagal / keputusan WAIT. Tidak ada eksekusi.
[2026-07-12 19:17:06] Siklus Menit Baru. Harga BTC Terakhir: $64110.00
[ANALIS] State: SIDEWAYS | EMA(13/34): $64068.9/$64030.1 | VWAP Sesi: $63933.07 | Vol Surge: 0.1x | BB50: [$63915.99 - $64105.05] | Tren 15m: BULLISH
[ANALIS-SIDEWAYS] WAIT - Lebar BB sempit (0.295%). Butuh min 1.0% untuk tutup fee & spread.
[2026-07-12 19:17:06] Keputusan analis: Wait
[2026-07-12 19:17:06] Validasi gagal / keputusan WAIT. Tidak ada eksekusi.
[2026-07-12 19:18:06] Siklus Menit Baru. Harga BTC Terakhir: $64089.32
[ANALIS] State: SIDEWAYS | EMA(13/34): $64070.2/$64033.0 | VWAP Sesi: $63933.14 | Vol Surge: 0.3x | BB50: [$63922.73 - $64105.11] | Tren 15m: BULLISH
[ANALIS-SIDEWAYS] WAIT - Lebar BB sempit (0.285%). Butuh min 1.0% untuk tutup fee & spread.
[2026-07-12 19:18:06] Keputusan analis: Wait
[2026-07-12 19:18:06] Validasi gagal / keputusan WAIT. Tidak ada eksekusi.
[2026-07-12 19:19:06] Siklus Menit Baru. Harga BTC Terakhir: $64068.00
[ANALIS] State: SIDEWAYS | EMA(13/34): $64067.3/$64035.9 | VWAP Sesi: $63933.18 | Vol Surge: 0.0x | BB50: [$63930.26 - $64103.00] | Tren 15m: BULLISH
[ANALIS-SIDEWAYS] WAIT - Lebar BB sempit (0.270%). Butuh min 1.0% untuk tutup fee & spread.
[2026-07-12 19:19:06] Keputusan analis: Wait
[2026-07-12 19:19:06] Validasi gagal / keputusan WAIT. Tidak ada eksekusi.
[2026-07-12 19:20:06] Siklus Menit Baru. Harga BTC Terakhir: $64052.01
[ANALIS] State: SIDEWAYS | EMA(13/34): $64063.2/$64035.8 | VWAP Sesi: $63933.20 | Vol Surge: 0.0x | BB50: [$63934.19 - $64102.50] | Tren 15m: BULLISH
[ANALIS-SIDEWAYS] WAIT - Lebar BB sempit (0.263%). Butuh min 1.0% untuk tutup fee & spread.
[2026-07-12 19:20:06] Keputusan analis: Wait
[2026-07-12 19:20:06] Validasi gagal / keputusan WAIT. Tidak ada eksekusi.
[2026-07-12 19:21:07] Siklus Menit Baru. Harga BTC Terakhir: $64072.99
[ANALIS] State: SIDEWAYS | EMA(13/34): $64067.1/$64038.8 | VWAP Sesi: $63933.23 | Vol Surge: 0.0x | BB50: [$63937.58 - $64105.04] | Tren 15m: BULLISH
[ANALIS-SIDEWAYS] WAIT - Lebar BB sempit (0.261%). Butuh min 1.0% untuk tutup fee & spread.
[2026-07-12 19:21:07] Keputusan analis: Wait
[2026-07-12 19:21:07] Validasi gagal / keputusan WAIT. Tidak ada eksekusi.
[2026-07-12 19:22:07] Siklus Menit Baru. Harga BTC Terakhir: $64035.10
[ANALIS] State: SIDEWAYS | EMA(13/34): $64058.5/$64036.9 | VWAP Sesi: $63933.27 | Vol Surge: 0.1x | BB50: [$63942.96 - $64102.08] | Tren 15m: BULLISH
[ANALIS-SIDEWAYS] WAIT - Lebar BB sempit (0.248%). Butuh min 1.0% untuk tutup fee & spread.
[2026-07-12 19:22:07] Keputusan analis: Wait
[2026-07-12 19:22:07] Validasi gagal / keputusan WAIT. Tidak ada eksekusi.
[2026-07-12 19:23:07] Siklus Menit Baru. Harga BTC Terakhir: $64035.10
[ANALIS] State: SIDEWAYS | EMA(13/34): $64055.1/$64040.1 | VWAP Sesi: $63933.32 | Vol Surge: 0.0x | BB50: [$63947.96 - $64100.69] | Tren 15m: BULLISH
[ANALIS-SIDEWAYS] WAIT - Lebar BB sempit (0.239%). Butuh min 1.0% untuk tutup fee & spread.
[2026-07-12 19:23:07] Keputusan analis: Wait
[2026-07-12 19:23:07] Validasi gagal / keputusan WAIT. Tidak ada eksekusi.
[2026-07-12 19:24:07] Siklus Menit Baru. Harga BTC Terakhir: $64044.87
[ANALIS] State: SIDEWAYS | EMA(13/34): $64054.8/$64041.6 | VWAP Sesi: $63933.33 | Vol Surge: 0.0x | BB50: [$63948.74 - $64101.84] | Tren 15m: BULLISH
[ANALIS-SIDEWAYS] WAIT - Lebar BB sempit (0.239%). Butuh min 1.0% untuk tutup fee & spread.
[2026-07-12 19:24:07] Keputusan analis: Wait
[2026-07-12 19:24:07] Validasi gagal / keputusan WAIT. Tidak ada eksekusi.
[2026-07-12 19:25:08] Siklus Menit Baru. Harga BTC Terakhir: $64042.68
[ANALIS] State: SIDEWAYS | EMA(13/34): $64052.0/$64040.6 | VWAP Sesi: $63933.35 | Vol Surge: 0.0x | BB50: [$63949.02 - $64102.13] | Tren 15m: BEARISH
[ANALIS-SIDEWAYS] WAIT - Lebar BB sempit (0.239%). Butuh min 1.0% untuk tutup fee & spread.
[2026-07-12 19:25:08] Keputusan analis: Wait
[2026-07-12 19:25:08] Validasi gagal / keputusan WAIT. Tidak ada eksekusi.
[2026-07-12 19:26:08] Siklus Menit Baru. Harga BTC Terakhir: $64051.99
[ANALIS] State: SIDEWAYS | EMA(13/34): $64052.0/$64041.9 | VWAP Sesi: $63933.38 | Vol Surge: 0.4x | BB50: [$63949.66 - $64103.19] | Tren 15m: BEARISH
[ANALIS-SIDEWAYS] WAIT - Lebar BB sempit (0.240%). Butuh min 1.0% untuk tutup fee & spread.
[2026-07-12 19:26:08] Keputusan analis: Wait
[2026-07-12 19:26:08] Validasi gagal / keputusan WAIT. Tidak ada eksekusi.
[2026-07-12 19:27:08] Siklus Menit Baru. Harga BTC Terakhir: $64065.95
[ANALIS] State: SIDEWAYS | EMA(13/34): $64056.1/$64044.0 | VWAP Sesi: $63933.42 | Vol Surge: 0.1x | BB50: [$63949.53 - $64105.76] | Tren 15m: BEARISH
[ANALIS-SIDEWAYS] WAIT - Lebar BB sempit (0.244%). Butuh min 1.0% untuk tutup fee & spread.
[2026-07-12 19:27:08] Keputusan analis: Wait
[2026-07-12 19:27:08] Validasi gagal / keputusan WAIT. Tidak ada eksekusi.
[2026-07-12 19:28:08] Siklus Menit Baru. Harga BTC Terakhir: $64060.41
[ANALIS] State: SIDEWAYS | EMA(13/34): $64056.0/$64043.8 | VWAP Sesi: $63933.44 | Vol Surge: 0.1x | BB50: [$63949.98 - $64106.78] | Tren 15m: BEARISH
[ANALIS-SIDEWAYS] WAIT - Lebar BB sempit (0.245%). Butuh min 1.0% untuk tutup fee & spread.
[2026-07-12 19:28:08] Keputusan analis: Wait
[2026-07-12 19:28:08] Validasi gagal / keputusan WAIT. Tidak ada eksekusi.
[2026-07-12 19:29:08] Siklus Menit Baru. Harga BTC Terakhir: $64054.14
[ANALIS] State: SIDEWAYS | EMA(13/34): $64054.9/$64043.4 | VWAP Sesi: $63933.65 | Vol Surge: 0.1x | BB50: [$63951.16 - $64107.43] | Tren 15m: BEARISH
[ANALIS-SIDEWAYS] WAIT - Lebar BB sempit (0.244%). Butuh min 1.0% untuk tutup fee & spread.
[2026-07-12 19:29:08] Keputusan analis: Wait
[2026-07-12 19:29:08] Validasi gagal / keputusan WAIT. Tidak ada eksekusi.
[2026-07-12 19:30:09] Siklus Menit Baru. Harga BTC Terakhir: $64057.54
[ANALIS] State: SIDEWAYS | EMA(13/34): $64054.9/$64044.4 | VWAP Sesi: $63933.66 | Vol Surge: 0.0x | BB50: [$63952.92 - $64108.25] | Tren 15m: BEARISH
[ANALIS-SIDEWAYS] WAIT - Lebar BB sempit (0.242%). Butuh min 1.0% untuk tutup fee & spread.
[2026-07-12 19:30:09] Keputusan analis: Wait
[2026-07-12 19:30:09] Validasi gagal / keputusan WAIT. Tidak ada eksekusi.
[2026-07-12 19:31:09] Siklus Menit Baru. Harga BTC Terakhir: $64054.93
[ANALIS] State: SIDEWAYS | EMA(13/34): $64054.9/$64044.8 | VWAP Sesi: $63933.74 | Vol Surge: 0.0x | BB50: [$63954.46 - $64109.07] | Tren 15m: BEARISH
[ANALIS-SIDEWAYS] WAIT - Lebar BB sempit (0.241%). Butuh min 1.0% untuk tutup fee & spread.
[2026-07-12 19:31:09] Keputusan analis: Wait
[2026-07-12 19:31:09] Validasi gagal / keputusan WAIT. Tidak ada eksekusi.
[2026-07-12 19:32:09] Siklus Menit Baru. Harga BTC Terakhir: $64054.92
[ANALIS] State: SIDEWAYS | EMA(13/34): $64054.9/$64045.5 | VWAP Sesi: $63933.75 | Vol Surge: 0.0x | BB50: [$63956.27 - $64109.75] | Tren 15m: BEARISH
[ANALIS-SIDEWAYS] WAIT - Lebar BB sempit (0.240%). Butuh min 1.0% untuk tutup fee & spread.
[2026-07-12 19:32:09] Keputusan analis: Wait
[2026-07-12 19:32:09] Validasi gagal / keputusan WAIT. Tidak ada eksekusi.
[2026-07-12 19:33:09] Siklus Menit Baru. Harga BTC Terakhir: $64037.95
[ANALIS] State: SIDEWAYS | EMA(13/34): $64052.3/$64045.4 | VWAP Sesi: $63933.78 | Vol Surge: 0.5x | BB50: [$63957.84 - $64109.80] | Tren 15m: BEARISH
[ANALIS-SIDEWAYS] WAIT - Lebar BB sempit (0.237%). Butuh min 1.0% untuk tutup fee & spread.
[2026-07-12 19:33:09] Keputusan analis: Wait
[2026-07-12 19:33:09] Validasi gagal / keputusan WAIT. Tidak ada eksekusi.
[2026-07-12 19:34:10] Siklus Menit Baru. Harga BTC Terakhir: $64025.39
[ANALIS] State: SIDEWAYS | EMA(13/34): $64046.9/$64044.4 | VWAP Sesi: $63933.83 | Vol Surge: 0.1x | BB50: [$63958.43 - $64109.57] | Tren 15m: BEARISH
[ANALIS-SIDEWAYS] WAIT - Lebar BB sempit (0.236%). Butuh min 1.0% untuk tutup fee & spread.
[2026-07-12 19:34:10] Keputusan analis: Wait
[2026-07-12 19:34:10] Validasi gagal / keputusan WAIT. Tidak ada eksekusi.
[2026-07-12 19:35:10] Siklus Menit Baru. Harga BTC Terakhir: $64022.41
[ANALIS] State: SIDEWAYS | EMA(13/34): $64044.5/$64043.4 | VWAP Sesi: $63934.01 | Vol Surge: 4.9x | BB50: [$63958.74 - $64109.72] | Tren 15m: BEARISH
[ANALIS-SIDEWAYS] WAIT - Lebar BB sempit (0.236%). Butuh min 1.0% untuk tutup fee & spread.
[2026-07-12 19:35:10] Keputusan analis: Wait
[2026-07-12 19:35:10] Validasi gagal / keputusan WAIT. Tidak ada eksekusi.
[2026-07-12 19:36:10] Siklus Menit Baru. Harga BTC Terakhir: $64030.05
[ANALIS] State: SIDEWAYS | EMA(13/34): $64042.8/$64043.2 | VWAP Sesi: $63934.03 | Vol Surge: 0.2x | BB50: [$63959.31 - $64109.86] | Tren 15m: BEARISH
[ANALIS-SIDEWAYS] WAIT - Lebar BB sempit (0.235%). Butuh min 1.0% untuk tutup fee & spread.
[2026-07-12 19:36:10] Keputusan analis: Wait
[2026-07-12 19:36:10] Validasi gagal / keputusan WAIT. Tidak ada eksekusi.
[2026-07-12 19:37:11] Siklus Menit Baru. Harga BTC Terakhir: $64018.01
[ANALIS] State: SIDEWAYS | EMA(13/34): $64037.8/$64041.1 | VWAP Sesi: $63934.06 | Vol Surge: 0.1x | BB50: [$63958.82 - $64109.74] | Tren 15m: BEARISH
[ANALIS-SIDEWAYS] WAIT - Lebar BB sempit (0.236%). Butuh min 1.0% untuk tutup fee & spread.
[2026-07-12 19:37:11] Keputusan analis: Wait
[2026-07-12 19:37:11] Validasi gagal / keputusan WAIT. Tidak ada eksekusi.
[2026-07-12 19:38:11] Siklus Menit Baru. Harga BTC Terakhir: $64014.01
[ANALIS] State: SIDEWAYS | EMA(13/34): $64033.9/$64039.3 | VWAP Sesi: $63934.06 | Vol Surge: 0.0x | BB50: [$63958.39 - $64109.72] | Tren 15m: BEARISH
[ANALIS-SIDEWAYS] WAIT - Lebar BB sempit (0.236%). Butuh min 1.0% untuk tutup fee & spread.
[2026-07-12 19:38:11] Keputusan analis: Wait
[2026-07-12 19:38:11] Validasi gagal / keputusan WAIT. Tidak ada eksekusi.
[2026-07-12 19:39:11] Siklus Menit Baru. Harga BTC Terakhir: $64002.50
[ANALIS] State: SIDEWAYS | EMA(13/34): $64028.0/$64036.6 | VWAP Sesi: $63934.09 | Vol Surge: 0.0x | BB50: [$63957.04 - $64109.85] | Tren 15m: BEARISH
[ANALIS-SIDEWAYS] WAIT - Lebar BB sempit (0.239%). Butuh min 1.0% untuk tutup fee & spread.
[2026-07-12 19:39:11] Keputusan analis: Wait
[2026-07-12 19:39:11] Validasi gagal / keputusan WAIT. Tidak ada eksekusi.
[2026-07-12 19:40:12] Siklus Menit Baru. Harga BTC Terakhir: $64013.50
[ANALIS] State: SIDEWAYS | EMA(13/34): $64027.3/$64035.7 | VWAP Sesi: $63934.11 | Vol Surge: 0.1x | BB50: [$63957.22 - $64109.75] | Tren 15m: BEARISH
[ANALIS-SIDEWAYS] WAIT - Lebar BB sempit (0.238%). Butuh min 1.0% untuk tutup fee & spread.
[2026-07-12 19:40:12] Keputusan analis: Wait
[2026-07-12 19:40:12] Validasi gagal / keputusan WAIT. Tidak ada eksekusi.
[2026-07-12 19:41:12] Siklus Menit Baru. Harga BTC Terakhir: $64013.50
[ANALIS] State: SIDEWAYS | EMA(13/34): $64025.3/$64034.4 | VWAP Sesi: $63934.11 | Vol Surge: 0.1x | BB50: [$63957.05 - $64109.74] | Tren 15m: BEARISH
[ANALIS-SIDEWAYS] WAIT - Lebar BB sempit (0.239%). Butuh min 1.0% untuk tutup fee & spread.
[2026-07-12 19:41:12] Keputusan analis: Wait
[2026-07-12 19:41:12] Validasi gagal / keputusan WAIT. Tidak ada eksekusi.
[2026-07-12 19:42:12] Siklus Menit Baru. Harga BTC Terakhir: $64005.92
[ANALIS] State: SIDEWAYS | EMA(13/34): $64022.5/$64031.8 | VWAP Sesi: $63934.13 | Vol Surge: 0.2x | BB50: [$63956.55 - $64109.77] | Tren 15m: BEARISH
[ANALIS-SIDEWAYS] WAIT - Lebar BB sempit (0.239%). Butuh min 1.0% untuk tutup fee & spread.
[2026-07-12 19:42:12] Keputusan analis: Wait
[2026-07-12 19:42:12] Validasi gagal / keputusan WAIT. Tidak ada eksekusi.
[2026-07-12 19:43:12] Siklus Menit Baru. Harga BTC Terakhir: $64012.00
[ANALIS] State: SIDEWAYS | EMA(13/34): $64021.5/$64030.9 | VWAP Sesi: $63934.14 | Vol Surge: 0.1x | BB50: [$63957.32 - $64109.64] | Tren 15m: BEARISH
[ANALIS-SIDEWAYS] WAIT - Lebar BB sempit (0.238%). Butuh min 1.0% untuk tutup fee & spread.
[2026-07-12 19:43:12] Keputusan analis: Wait
[2026-07-12 19:43:12] Validasi gagal / keputusan WAIT. Tidak ada eksekusi.
[2026-07-12 19:44:13] Siklus Menit Baru. Harga BTC Terakhir: $64025.22
[ANALIS] State: SIDEWAYS | EMA(13/34): $64023.7/$64031.9 | VWAP Sesi: $63934.22 | Vol Surge: 0.0x | BB50: [$63958.87 - $64109.63] | Tren 15m: BEARISH
[ANALIS-SIDEWAYS] WAIT - Lebar BB sempit (0.235%). Butuh min 1.0% untuk tutup fee & spread.
[2026-07-12 19:44:13] Keputusan analis: Wait
[2026-07-12 19:44:13] Validasi gagal / keputusan WAIT. Tidak ada eksekusi.
[2026-07-12 19:45:13] Siklus Menit Baru. Harga BTC Terakhir: $64028.28
[ANALIS] State: SIDEWAYS | EMA(13/34): $64024.7/$64031.7 | VWAP Sesi: $63934.25 | Vol Surge: 0.2x | BB50: [$63959.53 - $64109.74] | Tren 15m: BEARISH
[ANALIS-SIDEWAYS] WAIT - Lebar BB sempit (0.235%). Butuh min 1.0% untuk tutup fee & spread.
[2026-07-12 19:45:13] Keputusan analis: Wait
[2026-07-12 19:45:13] Validasi gagal / keputusan WAIT. Tidak ada eksekusi.
[2026-07-12 19:46:13] Siklus Menit Baru. Harga BTC Terakhir: $64041.37
[ANALIS] State: SIDEWAYS | EMA(13/34): $64028.0/$64032.7 | VWAP Sesi: $63934.32 | Vol Surge: 0.2x | BB50: [$63960.69 - $64110.18] | Tren 15m: BEARISH
[ANALIS-SIDEWAYS] WAIT - Lebar BB sempit (0.233%). Butuh min 1.0% untuk tutup fee & spread.
[2026-07-12 19:46:13] Keputusan analis: Wait
[2026-07-12 19:46:13] Validasi gagal / keputusan WAIT. Tidak ada eksekusi.
[2026-07-12 19:47:13] Siklus Menit Baru. Harga BTC Terakhir: $64049.99
[ANALIS] State: SIDEWAYS | EMA(13/34): $64031.6/$64034.4 | VWAP Sesi: $63934.33 | Vol Surge: 0.0x | BB50: [$63961.82 - $64110.82] | Tren 15m: BEARISH
[ANALIS-SIDEWAYS] WAIT - Lebar BB sempit (0.233%). Butuh min 1.0% untuk tutup fee & spread.
[2026-07-12 19:47:13] Keputusan analis: Wait
[2026-07-12 19:47:13] Validasi gagal / keputusan WAIT. Tidak ada eksekusi.
[2026-07-12 19:48:14] Siklus Menit Baru. Harga BTC Terakhir: $64050.00
[ANALIS] State: SIDEWAYS | EMA(13/34): $64034.2/$64035.2 | VWAP Sesi: $63934.35 | Vol Surge: 0.0x | BB50: [$63962.48 - $64111.37] | Tren 15m: BULLISH
[ANALIS-SIDEWAYS] WAIT - Lebar BB sempit (0.232%). Butuh min 1.0% untuk tutup fee & spread.
[2026-07-12 19:48:14] Keputusan analis: Wait
[2026-07-12 19:48:14] Validasi gagal / keputusan WAIT. Tidak ada eksekusi.
[2026-07-12 19:49:14] Siklus Menit Baru. Harga BTC Terakhir: $64049.99
[ANALIS] State: SIDEWAYS | EMA(13/34): $64036.5/$64035.6 | VWAP Sesi: $63934.40 | Vol Surge: 0.7x | BB50: [$63963.23 - $64111.90] | Tren 15m: BULLISH
[ANALIS-SIDEWAYS] WAIT - Lebar BB sempit (0.232%). Butuh min 1.0% untuk tutup fee & spread.
[2026-07-12 19:49:14] Keputusan analis: Wait
[2026-07-12 19:49:14] Validasi gagal / keputusan WAIT. Tidak ada eksekusi.
[2026-07-12 19:50:14] Siklus Menit Baru. Harga BTC Terakhir: $64034.60
[ANALIS] State: SIDEWAYS | EMA(13/34): $64034.7/$64033.9 | VWAP Sesi: $63934.44 | Vol Surge: 0.1x | BB50: [$63964.02 - $64111.65] | Tren 15m: BULLISH
[ANALIS-SIDEWAYS] WAIT - Lebar BB sempit (0.231%). Butuh min 1.0% untuk tutup fee & spread.
[2026-07-12 19:50:14] Keputusan analis: Wait
[2026-07-12 19:50:14] Validasi gagal / keputusan WAIT. Tidak ada eksekusi.
[2026-07-12 19:51:15] Siklus Menit Baru. Harga BTC Terakhir: $63992.91
[ANALIS] State: SIDEWAYS | EMA(13/34): $64023.3/$64028.9 | VWAP Sesi: $63934.59 | Vol Surge: 1.5x | BB50: [$63962.12 - $64111.88] | Tren 15m: BEARISH
[ANALIS-SIDEWAYS] WAIT - Lebar BB sempit (0.234%). Butuh min 1.0% untuk tutup fee & spread.
[2026-07-12 19:51:15] Keputusan analis: Wait
[2026-07-12 19:51:15] Validasi gagal / keputusan WAIT. Tidak ada eksekusi.
[2026-07-12 19:52:15] Siklus Menit Baru. Harga BTC Terakhir: $63988.63
[ANALIS] State: SIDEWAYS | EMA(13/34): $64017.8/$64025.9 | VWAP Sesi: $63934.69 | Vol Surge: 1.1x | BB50: [$63962.05 - $64111.90] | Tren 15m: BEARISH
[ANALIS-SIDEWAYS] WAIT - Lebar BB sempit (0.234%). Butuh min 1.0% untuk tutup fee & spread.
[2026-07-12 19:52:15] Keputusan analis: Wait
[2026-07-12 19:52:15] Validasi gagal / keputusan WAIT. Tidak ada eksekusi.
[2026-07-12 19:53:15] Siklus Menit Baru. Harga BTC Terakhir: $63997.35
[ANALIS] State: SIDEWAYS | EMA(13/34): $64014.6/$64024.1 | VWAP Sesi: $63934.76 | Vol Surge: 0.2x | BB50: [$63963.52 - $64111.22] | Tren 15m: BEARISH
[ANALIS-SIDEWAYS] WAIT - Lebar BB sempit (0.231%). Butuh min 1.0% untuk tutup fee & spread.
[2026-07-12 19:53:15] Keputusan analis: Wait
[2026-07-12 19:53:15] Validasi gagal / keputusan WAIT. Tidak ada eksekusi.
[2026-07-12 19:54:15] Siklus Menit Baru. Harga BTC Terakhir: $64015.29
[ANALIS] State: SIDEWAYS | EMA(13/34): $64015.3/$64024.2 | VWAP Sesi: $63934.77 | Vol Surge: 0.1x | BB50: [$63966.45 - $64110.07] | Tren 15m: BULLISH
[ANALIS-SIDEWAYS] WAIT - Lebar BB sempit (0.224%). Butuh min 1.0% untuk tutup fee & spread.
[2026-07-12 19:54:15] Keputusan analis: Wait
[2026-07-12 19:54:15] Validasi gagal / keputusan WAIT. Tidak ada eksekusi.
[2026-07-12 19:55:15] Siklus Menit Baru. Harga BTC Terakhir: $64028.00
[ANALIS] State: SIDEWAYS | EMA(13/34): $64019.9/$64025.7 | VWAP Sesi: $63934.79 | Vol Surge: 0.3x | BB50: [$63969.90 - $64109.36] | Tren 15m: BULLISH
[ANALIS-SIDEWAYS] WAIT - Lebar BB sempit (0.218%). Butuh min 1.0% untuk tutup fee & spread.
[2026-07-12 19:55:15] Keputusan analis: Wait
[2026-07-12 19:55:15] Validasi gagal / keputusan WAIT. Tidak ada eksekusi.
[2026-07-12 19:56:16] Siklus Menit Baru. Harga BTC Terakhir: $64033.30
[ANALIS] State: SIDEWAYS | EMA(13/34): $64022.5/$64026.4 | VWAP Sesi: $63934.80 | Vol Surge: 0.1x | BB50: [$63973.04 - $64108.49] | Tren 15m: BULLISH
[ANALIS-SIDEWAYS] WAIT - Lebar BB sempit (0.212%). Butuh min 1.0% untuk tutup fee & spread.
[2026-07-12 19:56:16] Keputusan analis: Wait
[2026-07-12 19:56:16] Validasi gagal / keputusan WAIT. Tidak ada eksekusi.
[2026-07-12 19:57:16] Siklus Menit Baru. Harga BTC Terakhir: $64027.49
[ANALIS] State: SIDEWAYS | EMA(13/34): $64022.5/$64025.8 | VWAP Sesi: $63934.81 | Vol Surge: 0.0x | BB50: [$63975.74 - $64107.37] | Tren 15m: BULLISH
[ANALIS-SIDEWAYS] WAIT - Lebar BB sempit (0.206%). Butuh min 1.0% untuk tutup fee & spread.
[2026-07-12 19:57:16] Keputusan analis: Wait
[2026-07-12 19:57:16] Validasi gagal / keputusan WAIT. Tidak ada eksekusi.
[2026-07-12 19:58:16] Siklus Menit Baru. Harga BTC Terakhir: $64027.49
[ANALIS] State: SIDEWAYS | EMA(13/34): $64023.2/$64027.5 | VWAP Sesi: $63934.82 | Vol Surge: 0.0x | BB50: [$63979.38 - $64105.80] | Tren 15m: BULLISH
[ANALIS-SIDEWAYS] WAIT - Lebar BB sempit (0.197%). Butuh min 1.0% untuk tutup fee & spread.
[2026-07-12 19:58:16] Keputusan analis: Wait
[2026-07-12 19:58:16] Validasi gagal / keputusan WAIT. Tidak ada eksekusi.
[2026-07-12 19:59:16] Siklus Menit Baru. Harga BTC Terakhir: $64032.78
[ANALIS] State: SIDEWAYS | EMA(13/34): $64024.6/$64031.0 | VWAP Sesi: $63934.91 | Vol Surge: 1.8x | BB50: [$63980.65 - $64105.56] | Tren 15m: BULLISH
[ANALIS-SIDEWAYS] WAIT - Lebar BB sempit (0.195%). Butuh min 1.0% untuk tutup fee & spread.
[2026-07-12 19:59:16] Keputusan analis: Wait
[2026-07-12 19:59:16] Validasi gagal / keputusan WAIT. Tidak ada eksekusi.
[2026-07-12 20:00:16] Siklus Menit Baru. Harga BTC Terakhir: $64010.00
[ANALIS] State: SIDEWAYS | EMA(13/34): $64021.7/$64029.7 | VWAP Sesi: $63934.92 | Vol Surge: 0.3x | BB50: [$63978.97 - $64104.71] | Tren 15m: BEARISH
[ANALIS-SIDEWAYS] WAIT - Lebar BB sempit (0.196%). Butuh min 1.0% untuk tutup fee & spread.
[2026-07-12 20:00:16] Keputusan analis: Wait
[2026-07-12 20:00:16] Validasi gagal / keputusan WAIT. Tidak ada eksekusi.
[2026-07-12 20:01:17] Siklus Menit Baru. Harga BTC Terakhir: $64006.20
[ANALIS] State: SIDEWAYS | EMA(13/34): $64018.9/$64030.6 | VWAP Sesi: $63934.93 | Vol Surge: 0.1x | BB50: [$63977.24 - $64103.61] | Tren 15m: BEARISH
[ANALIS-SIDEWAYS] WAIT - Lebar BB sempit (0.197%). Butuh min 1.0% untuk tutup fee & spread.
[2026-07-12 20:01:17] Keputusan analis: Wait
[2026-07-12 20:01:17] Validasi gagal / keputusan WAIT. Tidak ada eksekusi.
[2026-07-12 20:02:17] Siklus Menit Baru. Harga BTC Terakhir: $64004.01
[ANALIS] State: SIDEWAYS | EMA(13/34): $64016.8/$64029.2 | VWAP Sesi: $63934.94 | Vol Surge: 0.0x | BB50: [$63978.18 - $64098.10] | Tren 15m: BEARISH
[ANALIS-SIDEWAYS] WAIT - Lebar BB sempit (0.187%). Butuh min 1.0% untuk tutup fee & spread.
[2026-07-12 20:02:17] Keputusan analis: Wait
[2026-07-12 20:02:17] Validasi gagal / keputusan WAIT. Tidak ada eksekusi.
[2026-07-12 20:03:17] Siklus Menit Baru. Harga BTC Terakhir: $64023.98
[ANALIS] State: SIDEWAYS | EMA(13/34): $64017.8/$64028.0 | VWAP Sesi: $63934.95 | Vol Surge: 0.2x | BB50: [$63981.11 - $64091.25] | Tren 15m: BEARISH
[ANALIS-SIDEWAYS] WAIT - Lebar BB sempit (0.172%). Butuh min 1.0% untuk tutup fee & spread.
[2026-07-12 20:03:17] Keputusan analis: Wait
[2026-07-12 20:03:17] Validasi gagal / keputusan WAIT. Tidak ada eksekusi.
[2026-07-12 20:04:17] Siklus Menit Baru. Harga BTC Terakhir: $64023.99
[ANALIS] State: SIDEWAYS | EMA(13/34): $64018.7/$64026.4 | VWAP Sesi: $63934.95 | Vol Surge: 0.1x | BB50: [$63982.90 - $64086.28] | Tren 15m: BEARISH
[ANALIS-SIDEWAYS] WAIT - Lebar BB sempit (0.161%). Butuh min 1.0% untuk tutup fee & spread.
[2026-07-12 20:04:17] Keputusan analis: Wait
[2026-07-12 20:04:17] Validasi gagal / keputusan WAIT. Tidak ada eksekusi.
[2026-07-12 20:05:17] Siklus Menit Baru. Harga BTC Terakhir: $64035.10
[ANALIS] State: SIDEWAYS | EMA(13/34): $64023.9/$64029.9 | VWAP Sesi: $63935.00 | Vol Surge: 0.5x | BB50: [$63983.98 - $64084.41] | Tren 15m: BULLISH
[ANALIS-SIDEWAYS] WAIT - Lebar BB sempit (0.157%). Butuh min 1.0% untuk tutup fee & spread.
[2026-07-12 20:05:17] Keputusan analis: Wait
[2026-07-12 20:05:17] Validasi gagal / keputusan WAIT. Tidak ada eksekusi.
[2026-07-12 20:06:18] Siklus Menit Baru. Harga BTC Terakhir: $64035.00
[ANALIS] State: SIDEWAYS | EMA(13/34): $64025.5/$64029.5 | VWAP Sesi: $63935.01 | Vol Surge: 0.2x | BB50: [$63987.39 - $64078.01] | Tren 15m: BULLISH
[ANALIS-SIDEWAYS] WAIT - Lebar BB sempit (0.142%). Butuh min 1.0% untuk tutup fee & spread.
[2026-07-12 20:06:18] Keputusan analis: Wait
[2026-07-12 20:06:18] Validasi gagal / keputusan WAIT. Tidak ada eksekusi.
[2026-07-12 20:07:18] Siklus Menit Baru. Harga BTC Terakhir: $64030.00
[ANALIS] State: SIDEWAYS | EMA(13/34): $64026.0/$64027.9 | VWAP Sesi: $63935.02 | Vol Surge: 0.2x | BB50: [$63989.90 - $64072.78] | Tren 15m: BULLISH
[ANALIS-SIDEWAYS] WAIT - Lebar BB sempit (0.129%). Butuh min 1.0% untuk tutup fee & spread.
[2026-07-12 20:07:18] Keputusan analis: Wait
[2026-07-12 20:07:18] Validasi gagal / keputusan WAIT. Tidak ada eksekusi.
[2026-07-12 20:08:18] Siklus Menit Baru. Harga BTC Terakhir: $64044.83
[ANALIS] State: SIDEWAYS | EMA(13/34): $64030.5/$64028.8 | VWAP Sesi: $63935.05 | Vol Surge: 0.0x | BB50: [$63990.69 - $64071.65] | Tren 15m: BULLISH
[ANALIS-SIDEWAYS] WAIT - Lebar BB sempit (0.126%). Butuh min 1.0% untuk tutup fee & spread.
[2026-07-12 20:08:18] Keputusan analis: Wait
[2026-07-12 20:08:18] Validasi gagal / keputusan WAIT. Tidak ada eksekusi.
[2026-07-12 20:09:18] Siklus Menit Baru. Harga BTC Terakhir: $64044.82
[ANALIS] State: SIDEWAYS | EMA(13/34): $64032.6/$64030.8 | VWAP Sesi: $63935.05 | Vol Surge: 0.0x | BB50: [$63990.79 - $64071.26] | Tren 15m: BULLISH
[ANALIS-SIDEWAYS] WAIT - Lebar BB sempit (0.126%). Butuh min 1.0% untuk tutup fee & spread.
[2026-07-12 20:09:18] Keputusan analis: Wait
[2026-07-12 20:09:18] Validasi gagal / keputusan WAIT. Tidak ada eksekusi.
[2026-07-12 20:10:18] Siklus Menit Baru. Harga BTC Terakhir: $64050.00
[ANALIS] State: SIDEWAYS | EMA(13/34): $64035.7/$64030.5 | VWAP Sesi: $63935.08 | Vol Surge: 0.4x | BB50: [$63991.69 - $64069.65] | Tren 15m: BULLISH
[ANALIS-SIDEWAYS] WAIT - Lebar BB sempit (0.122%). Butuh min 1.0% untuk tutup fee & spread.
[2026-07-12 20:10:18] Keputusan analis: Wait
[2026-07-12 20:10:18] Validasi gagal / keputusan WAIT. Tidak ada eksekusi.
[2026-07-12 20:11:19] Siklus Menit Baru. Harga BTC Terakhir: $64050.00
[ANALIS] State: SIDEWAYS | EMA(13/34): $64037.7/$64031.3 | VWAP Sesi: $63935.11 | Vol Surge: 0.4x | BB50: [$63991.60 - $64070.14] | Tren 15m: BULLISH
[ANALIS-SIDEWAYS] WAIT - Lebar BB sempit (0.123%). Butuh min 1.0% untuk tutup fee & spread.
[2026-07-12 20:11:19] Keputusan analis: Wait
[2026-07-12 20:11:19] Validasi gagal / keputusan WAIT. Tidak ada eksekusi.
[2026-07-12 20:12:19] Siklus Menit Baru. Harga BTC Terakhir: $64044.82
[ANALIS] State: SIDEWAYS | EMA(13/34): $64038.1/$64032.3 | VWAP Sesi: $63935.18 | Vol Surge: 0.1x | BB50: [$63991.70 - $64070.26] | Tren 15m: BULLISH
[ANALIS-SIDEWAYS] WAIT - Lebar BB sempit (0.123%). Butuh min 1.0% untuk tutup fee & spread.
[2026-07-12 20:12:19] Keputusan analis: Wait
[2026-07-12 20:12:19] Validasi gagal / keputusan WAIT. Tidak ada eksekusi.
[2026-07-12 20:13:19] Siklus Menit Baru. Harga BTC Terakhir: $64033.55
[ANALIS] State: SIDEWAYS | EMA(13/34): $64036.1/$64031.4 | VWAP Sesi: $63935.20 | Vol Surge: 0.0x | BB50: [$63991.63 - $64069.42] | Tren 15m: BULLISH
[ANALIS-SIDEWAYS] WAIT - Lebar BB sempit (0.121%). Butuh min 1.0% untuk tutup fee & spread.
[2026-07-12 20:13:19] Keputusan analis: Wait
[2026-07-12 20:13:19] Validasi gagal / keputusan WAIT. Tidak ada eksekusi.
[2026-07-12 20:14:19] Siklus Menit Baru. Harga BTC Terakhir: $64033.55
[ANALIS] State: SIDEWAYS | EMA(13/34): $64035.7/$64031.8 | VWAP Sesi: $63935.21 | Vol Surge: 0.2x | BB50: [$63991.60 - $64069.34] | Tren 15m: BULLISH
[ANALIS-SIDEWAYS] WAIT - Lebar BB sempit (0.121%). Butuh min 1.0% untuk tutup fee & spread.
[2026-07-12 20:14:19] Keputusan analis: Wait
[2026-07-12 20:14:19] Validasi gagal / keputusan WAIT. Tidak ada eksekusi.
[2026-07-12 20:15:20] Siklus Menit Baru. Harga BTC Terakhir: $64035.00
[ANALIS] State: SIDEWAYS | EMA(13/34): $64035.8/$64033.5 | VWAP Sesi: $63935.22 | Vol Surge: 0.0x | BB50: [$63991.60 - $64069.09] | Tren 15m: BULLISH
[ANALIS-SIDEWAYS] WAIT - Lebar BB sempit (0.121%). Butuh min 1.0% untuk tutup fee & spread.
[2026-07-12 20:15:20] Keputusan analis: Wait
[2026-07-12 20:15:20] Validasi gagal / keputusan WAIT. Tidak ada eksekusi.
[2026-07-12 20:16:20] Siklus Menit Baru. Harga BTC Terakhir: $64019.47
[ANALIS] State: SIDEWAYS | EMA(13/34): $64031.6/$64031.4 | VWAP Sesi: $63935.29 | Vol Surge: 0.0x | BB50: [$63991.73 - $64066.37] | Tren 15m: BULLISH
[ANALIS-SIDEWAYS] WAIT - Lebar BB sempit (0.117%). Butuh min 1.0% untuk tutup fee & spread.
[2026-07-12 20:16:20] Keputusan analis: Wait
[2026-07-12 20:16:20] Validasi gagal / keputusan WAIT. Tidak ada eksekusi.
[2026-07-12 20:17:20] Siklus Menit Baru. Harga BTC Terakhir: $64009.71
[ANALIS] State: SIDEWAYS | EMA(13/34): $64027.6/$64029.4 | VWAP Sesi: $63935.30 | Vol Surge: 0.1x | BB50: [$63991.12 - $64064.68] | Tren 15m: BULLISH
[ANALIS-SIDEWAYS] WAIT - Lebar BB sempit (0.115%). Butuh min 1.0% untuk tutup fee & spread.
[2026-07-12 20:17:20] Keputusan analis: Wait
[2026-07-12 20:17:20] Validasi gagal / keputusan WAIT. Tidak ada eksekusi.
[2026-07-12 20:18:20] Siklus Menit Baru. Harga BTC Terakhir: $64009.70
[ANALIS] State: SIDEWAYS | EMA(13/34): $64025.1/$64028.3 | VWAP Sesi: $63935.30 | Vol Surge: 0.1x | BB50: [$63990.63 - $64063.43] | Tren 15m: BEARISH
[ANALIS-SIDEWAYS] WAIT - Lebar BB sempit (0.114%). Butuh min 1.0% untuk tutup fee & spread.
[2026-07-12 20:18:20] Keputusan analis: Wait
[2026-07-12 20:18:20] Validasi gagal / keputusan WAIT. Tidak ada eksekusi.
[2026-07-12 20:19:20] Siklus Menit Baru. Harga BTC Terakhir: $64009.71
[ANALIS] State: SIDEWAYS | EMA(13/34): $64022.9/$64027.3 | VWAP Sesi: $63935.32 | Vol Surge: 0.3x | BB50: [$63990.27 - $64062.02] | Tren 15m: BEARISH
[ANALIS-SIDEWAYS] WAIT - Lebar BB sempit (0.112%). Butuh min 1.0% untuk tutup fee & spread.
[2026-07-12 20:19:20] Keputusan analis: Wait
[2026-07-12 20:19:20] Validasi gagal / keputusan WAIT. Tidak ada eksekusi.
[2026-07-12 20:20:21] Siklus Menit Baru. Harga BTC Terakhir: $64083.00
[ANALIS] State: SIDEWAYS | EMA(13/34): $64040.5/$64034.5 | VWAP Sesi: $63937.10 | Vol Surge: 0.2x | BB50: [$63986.88 - $64069.48] | Tren 15m: BULLISH
[ANALIS-SIDEWAYS] WAIT - Lebar BB sempit (0.129%). Butuh min 1.0% untuk tutup fee & spread.
[2026-07-12 20:20:21] Keputusan analis: Wait
[2026-07-12 20:20:21] Validasi gagal / keputusan WAIT. Tidak ada eksekusi.
[2026-07-12 20:21:21] Siklus Menit Baru. Harga BTC Terakhir: $64048.02
[ANALIS] State: SIDEWAYS | EMA(13/34): $64037.8/$64033.5 | VWAP Sesi: $63937.12 | Vol Surge: 0.1x | BB50: [$63988.92 - $64065.93] | Tren 15m: BULLISH
[ANALIS-SIDEWAYS] WAIT - Lebar BB sempit (0.120%). Butuh min 1.0% untuk tutup fee & spread.
[2026-07-12 20:21:21] Keputusan analis: Wait
[2026-07-12 20:21:21] Validasi gagal / keputusan WAIT. Tidak ada eksekusi.
[2026-07-12 20:22:21] Siklus Menit Baru. Harga BTC Terakhir: $64039.17
[ANALIS] State: SIDEWAYS | EMA(13/34): $64037.0/$64031.9 | VWAP Sesi: $63937.13 | Vol Surge: 0.1x | BB50: [$63989.33 - $64064.63] | Tren 15m: BEARISH
[ANALIS-SIDEWAYS] WAIT - Lebar BB sempit (0.118%). Butuh min 1.0% untuk tutup fee & spread.
[2026-07-12 20:22:21] Keputusan analis: Wait
[2026-07-12 20:22:21] Validasi gagal / keputusan WAIT. Tidak ada eksekusi.
