Memulai Bot Trading OKX (Dengan PostgreSQL & Server)...
Melakukan sinkronisasi data kline awal dari OKX...
Web Server OKX aktif di http://127.0.0.1:8091
[2026-07-02 12:48:22] Terhubung ke OKX WebSocket untuk harga real-time
[2026-07-02 12:48:25] Siklus Menit Baru. Harga BTC Terakhir (OKX): $60585.30
[ANALIS] State: BEARISH | EMA13/34: $60660.8/$60721.7 | VWAP Sesi: $60747.19 | Vol Surge: 1.0x | BB50: [$60595.61 - $60920.47] | Tren 15m: BEARISH
[DEBUG] EMA streak: 0 | EMA13: 60660.79 | EMA34: 60721.67 | Selisih: -60.89
[ANALIS-TRENDING] Menunggu konfirmasi streak 2 menit. Saat ini: 1 menit.
[2026-07-02 12:48:25] Keputusan analis: Wait
[2026-07-02 12:48:25] Validasi gagal / keputusan WAIT. Tidak ada eksekusi.
[2026-07-02 12:49:25] Siklus Menit Baru. Harga BTC Terakhir (OKX): $60540.80
[ANALIS] State: BEARISH | EMA13/34: $60646.4/$60708.3 | VWAP Sesi: $60736.99 | Vol Surge: 2.3x | BB50: [$60582.16 - $60924.77] | Tren 15m: BEARISH
[DEBUG] EMA streak: 1 | EMA13: 60646.41 | EMA34: 60708.32 | Selisih: -61.90
[ANALIS-TRENDING] Sinyal melemah/Death Cross terkonfirmasi 2 menit berturut. Sinyal SELL.
[2026-07-02 12:49:25] Keputusan analis: Sell(0.003284821987284454, "[Trending] Quant EMA13/34 Sell Confirmed (2m streak)")
Mencegah Whipsaw (Holding time < 15 menit). Beli terakhir 12 menit lalu. Sinyal normal ([Trending] Quant EMA13/34 Sell Confirmed (2m streak)) diabaikan.
[2026-07-02 12:49:25] Validasi gagal / keputusan WAIT. Tidak ada eksekusi.
[2026-07-02 12:50:25] Siklus Menit Baru. Harga BTC Terakhir (OKX): $60537.40
[ANALIS] State: BEARISH | EMA13/34: $60629.5/$60696.9 | VWAP Sesi: $60727.88 | Vol Surge: 1.6x | BB50: [$60567.45 - $60932.09] | Tren 15m: BEARISH
[DEBUG] EMA streak: 0 | EMA13: 60629.52 | EMA34: 60696.90 | Selisih: -67.38
[ANALIS-TRENDING] Menunggu konfirmasi streak 2 menit. Saat ini: 1 menit.
[2026-07-02 12:50:25] Keputusan analis: Wait
[2026-07-02 12:50:25] Validasi gagal / keputusan WAIT. Tidak ada eksekusi.
[2026-07-02 12:51:25] Siklus Menit Baru. Harga BTC Terakhir (OKX): $60524.90
[ANALIS] State: BEARISH | EMA13/34: $60611.0/$60684.7 | VWAP Sesi: $60716.10 | Vol Surge: 0.8x | BB50: [$60550.91 - $60940.80] | Tren 15m: BEARISH
[DEBUG] EMA streak: 1 | EMA13: 60610.97 | EMA34: 60684.70 | Selisih: -73.73
[ANALIS-TRENDING] Sinyal melemah/Death Cross terkonfirmasi 2 menit berturut. Sinyal SELL.
[2026-07-02 12:51:25] Keputusan analis: Sell(0.003284821987284454, "[Trending] Quant EMA13/34 Sell Confirmed (2m streak)")
Mencegah Whipsaw (Holding time < 15 menit). Beli terakhir 14 menit lalu. Sinyal normal ([Trending] Quant EMA13/34 Sell Confirmed (2m streak)) diabaikan.
[2026-07-02 12:51:25] Validasi gagal / keputusan WAIT. Tidak ada eksekusi.
[2026-07-02 12:52:25] Siklus Menit Baru. Harga BTC Terakhir (OKX): $60540.70
[ANALIS] State: BEARISH | EMA13/34: $60602.3/$60678.1 | VWAP Sesi: $60711.48 | Vol Surge: 0.6x | BB50: [$60541.96 - $60944.79] | Tren 15m: BEARISH
[DEBUG] EMA streak: 0 | EMA13: 60602.32 | EMA34: 60678.05 | Selisih: -75.73
[ANALIS-TRENDING] Menunggu konfirmasi streak 2 menit. Saat ini: 1 menit.
[2026-07-02 12:52:25] Keputusan analis: Wait
[2026-07-02 12:52:25] Validasi gagal / keputusan WAIT. Tidak ada eksekusi.
[2026-07-02 12:53:25] Siklus Menit Baru. Harga BTC Terakhir (OKX): $60583.60
[ANALIS] State: BEARISH | EMA13/34: $60598.9/$60672.5 | VWAP Sesi: $60707.59 | Vol Surge: 0.4x | BB50: [$60535.01 - $60947.14] | Tren 15m: BEARISH
[DEBUG] EMA streak: 1 | EMA13: 60598.86 | EMA34: 60672.47 | Selisih: -73.61
[ANALIS-TRENDING] Sinyal melemah/Death Cross terkonfirmasi 2 menit berturut. Sinyal SELL.
[2026-07-02 12:53:25] Keputusan analis: Sell(0.003284821987284454, "[Trending] Quant EMA13/34 Sell Confirmed (2m streak)")
[2026-07-02 12:53:25] Mengeksekusi transaksi...
[2026-07-02 12:53:25] Eksekusi sukses. Saldo: $998.61, BTC: 0.0000
[2026-07-02 12:54:25] Siklus Menit Baru. Harga BTC Terakhir (OKX): $60590.90
[ANALIS] State: BEARISH | EMA13/34: $60599.9/$60670.5 | VWAP Sesi: $60704.27 | Vol Surge: 0.7x | BB50: [$60530.44 - $60948.21] | Tren 15m: BEARISH
[DEBUG] EMA streak: 0 | EMA13: 60599.90 | EMA34: 60670.46 | Selisih: -70.55
[2026-07-02 12:54:25] Keputusan analis: Wait
[2026-07-02 12:54:25] Validasi gagal / keputusan WAIT. Tidak ada eksekusi.
[2026-07-02 12:55:26] Siklus Menit Baru. Harga BTC Terakhir (OKX): $60571.60
[ANALIS] State: BEARISH | EMA13/34: $60595.6/$60664.3 | VWAP Sesi: $60700.87 | Vol Surge: 1.0x | BB50: [$60521.95 - $60950.35] | Tren 15m: BEARISH
[DEBUG] EMA streak: 0 | EMA13: 60595.61 | EMA34: 60664.30 | Selisih: -68.69
[2026-07-02 12:55:26] Keputusan analis: Wait
[2026-07-02 12:55:26] Validasi gagal / keputusan WAIT. Tidak ada eksekusi.
[2026-07-02 12:56:26] Siklus Menit Baru. Harga BTC Terakhir (OKX): $60557.90
[ANALIS] State: BEARISH | EMA13/34: $60588.6/$60659.6 | VWAP Sesi: $60697.61 | Vol Surge: 0.7x | BB50: [$60511.86 - $60953.38] | Tren 15m: BEARISH
[DEBUG] EMA streak: 0 | EMA13: 60588.56 | EMA34: 60659.59 | Selisih: -71.03
[2026-07-02 12:56:26] Keputusan analis: Wait
[2026-07-02 12:56:26] Validasi gagal / keputusan WAIT. Tidak ada eksekusi.
[2026-07-02 12:57:26] Siklus Menit Baru. Harga BTC Terakhir (OKX): $60535.60
[ANALIS] State: BEARISH | EMA13/34: $60581.1/$60651.0 | VWAP Sesi: $60693.52 | Vol Surge: 0.8x | BB50: [$60500.80 - $60955.46] | Tren 15m: BEARISH
[DEBUG] EMA streak: 0 | EMA13: 60581.05 | EMA34: 60651.03 | Selisih: -69.98
[2026-07-02 12:57:26] Keputusan analis: Wait
[2026-07-02 12:57:26] Validasi gagal / keputusan WAIT. Tidak ada eksekusi.
[2026-07-02 12:58:26] Siklus Menit Baru. Harga BTC Terakhir (OKX): $60534.50
[ANALIS] State: BEARISH | EMA13/34: $60575.7/$60651.7 | VWAP Sesi: $60691.60 | Vol Surge: 0.4x | BB50: [$60491.29 - $60957.45] | Tren 15m: BEARISH
[DEBUG] EMA streak: 0 | EMA13: 60575.66 | EMA34: 60651.74 | Selisih: -76.08
[2026-07-02 12:58:26] Keputusan analis: Wait
[2026-07-02 12:58:26] Validasi gagal / keputusan WAIT. Tidak ada eksekusi.
[2026-07-02 12:59:26] Siklus Menit Baru. Harga BTC Terakhir (OKX): $60528.00
[ANALIS] State: BEARISH | EMA13/34: $60568.0/$60643.0 | VWAP Sesi: $60688.15 | Vol Surge: 0.3x | BB50: [$60481.08 - $60954.04] | Tren 15m: BEARISH
[DEBUG] EMA streak: 0 | EMA13: 60568.01 | EMA34: 60643.05 | Selisih: -75.04
[2026-07-02 12:59:26] Keputusan analis: Wait
[2026-07-02 12:59:26] Validasi gagal / keputusan WAIT. Tidak ada eksekusi.
[2026-07-02 13:00:26] Siklus Menit Baru. Harga BTC Terakhir (OKX): $60525.80
[ANALIS] State: BEARISH | EMA13/34: $60560.7/$60634.8 | VWAP Sesi: $60686.54 | Vol Surge: 0.2x | BB50: [$60470.55 - $60951.65] | Tren 15m: BEARISH
[DEBUG] EMA streak: 0 | EMA13: 60560.68 | EMA34: 60634.83 | Selisih: -74.15
[2026-07-02 13:00:26] Keputusan analis: Wait
[2026-07-02 13:00:26] Validasi gagal / keputusan WAIT. Tidak ada eksekusi.
[2026-07-02 13:01:27] Siklus Menit Baru. Harga BTC Terakhir (OKX): $60504.00
[ANALIS] State: BEARISH | EMA13/34: $60550.2/$60627.7 | VWAP Sesi: $60685.82 | Vol Surge: 0.1x | BB50: [$60457.86 - $60950.92] | Tren 15m: BEARISH
[DEBUG] EMA streak: 0 | EMA13: 60550.20 | EMA34: 60627.67 | Selisih: -77.47
[2026-07-02 13:01:27] Keputusan analis: Wait
[2026-07-02 13:01:27] Validasi gagal / keputusan WAIT. Tidak ada eksekusi.
[2026-07-02 13:02:27] Siklus Menit Baru. Harga BTC Terakhir (OKX): $60521.90
[ANALIS] State: BEARISH | EMA13/34: $60544.7/$60620.3 | VWAP Sesi: $60685.51 | Vol Surge: 0.1x | BB50: [$60448.56 - $60946.77] | Tren 15m: BEARISH
[DEBUG] EMA streak: 0 | EMA13: 60544.68 | EMA34: 60620.33 | Selisih: -75.65
[2026-07-02 13:02:27] Keputusan analis: Wait
[2026-07-02 13:02:27] Validasi gagal / keputusan WAIT. Tidak ada eksekusi.
[2026-07-02 13:03:27] Siklus Menit Baru. Harga BTC Terakhir (OKX): $60459.00
[ANALIS] State: BEARISH | EMA13/34: $60530.2/$60611.8 | VWAP Sesi: $60684.56 | Vol Surge: 0.2x | BB50: [$60433.99 - $60945.58] | Tren 15m: BEARISH
[DEBUG] EMA streak: 0 | EMA13: 60530.16 | EMA34: 60611.79 | Selisih: -81.63
[2026-07-02 13:03:27] Keputusan analis: Wait
[2026-07-02 13:03:27] Validasi gagal / keputusan WAIT. Tidak ada eksekusi.
[2026-07-02 13:04:27] Siklus Menit Baru. Harga BTC Terakhir (OKX): $60466.70
[ANALIS] State: BEARISH | EMA13/34: $60521.4/$60602.4 | VWAP Sesi: $60683.89 | Vol Surge: 0.1x | BB50: [$60423.66 - $60939.98] | Tren 15m: BEARISH
[DEBUG] EMA streak: 0 | EMA13: 60521.40 | EMA34: 60602.43 | Selisih: -81.03
[2026-07-02 13:04:27] Keputusan analis: Wait
[2026-07-02 13:04:27] Validasi gagal / keputusan WAIT. Tidak ada eksekusi.
[2026-07-02 13:05:27] Siklus Menit Baru. Harga BTC Terakhir (OKX): $60482.30
[ANALIS] State: BEARISH | EMA13/34: $60514.0/$60592.9 | VWAP Sesi: $60683.57 | Vol Surge: 0.0x | BB50: [$60413.54 - $60935.05] | Tren 15m: BEARISH
[DEBUG] EMA streak: 0 | EMA13: 60514.02 | EMA34: 60592.87 | Selisih: -78.85
[2026-07-02 13:05:27] Keputusan analis: Wait
[2026-07-02 13:05:27] Validasi gagal / keputusan WAIT. Tidak ada eksekusi.
[2026-07-02 13:06:28] Siklus Menit Baru. Harga BTC Terakhir (OKX): $60485.90
[ANALIS] State: BEARISH | EMA13/34: $60512.3/$60589.7 | VWAP Sesi: $60683.31 | Vol Surge: 0.0x | BB50: [$60406.10 - $60930.37] | Tren 15m: BEARISH
[DEBUG] EMA streak: 0 | EMA13: 60512.29 | EMA34: 60589.72 | Selisih: -77.43
[2026-07-02 13:06:28] Keputusan analis: Wait
[2026-07-02 13:06:28] Validasi gagal / keputusan WAIT. Tidak ada eksekusi.
[2026-07-02 13:07:28] Siklus Menit Baru. Harga BTC Terakhir (OKX): $60491.40
[ANALIS] State: BEARISH | EMA13/34: $60511.4/$60585.1 | VWAP Sesi: $60682.90 | Vol Surge: 0.1x | BB50: [$60400.63 - $60922.38] | Tren 15m: BEARISH
[DEBUG] EMA streak: 0 | EMA13: 60511.40 | EMA34: 60585.14 | Selisih: -73.74
[2026-07-02 13:07:28] Keputusan analis: Wait
[2026-07-02 13:07:28] Validasi gagal / keputusan WAIT. Tidak ada eksekusi.
[2026-07-02 13:08:28] Siklus Menit Baru. Harga BTC Terakhir (OKX): $60450.00
[ANALIS] State: BEARISH | EMA13/34: $60500.1/$60577.2 | VWAP Sesi: $60682.53 | Vol Surge: 0.1x | BB50: [$60390.12 - $60916.20] | Tren 15m: BEARISH
[DEBUG] EMA streak: 0 | EMA13: 60500.14 | EMA34: 60577.16 | Selisih: -77.02
[2026-07-02 13:08:28] Keputusan analis: Wait
[2026-07-02 13:08:28] Validasi gagal / keputusan WAIT. Tidak ada eksekusi.
[2026-07-02 13:09:28] Siklus Menit Baru. Harga BTC Terakhir (OKX): $60457.20
[ANALIS] State: BEARISH | EMA13/34: $60494.4/$60569.6 | VWAP Sesi: $60679.77 | Vol Surge: 0.7x | BB50: [$60383.63 - $60906.58] | Tren 15m: BEARISH
[DEBUG] EMA streak: 0 | EMA13: 60494.41 | EMA34: 60569.59 | Selisih: -75.17
[2026-07-02 13:09:28] Keputusan analis: Wait
[2026-07-02 13:09:28] Validasi gagal / keputusan WAIT. Tidak ada eksekusi.
[2026-07-02 13:10:28] Siklus Menit Baru. Harga BTC Terakhir (OKX): $60458.70
[ANALIS] State: BEARISH | EMA13/34: $60486.6/$60561.7 | VWAP Sesi: $60679.26 | Vol Surge: 0.0x | BB50: [$60375.44 - $60898.39] | Tren 15m: BEARISH
[DEBUG] EMA streak: 0 | EMA13: 60486.56 | EMA34: 60561.73 | Selisih: -75.17
[2026-07-02 13:10:28] Keputusan analis: Wait
[2026-07-02 13:10:28] Validasi gagal / keputusan WAIT. Tidak ada eksekusi.
[2026-07-02 13:11:29] Siklus Menit Baru. Harga BTC Terakhir (OKX): $60438.30
[ANALIS] State: BEARISH | EMA13/34: $60478.4/$60554.6 | VWAP Sesi: $60678.94 | Vol Surge: 0.0x | BB50: [$60367.40 - $60889.94] | Tren 15m: BEARISH
[DEBUG] EMA streak: 0 | EMA13: 60478.38 | EMA34: 60554.60 | Selisih: -76.22
[2026-07-02 13:11:29] Keputusan analis: Wait
[2026-07-02 13:11:29] Validasi gagal / keputusan WAIT. Tidak ada eksekusi.
[2026-07-02 13:12:29] Siklus Menit Baru. Harga BTC Terakhir (OKX): $60438.40
[ANALIS] State: BEARISH | EMA13/34: $60473.6/$60546.5 | VWAP Sesi: $60678.62 | Vol Surge: 0.1x | BB50: [$60362.23 - $60879.00] | Tren 15m: BEARISH
[DEBUG] EMA streak: 0 | EMA13: 60473.65 | EMA34: 60546.47 | Selisih: -72.83
[2026-07-02 13:12:29] Keputusan analis: Wait
[2026-07-02 13:12:29] Validasi gagal / keputusan WAIT. Tidak ada eksekusi.
[2026-07-02 13:13:29] Siklus Menit Baru. Harga BTC Terakhir (OKX): $60424.30
[ANALIS] State: BEARISH | EMA13/34: $60466.7/$60539.3 | VWAP Sesi: $60678.24 | Vol Surge: 0.1x | BB50: [$60354.69 - $60870.99] | Tren 15m: BEARISH
[DEBUG] EMA streak: 0 | EMA13: 60466.71 | EMA34: 60539.26 | Selisih: -72.55
[2026-07-02 13:13:29] Keputusan analis: Wait
[2026-07-02 13:13:29] Validasi gagal / keputusan WAIT. Tidak ada eksekusi.
[2026-07-02 13:14:29] Siklus Menit Baru. Harga BTC Terakhir (OKX): $60423.30
[ANALIS] State: BEARISH | EMA13/34: $60459.9/$60530.6 | VWAP Sesi: $60677.83 | Vol Surge: 0.0x | BB50: [$60347.46 - $60862.64] | Tren 15m: BEARISH
[DEBUG] EMA streak: 0 | EMA13: 60459.93 | EMA34: 60530.62 | Selisih: -70.69
[2026-07-02 13:14:29] Keputusan analis: Wait
[2026-07-02 13:14:29] Validasi gagal / keputusan WAIT. Tidak ada eksekusi.
[2026-07-02 13:15:29] Siklus Menit Baru. Harga BTC Terakhir (OKX): $60431.70
[ANALIS] State: BEARISH | EMA13/34: $60454.4/$60523.6 | VWAP Sesi: $60677.12 | Vol Surge: 0.2x | BB50: [$60339.87 - $60856.05] | Tren 15m: BEARISH
[DEBUG] EMA streak: 0 | EMA13: 60454.45 | EMA34: 60523.59 | Selisih: -69.15
[2026-07-02 13:15:29] Keputusan analis: Wait
[2026-07-02 13:15:29] Validasi gagal / keputusan WAIT. Tidak ada eksekusi.
[2026-07-02 13:16:29] Siklus Menit Baru. Harga BTC Terakhir (OKX): $60426.20
[ANALIS] State: BEARISH | EMA13/34: $60451.0/$60517.2 | VWAP Sesi: $60676.60 | Vol Surge: 0.0x | BB50: [$60333.35 - $60849.35] | Tren 15m: BEARISH
[DEBUG] EMA streak: 0 | EMA13: 60450.96 | EMA34: 60517.19 | Selisih: -66.23
[2026-07-02 13:16:29] Keputusan analis: Wait
[2026-07-02 13:16:29] Validasi gagal / keputusan WAIT. Tidak ada eksekusi.
[2026-07-02 13:17:29] Siklus Menit Baru. Harga BTC Terakhir (OKX): $60450.50
[ANALIS] State: BEARISH | EMA13/34: $60453.6/$60515.3 | VWAP Sesi: $60676.29 | Vol Surge: 0.1x | BB50: [$60329.61 - $60842.36] | Tren 15m: BEARISH
[DEBUG] EMA streak: 0 | EMA13: 60453.57 | EMA34: 60515.32 | Selisih: -61.75
[2026-07-02 13:17:29] Keputusan analis: Wait
[2026-07-02 13:17:29] Validasi gagal / keputusan WAIT. Tidak ada eksekusi.
[2026-07-02 13:18:30] Siklus Menit Baru. Harga BTC Terakhir (OKX): $60438.00
[ANALIS] State: BEARISH | EMA13/34: $60453.8/$60512.0 | VWAP Sesi: $60676.08 | Vol Surge: 0.0x | BB50: [$60325.76 - $60834.28] | Tren 15m: BEARISH
[DEBUG] EMA streak: 0 | EMA13: 60453.81 | EMA34: 60511.98 | Selisih: -58.17
[2026-07-02 13:18:30] Keputusan analis: Wait
[2026-07-02 13:18:30] Validasi gagal / keputusan WAIT. Tidak ada eksekusi.
[2026-07-02 13:19:30] Siklus Menit Baru. Harga BTC Terakhir (OKX): $60422.50
[ANALIS] State: BEARISH | EMA13/34: $60447.5/$60507.2 | VWAP Sesi: $60675.94 | Vol Surge: 0.0x | BB50: [$60319.45 - $60826.65] | Tren 15m: BEARISH
[DEBUG] EMA streak: 0 | EMA13: 60447.47 | EMA34: 60507.18 | Selisih: -59.71
[2026-07-02 13:19:30] Keputusan analis: Wait
[2026-07-02 13:19:30] Validasi gagal / keputusan WAIT. Tidak ada eksekusi.
[2026-07-02 13:20:30] Siklus Menit Baru. Harga BTC Terakhir (OKX): $60467.90
[ANALIS] State: BEARISH | EMA13/34: $60452.4/$60505.0 | VWAP Sesi: $60675.84 | Vol Surge: 0.0x | BB50: [$60319.45 - $60814.91] | Tren 15m: BEARISH
[DEBUG] EMA streak: 0 | EMA13: 60452.40 | EMA34: 60504.97 | Selisih: -52.56
[2026-07-02 13:20:30] Keputusan analis: Wait
[2026-07-02 13:20:30] Validasi gagal / keputusan WAIT. Tidak ada eksekusi.
[2026-07-02 13:21:30] Siklus Menit Baru. Harga BTC Terakhir (OKX): $60526.60
[ANALIS] State: BEARISH | EMA13/34: $60466.6/$60508.9 | VWAP Sesi: $60675.38 | Vol Surge: 0.2x | BB50: [$60322.17 - $60803.97] | Tren 15m: BULLISH
[DEBUG] EMA streak: 0 | EMA13: 60466.62 | EMA34: 60508.91 | Selisih: -42.29
[2026-07-02 13:21:30] Keputusan analis: Wait
[2026-07-02 13:21:30] Validasi gagal / keputusan WAIT. Tidak ada eksekusi.
[2026-07-02 13:22:30] Siklus Menit Baru. Harga BTC Terakhir (OKX): $60573.20
[ANALIS] State: BEARISH | EMA13/34: $60484.7/$60512.3 | VWAP Sesi: $60674.78 | Vol Surge: 0.1x | BB50: [$60326.90 - $60791.80] | Tren 15m: BULLISH
[DEBUG] EMA streak: 0 | EMA13: 60484.68 | EMA34: 60512.27 | Selisih: -27.58
[2026-07-02 13:22:30] Keputusan analis: Wait
[2026-07-02 13:22:30] Validasi gagal / keputusan WAIT. Tidak ada eksekusi.
[2026-07-02 13:23:30] Siklus Menit Baru. Harga BTC Terakhir (OKX): $60530.20
[ANALIS] State: BEARISH | EMA13/34: $60485.1/$60512.8 | VWAP Sesi: $60674.48 | Vol Surge: 0.1x | BB50: [$60327.93 - $60779.92] | Tren 15m: BULLISH
[DEBUG] EMA streak: 0 | EMA13: 60485.10 | EMA34: 60512.78 | Selisih: -27.69
[2026-07-02 13:23:30] Keputusan analis: Wait
[2026-07-02 13:23:30] Validasi gagal / keputusan WAIT. Tidak ada eksekusi.
[2026-07-02 13:24:31] Siklus Menit Baru. Harga BTC Terakhir (OKX): $60476.90
[ANALIS] State: BEARISH | EMA13/34: $60482.8/$60513.8 | VWAP Sesi: $60674.13 | Vol Surge: 0.1x | BB50: [$60330.95 - $60763.87] | Tren 15m: BULLISH
[DEBUG] EMA streak: 0 | EMA13: 60482.77 | EMA34: 60513.81 | Selisih: -31.04
[2026-07-02 13:24:31] Keputusan analis: Wait
[2026-07-02 13:24:31] Validasi gagal / keputusan WAIT. Tidak ada eksekusi.
[2026-07-02 13:25:31] Siklus Menit Baru. Harga BTC Terakhir (OKX): $60515.30
[ANALIS] State: BEARISH | EMA13/34: $60485.1/$60514.2 | VWAP Sesi: $60673.64 | Vol Surge: 0.1x | BB50: [$60342.44 - $60737.77] | Tren 15m: BULLISH
[DEBUG] EMA streak: 0 | EMA13: 60485.13 | EMA34: 60514.18 | Selisih: -29.06
[2026-07-02 13:25:31] Keputusan analis: Wait
[2026-07-02 13:25:31] Validasi gagal / keputusan WAIT. Tidak ada eksekusi.
[2026-07-02 13:26:31] Siklus Menit Baru. Harga BTC Terakhir (OKX): $60508.60
[ANALIS] State: BEARISH | EMA13/34: $60486.6/$60508.8 | VWAP Sesi: $60673.45 | Vol Surge: 0.0x | BB50: [$60360.77 - $60703.73] | Tren 15m: BULLISH
[DEBUG] EMA streak: 0 | EMA13: 60486.58 | EMA34: 60508.79 | Selisih: -22.21
[2026-07-02 13:26:31] Keputusan analis: Wait
[2026-07-02 13:26:31] Validasi gagal / keputusan WAIT. Tidak ada eksekusi.
[2026-07-02 13:27:31] Siklus Menit Baru. Harga BTC Terakhir (OKX): $60479.00
[ANALIS] State: BEARISH | EMA13/34: $60486.3/$60501.5 | VWAP Sesi: $60672.77 | Vol Surge: 0.3x | BB50: [$60372.67 - $60679.03] | Tren 15m: BULLISH
[DEBUG] EMA streak: 0 | EMA13: 60486.28 | EMA34: 60501.54 | Selisih: -15.26
[2026-07-02 13:27:31] Keputusan analis: Wait
[2026-07-02 13:27:31] Validasi gagal / keputusan WAIT. Tidak ada eksekusi.
[2026-07-02 13:28:31] Siklus Menit Baru. Harga BTC Terakhir (OKX): $60497.10
[ANALIS] State: BEARISH | EMA13/34: $60489.8/$60501.1 | VWAP Sesi: $60670.53 | Vol Surge: 0.4x | BB50: [$60376.87 - $60667.61] | Tren 15m: BULLISH
[DEBUG] EMA streak: 0 | EMA13: 60489.76 | EMA34: 60501.14 | Selisih: -11.38
[2026-07-02 13:28:31] Keputusan analis: Wait
[2026-07-02 13:28:31] Validasi gagal / keputusan WAIT. Tidak ada eksekusi.
[2026-07-02 13:29:31] Siklus Menit Baru. Harga BTC Terakhir (OKX): $60479.40
[ANALIS] State: BEARISH | EMA13/34: $60487.2/$60499.5 | VWAP Sesi: $60668.48 | Vol Surge: 0.4x | BB50: [$60378.87 - $60657.43] | Tren 15m: BULLISH
[DEBUG] EMA streak: 0 | EMA13: 60487.16 | EMA34: 60499.53 | Selisih: -12.38
[2026-07-02 13:29:31] Keputusan analis: Wait
[2026-07-02 13:29:31] Validasi gagal / keputusan WAIT. Tidak ada eksekusi.
[2026-07-02 13:30:32] Siklus Menit Baru. Harga BTC Terakhir (OKX): $60500.90
[ANALIS] State: BEARISH | EMA13/34: $60488.3/$60497.9 | VWAP Sesi: $60664.64 | Vol Surge: 1.4x | BB50: [$60382.63 - $60646.37] | Tren 15m: BULLISH
[DEBUG] EMA streak: 0 | EMA13: 60488.35 | EMA34: 60497.86 | Selisih: -9.51
[2026-07-02 13:30:32] Keputusan analis: Wait
[2026-07-02 13:30:32] Validasi gagal / keputusan WAIT. Tidak ada eksekusi.
[2026-07-02 13:31:32] Siklus Menit Baru. Harga BTC Terakhir (OKX): $60548.30
[ANALIS] State: BEARISH | EMA13/34: $60498.5/$60499.6 | VWAP Sesi: $60662.68 | Vol Surge: 1.0x | BB50: [$60386.31 - $60639.13] | Tren 15m: BULLISH
[DEBUG] EMA streak: 0 | EMA13: 60498.47 | EMA34: 60499.55 | Selisih: -1.09
[2026-07-02 13:31:32] Keputusan analis: Wait
[2026-07-02 13:31:32] Validasi gagal / keputusan WAIT. Tidak ada eksekusi.
[2026-07-02 13:32:32] Siklus Menit Baru. Harga BTC Terakhir (OKX): $60573.30
[ANALIS] State: BULLISH | EMA13/34: $60509.9/$60507.4 | VWAP Sesi: $60661.27 | Vol Surge: 0.9x | BB50: [$60387.60 - $60636.41] | Tren 15m: BULLISH
[DEBUG] EMA streak: 0 | EMA13: 60509.89 | EMA34: 60507.38 | Selisih: 2.52
[2026-07-02 13:32:32] Keputusan analis: Wait
[2026-07-02 13:32:32] Validasi gagal / keputusan WAIT. Tidak ada eksekusi.
[2026-07-02 13:33:32] Siklus Menit Baru. Harga BTC Terakhir (OKX): $60618.00
[ANALIS] State: BULLISH | EMA13/34: $60526.6/$60511.5 | VWAP Sesi: $60660.75 | Vol Surge: 0.2x | BB50: [$60391.43 - $60630.66] | Tren 15m: BULLISH
[DEBUG] EMA streak: 0 | EMA13: 60526.65 | EMA34: 60511.50 | Selisih: 15.15
[2026-07-02 13:33:32] Keputusan analis: Wait
[2026-07-02 13:33:32] Validasi gagal / keputusan WAIT. Tidak ada eksekusi.
[2026-07-02 13:34:32] Siklus Menit Baru. Harga BTC Terakhir (OKX): $60644.40
[ANALIS] State: BULLISH | EMA13/34: $60543.7/$60521.1 | VWAP Sesi: $60660.36 | Vol Surge: 0.9x | BB50: [$60390.10 - $60632.92] | Tren 15m: BULLISH
[DEBUG] EMA streak: 0 | EMA13: 60543.74 | EMA34: 60521.11 | Selisih: 22.63
[2026-07-02 13:34:32] Keputusan analis: Wait
[2026-07-02 13:34:32] Validasi gagal / keputusan WAIT. Tidak ada eksekusi.
[2026-07-02 13:35:33] Siklus Menit Baru. Harga BTC Terakhir (OKX): $60611.20
[ANALIS] State: BULLISH | EMA13/34: $60551.6/$60523.4 | VWAP Sesi: $60659.20 | Vol Surge: 1.3x | BB50: [$60394.11 - $60626.38] | Tren 15m: BULLISH
[DEBUG] EMA streak: 0 | EMA13: 60551.63 | EMA34: 60523.36 | Selisih: 28.27
[2026-07-02 13:35:33] Keputusan analis: Wait
[2026-07-02 13:35:33] Validasi gagal / keputusan WAIT. Tidak ada eksekusi.
[2026-07-02 13:36:33] Siklus Menit Baru. Harga BTC Terakhir (OKX): $60576.80
[ANALIS] State: BULLISH | EMA13/34: $60554.7/$60524.5 | VWAP Sesi: $60657.66 | Vol Surge: 1.2x | BB50: [$60396.13 - $60622.47] | Tren 15m: BULLISH
[DEBUG] EMA streak: 0 | EMA13: 60554.66 | EMA34: 60524.46 | Selisih: 30.20
[2026-07-02 13:36:33] Keputusan analis: Wait
[2026-07-02 13:36:33] Validasi gagal / keputusan WAIT. Tidak ada eksekusi.
[2026-07-02 13:37:33] Siklus Menit Baru. Harga BTC Terakhir (OKX): $60557.70
[ANALIS] State: BULLISH | EMA13/34: $60554.2/$60526.2 | VWAP Sesi: $60656.05 | Vol Surge: 1.2x | BB50: [$60397.07 - $60620.04] | Tren 15m: BULLISH
[DEBUG] EMA streak: 0 | EMA13: 60554.15 | EMA34: 60526.17 | Selisih: 27.98
[2026-07-02 13:37:33] Keputusan analis: Wait
[2026-07-02 13:37:33] Validasi gagal / keputusan WAIT. Tidak ada eksekusi.
[2026-07-02 13:38:33] Siklus Menit Baru. Harga BTC Terakhir (OKX): $60592.90
[ANALIS] State: BULLISH | EMA13/34: $60557.4/$60526.4 | VWAP Sesi: $60653.68 | Vol Surge: 2.9x | BB50: [$60396.85 - $60619.54] | Tren 15m: BULLISH
[DEBUG] EMA streak: 0 | EMA13: 60557.44 | EMA34: 60526.39 | Selisih: 31.05
[2026-07-02 13:38:33] Keputusan analis: Wait
[2026-07-02 13:38:33] Validasi gagal / keputusan WAIT. Tidak ada eksekusi.
[2026-07-02 13:39:33] Siklus Menit Baru. Harga BTC Terakhir (OKX): $60568.10
[ANALIS] State: BULLISH | EMA13/34: $60557.4/$60526.4 | VWAP Sesi: $60652.37 | Vol Surge: 1.0x | BB50: [$60397.02 - $60619.89] | Tren 15m: BULLISH
[DEBUG] EMA streak: 0 | EMA13: 60557.43 | EMA34: 60526.43 | Selisih: 30.99
[2026-07-02 13:39:33] Keputusan analis: Wait
[2026-07-02 13:39:33] Validasi gagal / keputusan WAIT. Tidak ada eksekusi.
[2026-07-02 13:40:33] Siklus Menit Baru. Harga BTC Terakhir (OKX): $60565.70
[ANALIS] State: BULLISH | EMA13/34: $60558.3/$60529.9 | VWAP Sesi: $60650.67 | Vol Surge: 1.4x | BB50: [$60397.01 - $60621.99] | Tren 15m: BULLISH
[DEBUG] EMA streak: 0 | EMA13: 60558.33 | EMA34: 60529.88 | Selisih: 28.45
[2026-07-02 13:40:33] Keputusan analis: Wait
[2026-07-02 13:40:33] Validasi gagal / keputusan WAIT. Tidak ada eksekusi.
[2026-07-02 13:41:33] Siklus Menit Baru. Harga BTC Terakhir (OKX): $60570.30
[ANALIS] State: BULLISH | EMA13/34: $60559.6/$60532.7 | VWAP Sesi: $60648.81 | Vol Surge: 1.4x | BB50: [$60396.71 - $60623.51] | Tren 15m: BULLISH
[DEBUG] EMA streak: 0 | EMA13: 60559.60 | EMA34: 60532.72 | Selisih: 26.89
[2026-07-02 13:41:33] Keputusan analis: Wait
[2026-07-02 13:41:33] Validasi gagal / keputusan WAIT. Tidak ada eksekusi.
[2026-07-02 13:42:34] Siklus Menit Baru. Harga BTC Terakhir (OKX): $60547.60
[ANALIS] State: BULLISH | EMA13/34: $60556.3/$60534.9 | VWAP Sesi: $60648.09 | Vol Surge: 0.6x | BB50: [$60396.97 - $60622.63] | Tren 15m: BULLISH
[DEBUG] EMA streak: 0 | EMA13: 60556.28 | EMA34: 60534.86 | Selisih: 21.42
[2026-07-02 13:42:34] Keputusan analis: Wait
[2026-07-02 13:42:34] Validasi gagal / keputusan WAIT. Tidak ada eksekusi.
[2026-07-02 13:43:34] Siklus Menit Baru. Harga BTC Terakhir (OKX): $60520.20
[ANALIS] State: BULLISH | EMA13/34: $60550.0/$60533.5 | VWAP Sesi: $60647.50 | Vol Surge: 0.3x | BB50: [$60397.88 - $60618.60] | Tren 15m: BULLISH
[DEBUG] EMA streak: 0 | EMA13: 60549.98 | EMA34: 60533.54 | Selisih: 16.44
[2026-07-02 13:43:34] Keputusan analis: Wait
[2026-07-02 13:43:34] Validasi gagal / keputusan WAIT. Tidak ada eksekusi.
[2026-07-02 13:44:34] Siklus Menit Baru. Harga BTC Terakhir (OKX): $60526.50
[ANALIS] State: BULLISH | EMA13/34: $60547.6/$60531.9 | VWAP Sesi: $60644.29 | Vol Surge: 0.9x | BB50: [$60398.96 - $60615.34] | Tren 15m: BULLISH
[DEBUG] EMA streak: 0 | EMA13: 60547.56 | EMA34: 60531.90 | Selisih: 15.65
[2026-07-02 13:44:34] Keputusan analis: Wait
[2026-07-02 13:44:34] Validasi gagal / keputusan WAIT. Tidak ada eksekusi.
[2026-07-02 13:45:34] Siklus Menit Baru. Harga BTC Terakhir (OKX): $60512.70
[ANALIS] State: BULLISH | EMA13/34: $60542.4/$60530.8 | VWAP Sesi: $60641.90 | Vol Surge: 1.2x | BB50: [$60399.00 - $60613.45] | Tren 15m: BEARISH
[DEBUG] EMA streak: 0 | EMA13: 60542.42 | EMA34: 60530.79 | Selisih: 11.63
[2026-07-02 13:45:34] Keputusan analis: Wait
[2026-07-02 13:45:34] Validasi gagal / keputusan WAIT. Tidak ada eksekusi.
[2026-07-02 13:46:34] Siklus Menit Baru. Harga BTC Terakhir (OKX): $60445.20
[ANALIS] State: BULLISH | EMA13/34: $60522.7/$60522.6 | VWAP Sesi: $60639.95 | Vol Surge: 0.7x | BB50: [$60394.99 - $60610.96] | Tren 15m: BEARISH
[DEBUG] EMA streak: 0 | EMA13: 60522.71 | EMA34: 60522.56 | Selisih: 0.15
[2026-07-02 13:46:34] Keputusan analis: Wait
[2026-07-02 13:46:34] Validasi gagal / keputusan WAIT. Tidak ada eksekusi.
[2026-07-02 13:47:34] Siklus Menit Baru. Harga BTC Terakhir (OKX): $60374.00
[ANALIS] State: BEARISH | EMA13/34: $60496.1/$60510.8 | VWAP Sesi: $60637.59 | Vol Surge: 1.0x | BB50: [$60383.47 - $60613.89] | Tren 15m: BEARISH
[DEBUG] EMA streak: 0 | EMA13: 60496.07 | EMA34: 60510.82 | Selisih: -14.75
[2026-07-02 13:47:34] Keputusan analis: Wait
[2026-07-02 13:47:34] Validasi gagal / keputusan WAIT. Tidak ada eksekusi.
[2026-07-02 13:48:35] Siklus Menit Baru. Harga BTC Terakhir (OKX): $60350.10
[ANALIS] State: BEARISH | EMA13/34: $60475.2/$60501.1 | VWAP Sesi: $60634.52 | Vol Surge: 0.9x | BB50: [$60372.98 - $60617.26] | Tren 15m: BEARISH
[DEBUG] EMA streak: 0 | EMA13: 60475.23 | EMA34: 60501.08 | Selisih: -25.85
[2026-07-02 13:48:35] Keputusan analis: Wait
[2026-07-02 13:48:35] Validasi gagal / keputusan WAIT. Tidak ada eksekusi.
[2026-07-02 13:49:35] Siklus Menit Baru. Harga BTC Terakhir (OKX): $60301.20
[ANALIS] State: BEARISH | EMA13/34: $60448.8/$60488.4 | VWAP Sesi: $60631.87 | Vol Surge: 0.6x | BB50: [$60355.92 - $60625.14] | Tren 15m: BEARISH
[DEBUG] EMA streak: 0 | EMA13: 60448.76 | EMA34: 60488.36 | Selisih: -39.60
[2026-07-02 13:49:35] Keputusan analis: Wait
[2026-07-02 13:49:35] Validasi gagal / keputusan WAIT. Tidak ada eksekusi.
[2026-07-02 13:50:35] Siklus Menit Baru. Harga BTC Terakhir (OKX): $60293.10
[ANALIS] State: BEARISH | EMA13/34: $60428.1/$60477.2 | VWAP Sesi: $60627.08 | Vol Surge: 1.4x | BB50: [$60342.41 - $60630.66] | Tren 15m: BEARISH
[DEBUG] EMA streak: 0 | EMA13: 60428.12 | EMA34: 60477.16 | Selisih: -49.04
[2026-07-02 13:50:35] Keputusan analis: Wait
[2026-07-02 13:50:35] Validasi gagal / keputusan WAIT. Tidak ada eksekusi.
[2026-07-02 13:51:35] Siklus Menit Baru. Harga BTC Terakhir (OKX): $60287.80
[ANALIS] State: BEARISH | EMA13/34: $60407.7/$60466.5 | VWAP Sesi: $60623.93 | Vol Surge: 1.1x | BB50: [$60327.58 - $60637.18] | Tren 15m: BEARISH
[DEBUG] EMA streak: 0 | EMA13: 60407.67 | EMA34: 60466.54 | Selisih: -58.87
[2026-07-02 13:51:35] Keputusan analis: Wait
[2026-07-02 13:51:35] Validasi gagal / keputusan WAIT. Tidak ada eksekusi.
[2026-07-02 13:52:35] Siklus Menit Baru. Harga BTC Terakhir (OKX): $60260.90
[ANALIS] State: BEARISH | EMA13/34: $60384.6/$60451.5 | VWAP Sesi: $60622.45 | Vol Surge: 0.3x | BB50: [$60309.00 - $60645.54] | Tren 15m: BEARISH
[DEBUG] EMA streak: 0 | EMA13: 60384.59 | EMA34: 60451.51 | Selisih: -66.92
[2026-07-02 13:52:35] Keputusan analis: Wait
[2026-07-02 13:52:35] Validasi gagal / keputusan WAIT. Tidak ada eksekusi.
[2026-07-02 13:53:35] Siklus Menit Baru. Harga BTC Terakhir (OKX): $60289.50
[ANALIS] State: BEARISH | EMA13/34: $60372.4/$60443.3 | VWAP Sesi: $60619.04 | Vol Surge: 0.8x | BB50: [$60299.22 - $60649.22] | Tren 15m: BEARISH
[DEBUG] EMA streak: 0 | EMA13: 60372.43 | EMA34: 60443.25 | Selisih: -70.82
[2026-07-02 13:53:35] Keputusan analis: Wait
[2026-07-02 13:53:35] Validasi gagal / keputusan WAIT. Tidak ada eksekusi.
[2026-07-02 13:54:36] Siklus Menit Baru. Harga BTC Terakhir (OKX): $60296.60
[ANALIS] State: BEARISH | EMA13/34: $60365.1/$60438.6 | VWAP Sesi: $60617.17 | Vol Surge: 0.2x | BB50: [$60291.74 - $60651.24] | Tren 15m: BEARISH
[DEBUG] EMA streak: 0 | EMA13: 60365.10 | EMA34: 60438.61 | Selisih: -73.51
[2026-07-02 13:54:36] Keputusan analis: Wait
[2026-07-02 13:54:36] Validasi gagal / keputusan WAIT. Tidak ada eksekusi.
[2026-07-02 13:55:36] Siklus Menit Baru. Harga BTC Terakhir (OKX): $60310.20
[ANALIS] State: BEARISH | EMA13/34: $60359.0/$60431.9 | VWAP Sesi: $60615.05 | Vol Surge: 0.3x | BB50: [$60283.82 - $60652.00] | Tren 15m: BEARISH
[DEBUG] EMA streak: 0 | EMA13: 60358.98 | EMA34: 60431.92 | Selisih: -72.94
[2026-07-02 13:55:36] Keputusan analis: Wait
[2026-07-02 13:55:36] Validasi gagal / keputusan WAIT. Tidak ada eksekusi.
[2026-07-02 13:56:36] Siklus Menit Baru. Harga BTC Terakhir (OKX): $60273.20
[ANALIS] State: BEARISH | EMA13/34: $60345.4/$60420.7 | VWAP Sesi: $60613.81 | Vol Surge: 0.3x | BB50: [$60270.73 - $60655.56] | Tren 15m: BEARISH
[DEBUG] EMA streak: 0 | EMA13: 60345.41 | EMA34: 60420.69 | Selisih: -75.28
[2026-07-02 13:56:36] Keputusan analis: Wait
[2026-07-02 13:56:36] Validasi gagal / keputusan WAIT. Tidak ada eksekusi.
[2026-07-02 13:57:36] Siklus Menit Baru. Harga BTC Terakhir (OKX): $60305.00
[ANALIS] State: BEARISH | EMA13/34: $60338.9/$60412.8 | VWAP Sesi: $60612.38 | Vol Surge: 0.4x | BB50: [$60261.82 - $60657.59] | Tren 15m: BEARISH
[DEBUG] EMA streak: 0 | EMA13: 60338.88 | EMA34: 60412.82 | Selisih: -73.94
[2026-07-02 13:57:36] Keputusan analis: Wait
[2026-07-02 13:57:36] Validasi gagal / keputusan WAIT. Tidak ada eksekusi.
[2026-07-02 13:58:36] Siklus Menit Baru. Harga BTC Terakhir (OKX): $60309.10
[ANALIS] State: BEARISH | EMA13/34: $60335.1/$60406.1 | VWAP Sesi: $60610.92 | Vol Surge: 0.5x | BB50: [$60254.77 - $60659.00] | Tren 15m: BEARISH
[DEBUG] EMA streak: 0 | EMA13: 60335.06 | EMA34: 60406.10 | Selisih: -71.04
[2026-07-02 13:58:36] Keputusan analis: Wait
[2026-07-02 13:58:36] Validasi gagal / keputusan WAIT. Tidak ada eksekusi.
[2026-07-02 13:59:36] Siklus Menit Baru. Harga BTC Terakhir (OKX): $60281.60
[ANALIS] State: BEARISH | EMA13/34: $60325.8/$60399.0 | VWAP Sesi: $60609.38 | Vol Surge: 0.5x | BB50: [$60244.85 - $60662.26] | Tren 15m: BEARISH
[DEBUG] EMA streak: 0 | EMA13: 60325.77 | EMA34: 60398.97 | Selisih: -73.19
[2026-07-02 13:59:36] Keputusan analis: Wait
[2026-07-02 13:59:36] Validasi gagal / keputusan WAIT. Tidak ada eksekusi.
[2026-07-02 14:00:37] Siklus Menit Baru. Harga BTC Terakhir (OKX): $60263.10
[ANALIS] State: BEARISH | EMA13/34: $60314.3/$60390.0 | VWAP Sesi: $60607.57 | Vol Surge: 0.6x | BB50: [$60232.72 - $60666.19] | Tren 15m: BEARISH
[DEBUG] EMA streak: 0 | EMA13: 60314.30 | EMA34: 60390.03 | Selisih: -75.73
[2026-07-02 14:00:37] Keputusan analis: Wait
[2026-07-02 14:00:37] Validasi gagal / keputusan WAIT. Tidak ada eksekusi.
[2026-07-02 14:01:37] Siklus Menit Baru. Harga BTC Terakhir (OKX): $60259.30
[ANALIS] State: BEARISH | EMA13/34: $60306.4/$60381.8 | VWAP Sesi: $60605.64 | Vol Surge: 0.4x | BB50: [$60222.50 - $60668.91] | Tren 15m: BEARISH
[DEBUG] EMA streak: 0 | EMA13: 60306.39 | EMA34: 60381.81 | Selisih: -75.42
[2026-07-02 14:01:37] Keputusan analis: Wait
[2026-07-02 14:01:37] Validasi gagal / keputusan WAIT. Tidak ada eksekusi.
[2026-07-02 14:02:37] Siklus Menit Baru. Harga BTC Terakhir (OKX): $60261.90
[ANALIS] State: BEARISH | EMA13/34: $60300.3/$60374.7 | VWAP Sesi: $60604.08 | Vol Surge: 0.3x | BB50: [$60213.45 - $60671.23] | Tren 15m: BEARISH
[DEBUG] EMA streak: 0 | EMA13: 60300.33 | EMA34: 60374.71 | Selisih: -74.37
[2026-07-02 14:02:37] Keputusan analis: Wait
[2026-07-02 14:02:37] Validasi gagal / keputusan WAIT. Tidak ada eksekusi.
[2026-07-02 14:03:37] Siklus Menit Baru. Harga BTC Terakhir (OKX): $60246.60
[ANALIS] State: BEARISH | EMA13/34: $60293.0/$60366.8 | VWAP Sesi: $60601.50 | Vol Surge: 0.4x | BB50: [$60203.64 - $60673.99] | Tren 15m: BEARISH
[DEBUG] EMA streak: 0 | EMA13: 60292.98 | EMA34: 60366.80 | Selisih: -73.82
[2026-07-02 14:03:37] Keputusan analis: Wait
[2026-07-02 14:03:37] Validasi gagal / keputusan WAIT. Tidak ada eksekusi.
[2026-07-02 14:04:37] Siklus Menit Baru. Harga BTC Terakhir (OKX): $60235.50
[ANALIS] State: BEARISH | EMA13/34: $60284.7/$60360.5 | VWAP Sesi: $60600.03 | Vol Surge: 0.3x | BB50: [$60193.38 - $60677.19] | Tren 15m: BEARISH
[DEBUG] EMA streak: 0 | EMA13: 60284.72 | EMA34: 60360.45 | Selisih: -75.73
[2026-07-02 14:04:37] Keputusan analis: Wait
[2026-07-02 14:04:37] Validasi gagal / keputusan WAIT. Tidak ada eksekusi.
[2026-07-02 14:05:37] Siklus Menit Baru. Harga BTC Terakhir (OKX): $60214.90
[ANALIS] State: BEARISH | EMA13/34: $60274.6/$60352.9 | VWAP Sesi: $60597.93 | Vol Surge: 0.5x | BB50: [$60181.17 - $60680.61] | Tren 15m: BEARISH
[DEBUG] EMA streak: 0 | EMA13: 60274.63 | EMA34: 60352.93 | Selisih: -78.30
[2026-07-02 14:05:37] Keputusan analis: Wait
[2026-07-02 14:05:37] Validasi gagal / keputusan WAIT. Tidak ada eksekusi.
[2026-07-02 14:06:38] Siklus Menit Baru. Harga BTC Terakhir (OKX): $60201.00
[ANALIS] State: BEARISH | EMA13/34: $60265.8/$60345.5 | VWAP Sesi: $60596.09 | Vol Surge: 0.3x | BB50: [$60169.25 - $60683.11] | Tren 15m: BEARISH
[DEBUG] EMA streak: 0 | EMA13: 60265.78 | EMA34: 60345.51 | Selisih: -79.73
[2026-07-02 14:06:38] Keputusan analis: Wait
[2026-07-02 14:06:38] Validasi gagal / keputusan WAIT. Tidak ada eksekusi.
[2026-07-02 14:07:38] Siklus Menit Baru. Harga BTC Terakhir (OKX): $60274.60
[ANALIS] State: BEARISH | EMA13/34: $60273.4/$60342.8 | VWAP Sesi: $60593.83 | Vol Surge: 0.5x | BB50: [$60166.46 - $60680.56] | Tren 15m: BEARISH
[DEBUG] EMA streak: 0 | EMA13: 60273.40 | EMA34: 60342.76 | Selisih: -69.37
[2026-07-02 14:07:38] Keputusan analis: Wait
[2026-07-02 14:07:38] Validasi gagal / keputusan WAIT. Tidak ada eksekusi.
[2026-07-02 14:08:38] Siklus Menit Baru. Harga BTC Terakhir (OKX): $60261.20
[ANALIS] State: BEARISH | EMA13/34: $60272.1/$60338.4 | VWAP Sesi: $60592.73 | Vol Surge: 0.3x | BB50: [$60159.23 - $60681.05] | Tren 15m: BEARISH
[DEBUG] EMA streak: 0 | EMA13: 60272.08 | EMA34: 60338.44 | Selisih: -66.36
[2026-07-02 14:08:38] Keputusan analis: Wait
[2026-07-02 14:08:38] Validasi gagal / keputusan WAIT. Tidak ada eksekusi.
[2026-07-02 14:09:38] Siklus Menit Baru. Harga BTC Terakhir (OKX): $60260.90
[ANALIS] State: BEARISH | EMA13/34: $60269.5/$60337.0 | VWAP Sesi: $60590.60 | Vol Surge: 0.7x | BB50: [$60151.47 - $60681.50] | Tren 15m: BEARISH
[DEBUG] EMA streak: 0 | EMA13: 60269.51 | EMA34: 60336.97 | Selisih: -67.47
[2026-07-02 14:09:38] Keputusan analis: Wait
[2026-07-02 14:09:38] Validasi gagal / keputusan WAIT. Tidak ada eksekusi.
[2026-07-02 14:10:38] Siklus Menit Baru. Harga BTC Terakhir (OKX): $60273.20
[ANALIS] State: BEARISH | EMA13/34: $60271.4/$60336.6 | VWAP Sesi: $60588.36 | Vol Surge: 0.7x | BB50: [$60145.76 - $60678.58] | Tren 15m: BEARISH
[DEBUG] EMA streak: 0 | EMA13: 60271.41 | EMA34: 60336.58 | Selisih: -65.16
[2026-07-02 14:10:38] Keputusan analis: Wait
[2026-07-02 14:10:38] Validasi gagal / keputusan WAIT. Tidak ada eksekusi.
[2026-07-02 14:11:38] Siklus Menit Baru. Harga BTC Terakhir (OKX): $60273.90
[ANALIS] State: BEARISH | EMA13/34: $60271.8/$60332.1 | VWAP Sesi: $60584.92 | Vol Surge: 1.1x | BB50: [$60140.48 - $60672.83] | Tren 15m: BULLISH
[DEBUG] EMA streak: 0 | EMA13: 60271.81 | EMA34: 60332.15 | Selisih: -60.33
[2026-07-02 14:11:38] Keputusan analis: Wait
[2026-07-02 14:11:38] Validasi gagal / keputusan WAIT. Tidak ada eksekusi.
[2026-07-02 14:12:39] Siklus Menit Baru. Harga BTC Terakhir (OKX): $60240.30
[ANALIS] State: BEARISH | EMA13/34: $60266.7/$60325.5 | VWAP Sesi: $60582.94 | Vol Surge: 0.2x | BB50: [$60132.86 - $60668.52] | Tren 15m: BEARISH
[DEBUG] EMA streak: 0 | EMA13: 60266.71 | EMA34: 60325.47 | Selisih: -58.76
[2026-07-02 14:12:39] Keputusan analis: Wait
[2026-07-02 14:12:39] Validasi gagal / keputusan WAIT. Tidak ada eksekusi.
[2026-07-02 14:13:39] Siklus Menit Baru. Harga BTC Terakhir (OKX): $60220.60
[ANALIS] State: BEARISH | EMA13/34: $60259.6/$60316.5 | VWAP Sesi: $60581.08 | Vol Surge: 0.5x | BB50: [$60124.05 - $60665.54] | Tren 15m: BEARISH
[DEBUG] EMA streak: 0 | EMA13: 60259.65 | EMA34: 60316.46 | Selisih: -56.82
[2026-07-02 14:13:39] Keputusan analis: Wait
[2026-07-02 14:13:39] Validasi gagal / keputusan WAIT. Tidak ada eksekusi.
[2026-07-02 14:14:39] Siklus Menit Baru. Harga BTC Terakhir (OKX): $60220.20
[ANALIS] State: BEARISH | EMA13/34: $60253.3/$60312.8 | VWAP Sesi: $60576.26 | Vol Surge: 1.3x | BB50: [$60115.14 - $60664.69] | Tren 15m: BEARISH
[DEBUG] EMA streak: 0 | EMA13: 60253.27 | EMA34: 60312.84 | Selisih: -59.57
[2026-07-02 14:14:39] Keputusan analis: Wait
[2026-07-02 14:14:39] Validasi gagal / keputusan WAIT. Tidak ada eksekusi.
[2026-07-02 14:15:39] Siklus Menit Baru. Harga BTC Terakhir (OKX): $60230.70
[ANALIS] State: BEARISH | EMA13/34: $60250.5/$60309.0 | VWAP Sesi: $60572.80 | Vol Surge: 0.8x | BB50: [$60108.30 - $60660.90] | Tren 15m: BEARISH
[DEBUG] EMA streak: 0 | EMA13: 60250.52 | EMA34: 60309.02 | Selisih: -58.50
[2026-07-02 14:15:39] Keputusan analis: Wait
[2026-07-02 14:15:39] Validasi gagal / keputusan WAIT. Tidak ada eksekusi.
[2026-07-02 14:16:39] Siklus Menit Baru. Harga BTC Terakhir (OKX): $60241.90
[ANALIS] State: BEARISH | EMA13/34: $60246.1/$60303.0 | VWAP Sesi: $60564.94 | Vol Surge: 2.2x | BB50: [$60100.80 - $60656.53] | Tren 15m: BEARISH
[DEBUG] EMA streak: 0 | EMA13: 60246.10 | EMA34: 60302.96 | Selisih: -56.86
[2026-07-02 14:16:39] Keputusan analis: Wait
[2026-07-02 14:16:39] Validasi gagal / keputusan WAIT. Tidak ada eksekusi.
[2026-07-02 14:17:39] Siklus Menit Baru. Harga BTC Terakhir (OKX): $60193.70
[ANALIS] State: BEARISH | EMA13/34: $60236.9/$60295.4 | VWAP Sesi: $60561.72 | Vol Surge: 0.8x | BB50: [$60091.25 - $60653.34] | Tren 15m: BEARISH
[DEBUG] EMA streak: 0 | EMA13: 60236.86 | EMA34: 60295.43 | Selisih: -58.57
[2026-07-02 14:17:39] Keputusan analis: Wait
[2026-07-02 14:17:39] Validasi gagal / keputusan WAIT. Tidak ada eksekusi.
[2026-07-02 14:18:39] Siklus Menit Baru. Harga BTC Terakhir (OKX): $60199.10
[ANALIS] State: BEARISH | EMA13/34: $60231.2/$60289.1 | VWAP Sesi: $60558.47 | Vol Surge: 0.9x | BB50: [$60083.22 - $60649.74] | Tren 15m: BEARISH
[DEBUG] EMA streak: 0 | EMA13: 60231.23 | EMA34: 60289.05 | Selisih: -57.82
[2026-07-02 14:18:39] Keputusan analis: Wait
[2026-07-02 14:18:39] Validasi gagal / keputusan WAIT. Tidak ada eksekusi.
[2026-07-02 14:19:40] Siklus Menit Baru. Harga BTC Terakhir (OKX): $60184.60
[ANALIS] State: BEARISH | EMA13/34: $60224.6/$60285.2 | VWAP Sesi: $60556.82 | Vol Surge: 0.3x | BB50: [$60074.63 - $60646.78] | Tren 15m: BEARISH
[DEBUG] EMA streak: 0 | EMA13: 60224.59 | EMA34: 60285.21 | Selisih: -60.63
[2026-07-02 14:19:40] Keputusan analis: Wait
[2026-07-02 14:19:40] Validasi gagal / keputusan WAIT. Tidak ada eksekusi.
[2026-07-02 14:20:40] Siklus Menit Baru. Harga BTC Terakhir (OKX): $60184.60
[ANALIS] State: BEARISH | EMA13/34: $60219.4/$60281.8 | VWAP Sesi: $60554.58 | Vol Surge: 0.5x | BB50: [$60067.57 - $60640.85] | Tren 15m: BEARISH
[DEBUG] EMA streak: 0 | EMA13: 60219.45 | EMA34: 60281.84 | Selisih: -62.39
[2026-07-02 14:20:40] Keputusan analis: Wait
[2026-07-02 14:20:40] Validasi gagal / keputusan WAIT. Tidak ada eksekusi.
[2026-07-02 14:21:40] Siklus Menit Baru. Harga BTC Terakhir (OKX): $60177.00
[ANALIS] State: BEARISH | EMA13/34: $60213.2/$60277.3 | VWAP Sesi: $60553.05 | Vol Surge: 0.3x | BB50: [$60061.52 - $60631.75] | Tren 15m: BEARISH
[DEBUG] EMA streak: 0 | EMA13: 60213.20 | EMA34: 60277.35 | Selisih: -64.14
[2026-07-02 14:21:40] Keputusan analis: Wait
[2026-07-02 14:21:40] Validasi gagal / keputusan WAIT. Tidak ada eksekusi.
[2026-07-02 14:22:40] Siklus Menit Baru. Harga BTC Terakhir (OKX): $60182.50
[ANALIS] State: BEARISH | EMA13/34: $60206.8/$60273.4 | VWAP Sesi: $60549.97 | Vol Surge: 0.8x | BB50: [$60057.00 - $60619.55] | Tren 15m: BEARISH
[DEBUG] EMA streak: 0 | EMA13: 60206.84 | EMA34: 60273.38 | Selisih: -66.54
[2026-07-02 14:22:40] Keputusan analis: Wait
[2026-07-02 14:22:40] Validasi gagal / keputusan WAIT. Tidak ada eksekusi.
[2026-07-02 14:23:40] Siklus Menit Baru. Harga BTC Terakhir (OKX): $60178.40
[ANALIS] State: BEARISH | EMA13/34: $60203.7/$60267.8 | VWAP Sesi: $60547.11 | Vol Surge: 0.7x | BB50: [$60057.55 - $60601.31] | Tren 15m: BEARISH
[DEBUG] EMA streak: 0 | EMA13: 60203.72 | EMA34: 60267.84 | Selisih: -64.13
[2026-07-02 14:23:40] Keputusan analis: Wait
[2026-07-02 14:23:40] Validasi gagal / keputusan WAIT. Tidak ada eksekusi.
[2026-07-02 14:24:41] Siklus Menit Baru. Harga BTC Terakhir (OKX): $60224.10
[ANALIS] State: BEARISH | EMA13/34: $60207.2/$60265.2 | VWAP Sesi: $60543.77 | Vol Surge: 1.1x | BB50: [$60061.30 - $60581.96] | Tren 15m: BEARISH
[DEBUG] EMA streak: 0 | EMA13: 60207.19 | EMA34: 60265.18 | Selisih: -57.98
[2026-07-02 14:24:41] Keputusan analis: Wait
[2026-07-02 14:24:41] Validasi gagal / keputusan WAIT. Tidak ada eksekusi.
[2026-07-02 14:25:41] Siklus Menit Baru. Harga BTC Terakhir (OKX): $60198.30
[ANALIS] State: BEARISH | EMA13/34: $60204.7/$60258.7 | VWAP Sesi: $60539.14 | Vol Surge: 1.2x | BB50: [$60063.84 - $60562.55] | Tren 15m: BEARISH
[DEBUG] EMA streak: 0 | EMA13: 60204.74 | EMA34: 60258.65 | Selisih: -53.91
[2026-07-02 14:25:41] Keputusan analis: Wait
[2026-07-02 14:25:41] Validasi gagal / keputusan WAIT. Tidak ada eksekusi.
[2026-07-02 14:26:41] Siklus Menit Baru. Harga BTC Terakhir (OKX): $60179.80
[ANALIS] State: BEARISH | EMA13/34: $60201.0/$60252.1 | VWAP Sesi: $60534.62 | Vol Surge: 1.2x | BB50: [$60064.25 - $60546.51] | Tren 15m: BEARISH
[DEBUG] EMA streak: 0 | EMA13: 60200.99 | EMA34: 60252.07 | Selisih: -51.08
[2026-07-02 14:26:41] Keputusan analis: Wait
[2026-07-02 14:26:41] Validasi gagal / keputusan WAIT. Tidak ada eksekusi.
[2026-07-02 14:27:41] Siklus Menit Baru. Harga BTC Terakhir (OKX): $60158.80
[ANALIS] State: BEARISH | EMA13/34: $60194.1/$60249.3 | VWAP Sesi: $60530.99 | Vol Surge: 1.1x | BB50: [$60061.78 - $60533.81] | Tren 15m: BEARISH
[DEBUG] EMA streak: 0 | EMA13: 60194.12 | EMA34: 60249.34 | Selisih: -55.23
[2026-07-02 14:27:41] Keputusan analis: Wait
[2026-07-02 14:27:41] Validasi gagal / keputusan WAIT. Tidak ada eksekusi.
[2026-07-02 14:28:41] Siklus Menit Baru. Harga BTC Terakhir (OKX): $60190.50
[ANALIS] State: BEARISH | EMA13/34: $60194.0/$60245.0 | VWAP Sesi: $60524.45 | Vol Surge: 2.1x | BB50: [$60067.13 - $60512.68] | Tren 15m: BEARISH
[DEBUG] EMA streak: 0 | EMA13: 60194.03 | EMA34: 60244.98 | Selisih: -50.95
[2026-07-02 14:28:41] Keputusan analis: Wait
[2026-07-02 14:28:41] Validasi gagal / keputusan WAIT. Tidak ada eksekusi.
[2026-07-02 14:29:41] Siklus Menit Baru. Harga BTC Terakhir (OKX): $60163.60
[ANALIS] State: BEARISH | EMA13/34: $60188.9/$60239.8 | VWAP Sesi: $60522.73 | Vol Surge: 0.4x | BB50: [$60070.43 - $60493.04] | Tren 15m: BEARISH
[DEBUG] EMA streak: 0 | EMA13: 60188.92 | EMA34: 60239.80 | Selisih: -50.88
[2026-07-02 14:29:41] Keputusan analis: Wait
[2026-07-02 14:29:41] Validasi gagal / keputusan WAIT. Tidak ada eksekusi.
[2026-07-02 14:30:42] Siklus Menit Baru. Harga BTC Terakhir (OKX): $60135.10
[ANALIS] State: BEARISH | EMA13/34: $60179.8/$60232.9 | VWAP Sesi: $60520.08 | Vol Surge: 0.6x | BB50: [$60072.98 - $60472.96] | Tren 15m: BEARISH
[DEBUG] EMA streak: 0 | EMA13: 60179.85 | EMA34: 60232.94 | Selisih: -53.09
[2026-07-02 14:30:42] Keputusan analis: Wait
[2026-07-02 14:30:42] Validasi gagal / keputusan WAIT. Tidak ada eksekusi.
[2026-07-02 14:31:42] Siklus Menit Baru. Harga BTC Terakhir (OKX): $60168.00
[ANALIS] State: BEARISH | EMA13/34: $60177.2/$60227.5 | VWAP Sesi: $60516.39 | Vol Surge: 0.6x | BB50: [$60079.69 - $60450.38] | Tren 15m: BEARISH
[DEBUG] EMA streak: 0 | EMA13: 60177.18 | EMA34: 60227.52 | Selisih: -50.35
[2026-07-02 14:31:42] Keputusan analis: Wait
[2026-07-02 14:31:42] Validasi gagal / keputusan WAIT. Tidak ada eksekusi.
[2026-07-02 14:32:42] Siklus Menit Baru. Harga BTC Terakhir (OKX): $60163.50
[ANALIS] State: BEARISH | EMA13/34: $60174.9/$60223.7 | VWAP Sesi: $60515.14 | Vol Surge: 0.4x | BB50: [$60086.54 - $60428.67] | Tren 15m: BEARISH
[DEBUG] EMA streak: 0 | EMA13: 60174.89 | EMA34: 60223.73 | Selisih: -48.85
[2026-07-02 14:32:42] Keputusan analis: Wait
[2026-07-02 14:32:42] Validasi gagal / keputusan WAIT. Tidak ada eksekusi.
[2026-07-02 14:33:42] Siklus Menit Baru. Harga BTC Terakhir (OKX): $60162.40
[ANALIS] State: BEARISH | EMA13/34: $60173.9/$60220.2 | VWAP Sesi: $60511.62 | Vol Surge: 1.0x | BB50: [$60096.62 - $60404.03] | Tren 15m: BEARISH
[DEBUG] EMA streak: 0 | EMA13: 60173.89 | EMA34: 60220.18 | Selisih: -46.29
[2026-07-02 14:33:42] Keputusan analis: Wait
[2026-07-02 14:33:42] Validasi gagal / keputusan WAIT. Tidak ada eksekusi.
[2026-07-02 14:34:42] Siklus Menit Baru. Harga BTC Terakhir (OKX): $60186.60
[ANALIS] State: BEARISH | EMA13/34: $60178.6/$60215.8 | VWAP Sesi: $60505.92 | Vol Surge: 1.2x | BB50: [$60111.93 - $60376.15] | Tren 15m: BULLISH
[DEBUG] EMA streak: 0 | EMA13: 60178.64 | EMA34: 60215.84 | Selisih: -37.19
[2026-07-02 14:34:42] Keputusan analis: Wait
[2026-07-02 14:34:42] Validasi gagal / keputusan WAIT. Tidak ada eksekusi.
[2026-07-02 14:35:42] Siklus Menit Baru. Harga BTC Terakhir (OKX): $60163.30
[ANALIS] State: BEARISH | EMA13/34: $60172.8/$60208.9 | VWAP Sesi: $60498.87 | Vol Surge: 2.4x | BB50: [$60116.78 - $60358.47] | Tren 15m: BEARISH
[DEBUG] EMA streak: 0 | EMA13: 60172.85 | EMA34: 60208.93 | Selisih: -36.08
[2026-07-02 14:35:42] Keputusan analis: Wait
[2026-07-02 14:35:42] Validasi gagal / keputusan WAIT. Tidak ada eksekusi.
[2026-07-02 14:36:43] Siklus Menit Baru. Harga BTC Terakhir (OKX): $60148.00
[ANALIS] State: BEARISH | EMA13/34: $60168.1/$60203.0 | VWAP Sesi: $60491.68 | Vol Surge: 2.3x | BB50: [$60118.75 - $60345.61] | Tren 15m: BEARISH
[DEBUG] EMA streak: 0 | EMA13: 60168.06 | EMA34: 60203.00 | Selisih: -34.94
[2026-07-02 14:36:43] Keputusan analis: Wait
[2026-07-02 14:36:43] Validasi gagal / keputusan WAIT. Tidak ada eksekusi.
[2026-07-02 14:37:43] Siklus Menit Baru. Harga BTC Terakhir (OKX): $60108.80
[ANALIS] State: BEARISH | EMA13/34: $60160.0/$60195.8 | VWAP Sesi: $60485.61 | Vol Surge: 1.3x | BB50: [$60115.93 - $60337.94] | Tren 15m: BEARISH
[DEBUG] EMA streak: 0 | EMA13: 60159.95 | EMA34: 60195.82 | Selisih: -35.87
[2026-07-02 14:37:43] Keputusan analis: Wait
[2026-07-02 14:37:43] Validasi gagal / keputusan WAIT. Tidak ada eksekusi.
[2026-07-02 14:38:43] Siklus Menit Baru. Harga BTC Terakhir (OKX): $60139.70
[ANALIS] State: BEARISH | EMA13/34: $60157.4/$60191.6 | VWAP Sesi: $60478.82 | Vol Surge: 2.3x | BB50: [$60114.20 - $60331.89] | Tren 15m: BEARISH
[DEBUG] EMA streak: 0 | EMA13: 60157.40 | EMA34: 60191.57 | Selisih: -34.17
[2026-07-02 14:38:43] Keputusan analis: Wait
[2026-07-02 14:38:43] Validasi gagal / keputusan WAIT. Tidak ada eksekusi.
[2026-07-02 14:39:43] Siklus Menit Baru. Harga BTC Terakhir (OKX): $60129.90
[ANALIS] State: BEARISH | EMA13/34: $60153.0/$60186.6 | VWAP Sesi: $60473.17 | Vol Surge: 1.9x | BB50: [$60110.36 - $60328.22] | Tren 15m: BEARISH
[DEBUG] EMA streak: 0 | EMA13: 60153.05 | EMA34: 60186.57 | Selisih: -33.53
[2026-07-02 14:39:43] Keputusan analis: Wait
[2026-07-02 14:39:43] Validasi gagal / keputusan WAIT. Tidak ada eksekusi.
[2026-07-02 14:40:43] Siklus Menit Baru. Harga BTC Terakhir (OKX): $60138.50
[ANALIS] State: BEARISH | EMA13/34: $60150.5/$60182.6 | VWAP Sesi: $60468.49 | Vol Surge: 1.5x | BB50: [$60106.43 - $60325.90] | Tren 15m: BEARISH
[DEBUG] EMA streak: 0 | EMA13: 60150.47 | EMA34: 60182.57 | Selisih: -32.10
[2026-07-02 14:40:43] Keputusan analis: Wait
[2026-07-02 14:40:43] Validasi gagal / keputusan WAIT. Tidak ada eksekusi.
[2026-07-02 14:41:44] Siklus Menit Baru. Harga BTC Terakhir (OKX): $60105.10
[ANALIS] State: BEARISH | EMA13/34: $60140.6/$60177.1 | VWAP Sesi: $60464.09 | Vol Surge: 1.1x | BB50: [$60097.81 - $60326.80] | Tren 15m: BEARISH
[DEBUG] EMA streak: 0 | EMA13: 60140.61 | EMA34: 60177.11 | Selisih: -36.50
[2026-07-02 14:41:44] Keputusan analis: Wait
[2026-07-02 14:41:44] Validasi gagal / keputusan WAIT. Tidak ada eksekusi.
[2026-07-02 14:42:44] Siklus Menit Baru. Harga BTC Terakhir (OKX): $60139.30
[ANALIS] State: BEARISH | EMA13/34: $60148.1/$60179.8 | VWAP Sesi: $60456.50 | Vol Surge: 1.5x | BB50: [$60099.35 - $60322.15] | Tren 15m: BEARISH
[DEBUG] EMA streak: 0 | EMA13: 60148.06 | EMA34: 60179.84 | Selisih: -31.78
[2026-07-02 14:42:44] Keputusan analis: Wait
[2026-07-02 14:42:44] Validasi gagal / keputusan WAIT. Tidak ada eksekusi.
[2026-07-02 14:43:44] Siklus Menit Baru. Harga BTC Terakhir (OKX): $60156.80
[ANALIS] State: BEARISH | EMA13/34: $60150.5/$60179.3 | VWAP Sesi: $60452.73 | Vol Surge: 1.3x | BB50: [$60099.55 - $60316.27] | Tren 15m: BEARISH
[DEBUG] EMA streak: 0 | EMA13: 60150.50 | EMA34: 60179.33 | Selisih: -28.83
[2026-07-02 14:43:44] Keputusan analis: Wait
[2026-07-02 14:43:44] Validasi gagal / keputusan WAIT. Tidak ada eksekusi.
[2026-07-02 14:44:44] Siklus Menit Baru. Harga BTC Terakhir (OKX): $60125.30
[ANALIS] State: BEARISH | EMA13/34: $60145.8/$60175.0 | VWAP Sesi: $60448.68 | Vol Surge: 1.3x | BB50: [$60097.17 - $60310.76] | Tren 15m: BEARISH
[DEBUG] EMA streak: 0 | EMA13: 60145.83 | EMA34: 60175.01 | Selisih: -29.18
[2026-07-02 14:44:44] Keputusan analis: Wait
[2026-07-02 14:44:44] Validasi gagal / keputusan WAIT. Tidak ada eksekusi.
[2026-07-02 14:45:44] Siklus Menit Baru. Harga BTC Terakhir (OKX): $60130.90
[ANALIS] State: BEARISH | EMA13/34: $60143.8/$60170.9 | VWAP Sesi: $60445.06 | Vol Surge: 1.1x | BB50: [$60095.53 - $60305.71] | Tren 15m: BULLISH
[DEBUG] EMA streak: 0 | EMA13: 60143.85 | EMA34: 60170.87 | Selisih: -27.02
[2026-07-02 14:45:44] Keputusan analis: Wait
[2026-07-02 14:45:44] Validasi gagal / keputusan WAIT. Tidak ada eksekusi.
[2026-07-02 14:46:45] Siklus Menit Baru. Harga BTC Terakhir (OKX): $60110.50
[ANALIS] State: BEARISH | EMA13/34: $60138.6/$60169.4 | VWAP Sesi: $60441.62 | Vol Surge: 1.0x | BB50: [$60090.88 - $60303.92] | Tren 15m: BEARISH
[DEBUG] EMA streak: 0 | EMA13: 60138.57 | EMA34: 60169.37 | Selisih: -30.79
[2026-07-02 14:46:45] Keputusan analis: Wait
[2026-07-02 14:46:45] Validasi gagal / keputusan WAIT. Tidak ada eksekusi.
[2026-07-02 14:47:45] Siklus Menit Baru. Harga BTC Terakhir (OKX): $60113.10
[ANALIS] State: BEARISH | EMA13/34: $60133.1/$60164.7 | VWAP Sesi: $60438.38 | Vol Surge: 0.7x | BB50: [$60087.96 - $60298.43] | Tren 15m: BEARISH
[DEBUG] EMA streak: 0 | EMA13: 60133.14 | EMA34: 60164.68 | Selisih: -31.54
[2026-07-02 14:47:45] Keputusan analis: Wait
[2026-07-02 14:47:45] Validasi gagal / keputusan WAIT. Tidak ada eksekusi.
[2026-07-02 14:48:45] Siklus Menit Baru. Harga BTC Terakhir (OKX): $60135.70
[ANALIS] State: SIDEWAYS | EMA13/34: $60134.8/$60162.0 | VWAP Sesi: $60437.39 | Vol Surge: 0.3x | BB50: [$60088.56 - $60291.88] | Tren 15m: BEARISH
[ANALIS-SIDEWAYS] WAIT - Lebar BB sempit (0.338%).
[2026-07-02 14:48:45] Keputusan analis: Wait
[2026-07-02 14:48:45] Validasi gagal / keputusan WAIT. Tidak ada eksekusi.
[2026-07-02 14:49:45] Siklus Menit Baru. Harga BTC Terakhir (OKX): $60187.30
[ANALIS] State: SIDEWAYS | EMA13/34: $60141.4/$60162.8 | VWAP Sesi: $60434.19 | Vol Surge: 1.4x | BB50: [$60089.27 - $60287.83] | Tren 15m: BULLISH
[ANALIS-SIDEWAYS] WAIT - Lebar BB sempit (0.330%).
[2026-07-02 14:49:45] Keputusan analis: Wait
[2026-07-02 14:49:45] Validasi gagal / keputusan WAIT. Tidak ada eksekusi.
[2026-07-02 14:50:45] Siklus Menit Baru. Harga BTC Terakhir (OKX): $60199.70
[ANALIS] State: SIDEWAYS | EMA13/34: $60150.1/$60165.2 | VWAP Sesi: $60427.05 | Vol Surge: 3.3x | BB50: [$60090.10 - $60284.70] | Tren 15m: BULLISH
[ANALIS-SIDEWAYS] WAIT - Lebar BB sempit (0.323%).
[2026-07-02 14:50:45] Keputusan analis: Wait
[2026-07-02 14:50:45] Validasi gagal / keputusan WAIT. Tidak ada eksekusi.
[2026-07-02 14:51:45] Siklus Menit Baru. Harga BTC Terakhir (OKX): $60169.50
[ANALIS] State: SIDEWAYS | EMA13/34: $60149.6/$60164.1 | VWAP Sesi: $60423.47 | Vol Surge: 1.0x | BB50: [$60090.06 - $60280.00] | Tren 15m: BULLISH
[ANALIS-SIDEWAYS] WAIT - Lebar BB sempit (0.316%).
[2026-07-02 14:51:45] Keputusan analis: Wait
[2026-07-02 14:51:45] Validasi gagal / keputusan WAIT. Tidak ada eksekusi.
[2026-07-02 14:52:46] Siklus Menit Baru. Harga BTC Terakhir (OKX): $60183.20
[ANALIS] State: SIDEWAYS | EMA13/34: $60154.1/$60164.1 | VWAP Sesi: $60420.34 | Vol Surge: 1.2x | BB50: [$60091.09 - $60275.60] | Tren 15m: BULLISH
[ANALIS-SIDEWAYS] WAIT - Lebar BB sempit (0.307%).
[2026-07-02 14:52:46] Keputusan analis: Wait
[2026-07-02 14:52:46] Validasi gagal / keputusan WAIT. Tidak ada eksekusi.
[2026-07-02 14:53:46] Siklus Menit Baru. Harga BTC Terakhir (OKX): $60145.30
[ANALIS] State: SIDEWAYS | EMA13/34: $60152.0/$60162.0 | VWAP Sesi: $60416.99 | Vol Surge: 1.2x | BB50: [$60090.11 - $60272.27] | Tren 15m: BULLISH
[ANALIS-SIDEWAYS] WAIT - Lebar BB sempit (0.303%).
[2026-07-02 14:53:46] Keputusan analis: Wait
[2026-07-02 14:53:46] Validasi gagal / keputusan WAIT. Tidak ada eksekusi.
[2026-07-02 14:54:46] Siklus Menit Baru. Harga BTC Terakhir (OKX): $60129.80
[ANALIS] State: SIDEWAYS | EMA13/34: $60148.6/$60159.8 | VWAP Sesi: $60412.95 | Vol Surge: 1.0x | BB50: [$60088.12 - $60270.01] | Tren 15m: BULLISH
[ANALIS-SIDEWAYS] WAIT - Lebar BB sempit (0.302%).
[2026-07-02 14:54:46] Keputusan analis: Wait
[2026-07-02 14:54:46] Validasi gagal / keputusan WAIT. Tidak ada eksekusi.
[2026-07-02 14:55:46] Siklus Menit Baru. Harga BTC Terakhir (OKX): $60107.50
[ANALIS] State: SIDEWAYS | EMA13/34: $60142.6/$60158.1 | VWAP Sesi: $60411.25 | Vol Surge: 0.4x | BB50: [$60084.60 - $60268.65] | Tren 15m: BEARISH
[ANALIS-SIDEWAYS] WAIT - Lebar BB sempit (0.306%).
[2026-07-02 14:55:46] Keputusan analis: Wait
[2026-07-02 14:55:46] Validasi gagal / keputusan WAIT. Tidak ada eksekusi.
[2026-07-02 14:56:47] Siklus Menit Baru. Harga BTC Terakhir (OKX): $60147.80
[ANALIS] State: SIDEWAYS | EMA13/34: $60145.5/$60159.2 | VWAP Sesi: $60408.32 | Vol Surge: 0.8x | BB50: [$60086.07 - $60263.68] | Tren 15m: BEARISH
[ANALIS-SIDEWAYS] WAIT - Lebar BB sempit (0.295%).
[2026-07-02 14:56:47] Keputusan analis: Wait
[2026-07-02 14:56:47] Validasi gagal / keputusan WAIT. Tidak ada eksekusi.
[2026-07-02 14:57:47] Siklus Menit Baru. Harga BTC Terakhir (OKX): $60111.30
[ANALIS] State: SIDEWAYS | EMA13/34: $60140.5/$60156.1 | VWAP Sesi: $60405.68 | Vol Surge: 0.9x | BB50: [$60085.25 - $60258.18] | Tren 15m: BEARISH
[ANALIS-SIDEWAYS] WAIT - Lebar BB sempit (0.288%).
[2026-07-02 14:57:47] Keputusan analis: Wait
[2026-07-02 14:57:47] Validasi gagal / keputusan WAIT. Tidak ada eksekusi.
[2026-07-02 14:58:47] Siklus Menit Baru. Harga BTC Terakhir (OKX): $60118.30
[ANALIS] State: SIDEWAYS | EMA13/34: $60136.3/$60154.0 | VWAP Sesi: $60402.56 | Vol Surge: 0.9x | BB50: [$60084.34 - $60253.04] | Tren 15m: BEARISH
[ANALIS-SIDEWAYS] WAIT - Lebar BB sempit (0.281%).
[2026-07-02 14:58:47] Keputusan analis: Wait
[2026-07-02 14:58:47] Validasi gagal / keputusan WAIT. Tidak ada eksekusi.
[2026-07-02 14:59:47] Siklus Menit Baru. Harga BTC Terakhir (OKX): $60124.60
[ANALIS] State: SIDEWAYS | EMA13/34: $60136.0/$60153.0 | VWAP Sesi: $60399.88 | Vol Surge: 0.8x | BB50: [$60086.53 - $60245.38] | Tren 15m: BEARISH
[ANALIS-SIDEWAYS] WAIT - Lebar BB sempit (0.264%).
[2026-07-02 14:59:47] Keputusan analis: Wait
[2026-07-02 14:59:47] Validasi gagal / keputusan WAIT. Tidak ada eksekusi.
[2026-07-02 15:00:47] Siklus Menit Baru. Harga BTC Terakhir (OKX): $60129.10
[ANALIS] State: SIDEWAYS | EMA13/34: $60135.5/$60151.6 | VWAP Sesi: $60397.66 | Vol Surge: 0.8x | BB50: [$60089.42 - $60236.87] | Tren 15m: BULLISH
[ANALIS-SIDEWAYS] WAIT - Lebar BB sempit (0.245%).
[2026-07-02 15:00:47] Keputusan analis: Wait
[2026-07-02 15:00:47] Validasi gagal / keputusan WAIT. Tidak ada eksekusi.
[2026-07-02 15:01:47] Siklus Menit Baru. Harga BTC Terakhir (OKX): $60164.60
[ANALIS] State: SIDEWAYS | EMA13/34: $60139.1/$60150.4 | VWAP Sesi: $60395.88 | Vol Surge: 0.6x | BB50: [$60093.60 - $60228.36] | Tren 15m: BULLISH
[ANALIS-SIDEWAYS] WAIT - Lebar BB sempit (0.224%).
[2026-07-02 15:01:47] Keputusan analis: Wait
[2026-07-02 15:01:47] Validasi gagal / keputusan WAIT. Tidak ada eksekusi.
[2026-07-02 15:02:48] Siklus Menit Baru. Harga BTC Terakhir (OKX): $60164.00
[ANALIS] State: SIDEWAYS | EMA13/34: $60143.0/$60150.2 | VWAP Sesi: $60394.95 | Vol Surge: 0.3x | BB50: [$60095.70 - $60223.42] | Tren 15m: BULLISH
[ANALIS-SIDEWAYS] WAIT - Lebar BB sempit (0.212%).
[2026-07-02 15:02:48] Keputusan analis: Wait
[2026-07-02 15:02:48] Validasi gagal / keputusan WAIT. Tidak ada eksekusi.
[2026-07-02 15:03:48] Siklus Menit Baru. Harga BTC Terakhir (OKX): $60186.10
[ANALIS] State: SIDEWAYS | EMA13/34: $60151.5/$60153.8 | VWAP Sesi: $60392.68 | Vol Surge: 0.9x | BB50: [$60096.53 - $60222.24] | Tren 15m: BULLISH
[ANALIS-SIDEWAYS] WAIT - Lebar BB sempit (0.209%).
[2026-07-02 15:03:48] Keputusan analis: Wait
[2026-07-02 15:03:48] Validasi gagal / keputusan WAIT. Tidak ada eksekusi.
[2026-07-02 15:04:48] Siklus Menit Baru. Harga BTC Terakhir (OKX): $60172.20
[ANALIS] State: SIDEWAYS | EMA13/34: $60155.3/$60154.1 | VWAP Sesi: $60391.00 | Vol Surge: 0.8x | BB50: [$60097.99 - $60218.97] | Tren 15m: BEARISH
[ANALIS-SIDEWAYS] WAIT - Lebar BB sempit (0.201%).
[2026-07-02 15:04:48] Keputusan analis: Wait
[2026-07-02 15:04:48] Validasi gagal / keputusan WAIT. Tidak ada eksekusi.
[2026-07-02 15:05:48] Siklus Menit Baru. Harga BTC Terakhir (OKX): $60226.70
[ANALIS] State: SIDEWAYS | EMA13/34: $60165.9/$60159.4 | VWAP Sesi: $60389.20 | Vol Surge: 0.9x | BB50: [$60097.11 - $60220.90] | Tren 15m: BULLISH
[ANALIS-SIDEWAYS] WAIT - Lebar BB sempit (0.206%).
[2026-07-02 15:05:48] Keputusan analis: Wait
[2026-07-02 15:05:48] Validasi gagal / keputusan WAIT. Tidak ada eksekusi.
[2026-07-02 15:06:48] Siklus Menit Baru. Harga BTC Terakhir (OKX): $60267.80
[ANALIS] State: SIDEWAYS | EMA13/34: $60183.6/$60165.7 | VWAP Sesi: $60389.21 | Vol Surge: 0.2x | BB50: [$60091.42 - $60229.45] | Tren 15m: BULLISH
[ANALIS-SIDEWAYS] WAIT - Lebar BB sempit (0.229%).
[2026-07-02 15:06:48] Keputusan analis: Wait
[2026-07-02 15:06:48] Validasi gagal / keputusan WAIT. Tidak ada eksekusi.
[2026-07-02 15:07:48] Siklus Menit Baru. Harga BTC Terakhir (OKX): $60300.20
[ANALIS] State: SIDEWAYS | EMA13/34: $60200.0/$60173.4 | VWAP Sesi: $60388.98 | Vol Surge: 0.2x | BB50: [$60083.96 - $60240.96] | Tren 15m: BULLISH
[ANALIS-SIDEWAYS] WAIT - Lebar BB sempit (0.260%).
[2026-07-02 15:07:48] Keputusan analis: Wait
[2026-07-02 15:07:48] Validasi gagal / keputusan WAIT. Tidak ada eksekusi.
[2026-07-02 15:08:49] Siklus Menit Baru. Harga BTC Terakhir (OKX): $60348.00
[ANALIS] State: SIDEWAYS | EMA13/34: $60224.3/$60184.1 | VWAP Sesi: $60388.95 | Vol Surge: 0.2x | BB50: [$60069.08 - $60262.84] | Tren 15m: BULLISH
[ANALIS-SIDEWAYS] WAIT - Lebar BB sempit (0.321%).
[2026-07-02 15:08:49] Keputusan analis: Wait
[2026-07-02 15:08:49] Validasi gagal / keputusan WAIT. Tidak ada eksekusi.
[2026-07-02 15:09:49] Siklus Menit Baru. Harga BTC Terakhir (OKX): $60330.10
[ANALIS] State: BULLISH | EMA13/34: $60238.3/$60191.8 | VWAP Sesi: $60388.86 | Vol Surge: 0.1x | BB50: [$60062.75 - $60274.53] | Tren 15m: BULLISH
[DEBUG] EMA streak: 0 | EMA13: 60238.27 | EMA34: 60191.84 | Selisih: 46.43
[2026-07-02 15:09:49] Keputusan analis: Wait
[2026-07-02 15:09:49] Validasi gagal / keputusan WAIT. Tidak ada eksekusi.
[2026-07-02 15:10:49] Siklus Menit Baru. Harga BTC Terakhir (OKX): $60327.20
[ANALIS] State: BULLISH | EMA13/34: $60250.1/$60198.0 | VWAP Sesi: $60388.77 | Vol Surge: 0.1x | BB50: [$60057.21 - $60285.52] | Tren 15m: BULLISH
[DEBUG] EMA streak: 0 | EMA13: 60250.11 | EMA34: 60197.95 | Selisih: 52.16
[2026-07-02 15:10:49] Keputusan analis: Wait
[2026-07-02 15:10:49] Validasi gagal / keputusan WAIT. Tidak ada eksekusi.
[2026-07-02 15:11:49] Siklus Menit Baru. Harga BTC Terakhir (OKX): $60292.10
[ANALIS] State: BULLISH | EMA13/34: $60256.4/$60205.0 | VWAP Sesi: $60388.66 | Vol Surge: 0.1x | BB50: [$60054.82 - $60293.25] | Tren 15m: BULLISH
[DEBUG] EMA streak: 0 | EMA13: 60256.39 | EMA34: 60205.00 | Selisih: 51.39
[2026-07-02 15:11:49] Keputusan analis: Wait
[2026-07-02 15:11:49] Validasi gagal / keputusan WAIT. Tidak ada eksekusi.
[2026-07-02 15:12:50] Siklus Menit Baru. Harga BTC Terakhir (OKX): $60287.10
[ANALIS] State: BULLISH | EMA13/34: $60256.9/$60207.6 | VWAP Sesi: $60388.59 | Vol Surge: 0.0x | BB50: [$60054.15 - $60296.53] | Tren 15m: BULLISH
[DEBUG] EMA streak: 0 | EMA13: 60256.88 | EMA34: 60207.61 | Selisih: 49.28
[2026-07-02 15:12:50] Keputusan analis: Wait
[2026-07-02 15:12:50] Validasi gagal / keputusan WAIT. Tidak ada eksekusi.
[2026-07-02 15:13:50] Siklus Menit Baru. Harga BTC Terakhir (OKX): $60279.20
[ANALIS] State: BULLISH | EMA13/34: $60261.3/$60213.9 | VWAP Sesi: $60388.57 | Vol Surge: 0.0x | BB50: [$60052.23 - $60302.64] | Tren 15m: BULLISH
[DEBUG] EMA streak: 0 | EMA13: 60261.32 | EMA34: 60213.86 | Selisih: 47.47
[2026-07-02 15:13:50] Keputusan analis: Wait
[2026-07-02 15:13:50] Validasi gagal / keputusan WAIT. Tidak ada eksekusi.
[2026-07-02 15:14:50] Siklus Menit Baru. Harga BTC Terakhir (OKX): $60308.80
[ANALIS] State: BULLISH | EMA13/34: $60267.9/$60218.3 | VWAP Sesi: $60388.54 | Vol Surge: 0.0x | BB50: [$60049.27 - $60309.31] | Tren 15m: BULLISH
[DEBUG] EMA streak: 0 | EMA13: 60267.92 | EMA34: 60218.27 | Selisih: 49.65
[2026-07-02 15:14:50] Keputusan analis: Wait
[2026-07-02 15:14:50] Validasi gagal / keputusan WAIT. Tidak ada eksekusi.
[2026-07-02 15:15:50] Siklus Menit Baru. Harga BTC Terakhir (OKX): $60346.20
[ANALIS] State: BULLISH | EMA13/34: $60279.3/$60224.4 | VWAP Sesi: $60388.51 | Vol Surge: 0.1x | BB50: [$60044.10 - $60320.50] | Tren 15m: BULLISH
[DEBUG] EMA streak: 0 | EMA13: 60279.25 | EMA34: 60224.37 | Selisih: 54.88
[2026-07-02 15:15:50] Keputusan analis: Wait
[2026-07-02 15:15:50] Validasi gagal / keputusan WAIT. Tidak ada eksekusi.
[2026-07-02 15:16:50] Siklus Menit Baru. Harga BTC Terakhir (OKX): $60348.80
[ANALIS] State: BULLISH | EMA13/34: $60290.6/$60231.2 | VWAP Sesi: $60388.50 | Vol Surge: 0.0x | BB50: [$60039.25 - $60332.84] | Tren 15m: BULLISH
[DEBUG] EMA streak: 0 | EMA13: 60290.61 | EMA34: 60231.17 | Selisih: 59.44
[2026-07-02 15:16:50] Keputusan analis: Wait
[2026-07-02 15:16:50] Validasi gagal / keputusan WAIT. Tidak ada eksekusi.
[2026-07-02 15:17:51] Siklus Menit Baru. Harga BTC Terakhir (OKX): $60365.00
[ANALIS] State: BULLISH | EMA13/34: $60301.4/$60240.7 | VWAP Sesi: $60388.46 | Vol Surge: 0.2x | BB50: [$60035.37 - $60345.15] | Tren 15m: BULLISH
[DEBUG] EMA streak: 0 | EMA13: 60301.37 | EMA34: 60240.72 | Selisih: 60.65
[2026-07-02 15:17:51] Keputusan analis: Wait
[2026-07-02 15:17:51] Validasi gagal / keputusan WAIT. Tidak ada eksekusi.
[2026-07-02 15:18:51] Siklus Menit Baru. Harga BTC Terakhir (OKX): $60359.30
[ANALIS] State: BULLISH | EMA13/34: $60307.2/$60244.4 | VWAP Sesi: $60388.41 | Vol Surge: 0.0x | BB50: [$60032.86 - $60353.63] | Tren 15m: BULLISH
[DEBUG] EMA streak: 0 | EMA13: 60307.23 | EMA34: 60244.43 | Selisih: 62.80
[2026-07-02 15:18:51] Keputusan analis: Wait
[2026-07-02 15:18:51] Validasi gagal / keputusan WAIT. Tidak ada eksekusi.
[2026-07-02 15:19:51] Siklus Menit Baru. Harga BTC Terakhir (OKX): $60370.50
[ANALIS] State: BULLISH | EMA13/34: $60316.2/$60250.3 | VWAP Sesi: $60388.39 | Vol Surge: 0.1x | BB50: [$60030.20 - $60365.01] | Tren 15m: BULLISH
[DEBUG] EMA streak: 0 | EMA13: 60316.24 | EMA34: 60250.31 | Selisih: 65.94
[2026-07-02 15:19:51] Keputusan analis: Wait
[2026-07-02 15:19:51] Validasi gagal / keputusan WAIT. Tidak ada eksekusi.
[2026-07-02 15:20:51] Siklus Menit Baru. Harga BTC Terakhir (OKX): $60360.70
[ANALIS] State: BULLISH | EMA13/34: $60323.7/$60259.3 | VWAP Sesi: $60388.38 | Vol Surge: 0.1x | BB50: [$60029.48 - $60375.44] | Tren 15m: BULLISH
[DEBUG] EMA streak: 0 | EMA13: 60323.74 | EMA34: 60259.28 | Selisih: 64.46
[2026-07-02 15:20:51] Keputusan analis: Wait
[2026-07-02 15:20:51] Validasi gagal / keputusan WAIT. Tidak ada eksekusi.
[2026-07-02 15:21:51] Siklus Menit Baru. Harga BTC Terakhir (OKX): $60342.80
[ANALIS] State: BULLISH | EMA13/34: $60324.3/$60263.1 | VWAP Sesi: $60388.34 | Vol Surge: 0.1x | BB50: [$60029.67 - $60381.53] | Tren 15m: BULLISH
[DEBUG] EMA streak: 0 | EMA13: 60324.33 | EMA34: 60263.07 | Selisih: 61.27
[2026-07-02 15:21:51] Keputusan analis: Wait
[2026-07-02 15:21:51] Validasi gagal / keputusan WAIT. Tidak ada eksekusi.
[2026-07-02 15:22:51] Siklus Menit Baru. Harga BTC Terakhir (OKX): $60358.10
[ANALIS] State: BULLISH | EMA13/34: $60329.4/$60269.6 | VWAP Sesi: $60388.34 | Vol Surge: 0.0x | BB50: [$60028.67 - $60390.25] | Tren 15m: BULLISH
[DEBUG] EMA streak: 0 | EMA13: 60329.45 | EMA34: 60269.62 | Selisih: 59.83
[2026-07-02 15:22:51] Keputusan analis: Wait
[2026-07-02 15:22:51] Validasi gagal / keputusan WAIT. Tidak ada eksekusi.
[2026-07-02 15:23:52] Siklus Menit Baru. Harga BTC Terakhir (OKX): $60338.40
[ANALIS] State: BULLISH | EMA13/34: $60330.3/$60271.8 | VWAP Sesi: $60388.30 | Vol Surge: 0.1x | BB50: [$60028.44 - $60396.41] | Tren 15m: BEARISH
[DEBUG] EMA streak: 0 | EMA13: 60330.26 | EMA34: 60271.82 | Selisih: 58.44
[2026-07-02 15:23:52] Keputusan analis: Wait
[2026-07-02 15:23:52] Validasi gagal / keputusan WAIT. Tidak ada eksekusi.
[2026-07-02 15:24:52] Siklus Menit Baru. Harga BTC Terakhir (OKX): $60346.30
[ANALIS] State: BULLISH | EMA13/34: $60333.8/$60276.4 | VWAP Sesi: $60388.30 | Vol Surge: 0.0x | BB50: [$60028.80 - $60404.03] | Tren 15m: BULLISH
[DEBUG] EMA streak: 0 | EMA13: 60333.84 | EMA34: 60276.43 | Selisih: 57.40
[2026-07-02 15:24:52] Keputusan analis: Wait
[2026-07-02 15:24:52] Validasi gagal / keputusan WAIT. Tidak ada eksekusi.
[2026-07-02 15:25:52] Siklus Menit Baru. Harga BTC Terakhir (OKX): $60352.80
[ANALIS] State: BULLISH | EMA13/34: $60337.0/$60280.9 | VWAP Sesi: $60388.29 | Vol Surge: 0.1x | BB50: [$60029.73 - $60411.24] | Tren 15m: BULLISH
[DEBUG] EMA streak: 0 | EMA13: 60337.03 | EMA34: 60280.90 | Selisih: 56.14
[2026-07-02 15:25:52] Keputusan analis: Wait
[2026-07-02 15:25:52] Validasi gagal / keputusan WAIT. Tidak ada eksekusi.
[2026-07-02 15:26:52] Siklus Menit Baru. Harga BTC Terakhir (OKX): $60375.70
[ANALIS] State: BULLISH | EMA13/34: $60342.1/$60284.0 | VWAP Sesi: $60388.27 | Vol Surge: 0.1x | BB50: [$60030.53 - $60419.28] | Tren 15m: BULLISH
[DEBUG] EMA streak: 0 | EMA13: 60342.12 | EMA34: 60284.04 | Selisih: 58.08
[2026-07-02 15:26:52] Keputusan analis: Wait
[2026-07-02 15:26:52] Validasi gagal / keputusan WAIT. Tidak ada eksekusi.
[2026-07-02 15:27:52] Siklus Menit Baru. Harga BTC Terakhir (OKX): $60381.90
[ANALIS] State: BULLISH | EMA13/34: $60347.8/$60290.9 | VWAP Sesi: $60388.27 | Vol Surge: 0.1x | BB50: [$60033.82 - $60426.80] | Tren 15m: BULLISH
[DEBUG] EMA streak: 0 | EMA13: 60347.82 | EMA34: 60290.94 | Selisih: 56.88
[2026-07-02 15:27:52] Keputusan analis: Wait
[2026-07-02 15:27:52] Validasi gagal / keputusan WAIT. Tidak ada eksekusi.
[2026-07-02 15:28:53] Siklus Menit Baru. Harga BTC Terakhir (OKX): $60387.50
[ANALIS] State: BULLISH | EMA13/34: $60353.2/$60295.4 | VWAP Sesi: $60388.26 | Vol Surge: 0.0x | BB50: [$60035.97 - $60434.63] | Tren 15m: BULLISH
[DEBUG] EMA streak: 0 | EMA13: 60353.25 | EMA34: 60295.44 | Selisih: 57.81
[2026-07-02 15:28:53] Keputusan analis: Wait
[2026-07-02 15:28:53] Validasi gagal / keputusan WAIT. Tidak ada eksekusi.
[2026-07-02 15:29:53] Siklus Menit Baru. Harga BTC Terakhir (OKX): $60355.70
[ANALIS] State: BULLISH | EMA13/34: $60353.6/$60298.8 | VWAP Sesi: $60388.25 | Vol Surge: 0.1x | BB50: [$60040.73 - $60439.33] | Tren 15m: BULLISH
[DEBUG] EMA streak: 0 | EMA13: 60353.60 | EMA34: 60298.77 | Selisih: 54.83
[2026-07-02 15:29:53] Keputusan analis: Wait
[2026-07-02 15:29:53] Validasi gagal / keputusan WAIT. Tidak ada eksekusi.
[2026-07-02 15:30:53] Siklus Menit Baru. Harga BTC Terakhir (OKX): $60332.50
[ANALIS] State: BULLISH | EMA13/34: $60350.6/$60303.4 | VWAP Sesi: $60388.21 | Vol Surge: 0.1x | BB50: [$60046.57 - $60442.12] | Tren 15m: BEARISH
[DEBUG] EMA streak: 0 | EMA13: 60350.60 | EMA34: 60303.37 | Selisih: 47.23
[2026-07-02 15:30:53] Keputusan analis: Wait
[2026-07-02 15:30:53] Validasi gagal / keputusan WAIT. Tidak ada eksekusi.
[2026-07-02 15:31:53] Siklus Menit Baru. Harga BTC Terakhir (OKX): $60360.90
[ANALIS] State: BULLISH | EMA13/34: $60352.9/$60306.0 | VWAP Sesi: $60388.19 | Vol Surge: 0.1x | BB50: [$60048.94 - $60447.75] | Tren 15m: BULLISH
[DEBUG] EMA streak: 0 | EMA13: 60352.88 | EMA34: 60306.03 | Selisih: 46.84
[2026-07-02 15:31:53] Keputusan analis: Wait
[2026-07-02 15:31:53] Validasi gagal / keputusan WAIT. Tidak ada eksekusi.
[2026-07-02 15:32:53] Siklus Menit Baru. Harga BTC Terakhir (OKX): $60390.90
[ANALIS] State: BULLISH | EMA13/34: $60358.3/$60310.8 | VWAP Sesi: $60388.20 | Vol Surge: 0.1x | BB50: [$60051.93 - $60454.44] | Tren 15m: BULLISH
[DEBUG] EMA streak: 0 | EMA13: 60358.31 | EMA34: 60310.83 | Selisih: 47.47
[ANALIS-TRENDING] Quant Golden Cross (EMA13 > EMA34), Di atas VWAP ($60388.20), & Tren 15m Bullish. Sinyal BUY.
[2026-07-02 15:32:53] Keputusan analis: Buy(0.003307145066582871, "[Trending] Quant EMA13/34 Buy (Vol 0.1x)")
[2026-07-02 15:32:53] Mengeksekusi transaksi...
[2026-07-02 15:32:53] Eksekusi sukses. Saldo: $798.69, BTC: 0.0033
[2026-07-02 15:33:53] Siklus Menit Baru. Harga BTC Terakhir (OKX): $60369.50
[ANALIS] State: BULLISH | EMA13/34: $60360.2/$60313.2 | VWAP Sesi: $60388.18 | Vol Surge: 0.2x | BB50: [$60055.98 - $60459.35] | Tren 15m: BULLISH
[DEBUG] EMA streak: 0 | EMA13: 60360.20 | EMA34: 60313.19 | Selisih: 47.01
[2026-07-02 15:33:53] Keputusan analis: Wait
[2026-07-02 15:33:53] Validasi gagal / keputusan WAIT. Tidak ada eksekusi.
[2026-07-02 15:34:54] Siklus Menit Baru. Harga BTC Terakhir (OKX): $60431.00
[ANALIS] State: BULLISH | EMA13/34: $60370.3/$60319.9 | VWAP Sesi: $60388.22 | Vol Surge: 0.2x | BB50: [$60059.90 - $60467.61] | Tren 15m: BULLISH
[DEBUG] EMA streak: 0 | EMA13: 60370.32 | EMA34: 60319.93 | Selisih: 50.39
[ANALIS-TRENDING] Quant Golden Cross (EMA13 > EMA34), Di atas VWAP ($60388.22), & Tren 15m Bullish. Sinyal BUY.
[2026-07-02 15:34:54] Keputusan analis: Buy(0.0026432994540517177, "[Trending] Quant EMA13/34 Buy (Vol 0.2x)")
Mencegah transaksi berulang (Cool-down aktif). Aksi terakhir BUY pada 15:32:53 (2 menit lalu)
[2026-07-02 15:34:54] Validasi gagal / keputusan WAIT. Tidak ada eksekusi.
[2026-07-02 15:35:54] Siklus Menit Baru. Harga BTC Terakhir (OKX): $60486.50
[ANALIS] State: BULLISH | EMA13/34: $60389.7/$60329.0 | VWAP Sesi: $60388.50 | Vol Surge: 0.5x | BB50: [$60060.61 - $60482.19] | Tren 15m: BULLISH
[DEBUG] EMA streak: 0 | EMA13: 60389.66 | EMA34: 60329.03 | Selisih: 60.62
[ANALIS-TRENDING] Quant Golden Cross (EMA13 > EMA34), Di atas VWAP ($60388.50), & Tren 15m Bullish. Sinyal BUY.
[2026-07-02 15:35:54] Keputusan analis: Buy(0.002640874067896131, "[Trending] Quant EMA13/34 Buy (Vol 0.5x)")
Mencegah transaksi berulang (Cool-down aktif). Aksi terakhir BUY pada 15:32:53 (3 menit lalu)
[2026-07-02 15:35:54] Validasi gagal / keputusan WAIT. Tidak ada eksekusi.
[2026-07-02 15:36:54] Siklus Menit Baru. Harga BTC Terakhir (OKX): $60484.00
[ANALIS] State: BULLISH | EMA13/34: $60404.0/$60339.7 | VWAP Sesi: $60388.53 | Vol Surge: 0.0x | BB50: [$60065.87 - $60492.69] | Tren 15m: BULLISH
[DEBUG] EMA streak: 0 | EMA13: 60404.02 | EMA34: 60339.71 | Selisih: 64.30
[ANALIS-TRENDING] Quant Golden Cross (EMA13 > EMA34), Di atas VWAP ($60388.53), & Tren 15m Bullish. Sinyal BUY.
[2026-07-02 15:36:54] Keputusan analis: Buy(0.002640983223791405, "[Trending] Quant EMA13/34 Buy (Vol 0.0x)")
Mencegah transaksi berulang (Cool-down aktif). Aksi terakhir BUY pada 15:32:53 (4 menit lalu)
[2026-07-02 15:36:54] Validasi gagal / keputusan WAIT. Tidak ada eksekusi.
[2026-07-02 15:37:54] Siklus Menit Baru. Harga BTC Terakhir (OKX): $60442.90
[ANALIS] State: BULLISH | EMA13/34: $60410.3/$60346.8 | VWAP Sesi: $60388.63 | Vol Surge: 0.4x | BB50: [$60071.79 - $60499.78] | Tren 15m: BULLISH
[DEBUG] EMA streak: 0 | EMA13: 60410.33 | EMA34: 60346.77 | Selisih: 63.56
[ANALIS-TRENDING] Quant Golden Cross (EMA13 > EMA34), Di atas VWAP ($60388.63), & Tren 15m Bullish. Sinyal BUY.
[2026-07-02 15:37:54] Keputusan analis: Buy(0.002642779041174387, "[Trending] Quant EMA13/34 Buy (Vol 0.4x)")
[2026-07-02 15:37:54] Mengeksekusi transaksi...
[2026-07-02 15:37:54] Eksekusi sukses. Saldo: $638.79, BTC: 0.0059
[2026-07-02 15:38:54] Siklus Menit Baru. Harga BTC Terakhir (OKX): $60453.00
[ANALIS] State: BULLISH | EMA13/34: $60417.3/$60355.2 | VWAP Sesi: $60388.65 | Vol Surge: 0.1x | BB50: [$60076.94 - $60507.44] | Tren 15m: BULLISH
[DEBUG] EMA streak: 0 | EMA13: 60417.28 | EMA34: 60355.20 | Selisih: 62.08
[ANALIS-TRENDING] Quant Golden Cross (EMA13 > EMA34), Di atas VWAP ($60388.65), & Tren 15m Bullish. Sinyal BUY.
[2026-07-02 15:38:54] Keputusan analis: Buy(0.0021133415380606073, "[Trending] Quant EMA13/34 Buy (Vol 0.1x)")
Mencegah transaksi berulang (Cool-down aktif). Aksi terakhir BUY pada 15:37:54 (1 menit lalu)
[2026-07-02 15:38:54] Validasi gagal / keputusan WAIT. Tidak ada eksekusi.
[2026-07-02 15:39:55] Siklus Menit Baru. Harga BTC Terakhir (OKX): $60472.50
[ANALIS] State: BULLISH | EMA13/34: $60425.7/$60362.1 | VWAP Sesi: $60388.70 | Vol Surge: 0.1x | BB50: [$60079.42 - $60516.92] | Tren 15m: BULLISH
[DEBUG] EMA streak: 0 | EMA13: 60425.73 | EMA34: 60362.06 | Selisih: 63.67
[ANALIS-TRENDING] Quant Golden Cross (EMA13 > EMA34), Di atas VWAP ($60388.70), & Tren 15m Bullish. Sinyal BUY.
[2026-07-02 15:39:55] Keputusan analis: Buy(0.002112660068632484, "[Trending] Quant EMA13/34 Buy (Vol 0.1x)")
Mencegah transaksi berulang (Cool-down aktif). Aksi terakhir BUY pada 15:37:54 (2 menit lalu)
[2026-07-02 15:39:55] Validasi gagal / keputusan WAIT. Tidak ada eksekusi.
[2026-07-02 15:40:55] Siklus Menit Baru. Harga BTC Terakhir (OKX): $60454.00
[ANALIS] State: BULLISH | EMA13/34: $60429.0/$60366.5 | VWAP Sesi: $60388.71 | Vol Surge: 0.0x | BB50: [$60083.82 - $60523.38] | Tren 15m: BULLISH
[DEBUG] EMA streak: 0 | EMA13: 60428.98 | EMA34: 60366.46 | Selisih: 62.52
[ANALIS-TRENDING] Quant Golden Cross (EMA13 > EMA34), Di atas VWAP ($60388.71), & Tren 15m Bullish. Sinyal BUY.
[2026-07-02 15:40:55] Keputusan analis: Buy(0.0021133065802159973, "[Trending] Quant EMA13/34 Buy (Vol 0.0x)")
Mencegah transaksi berulang (Cool-down aktif). Aksi terakhir BUY pada 15:37:54 (3 menit lalu)
[2026-07-02 15:40:55] Validasi gagal / keputusan WAIT. Tidak ada eksekusi.
[2026-07-02 15:41:55] Siklus Menit Baru. Harga BTC Terakhir (OKX): $60435.90
[ANALIS] State: BULLISH | EMA13/34: $60430.0/$60371.0 | VWAP Sesi: $60388.73 | Vol Surge: 0.1x | BB50: [$60089.70 - $60528.29] | Tren 15m: BULLISH
[DEBUG] EMA streak: 0 | EMA13: 60430.00 | EMA34: 60370.96 | Selisih: 59.04
[ANALIS-TRENDING] Quant Golden Cross (EMA13 > EMA34), Di atas VWAP ($60388.73), & Tren 15m Bullish. Sinyal BUY.
[2026-07-02 15:41:55] Keputusan analis: Buy(0.0021139394962328335, "[Trending] Quant EMA13/34 Buy (Vol 0.1x)")
Mencegah transaksi berulang (Cool-down aktif). Aksi terakhir BUY pada 15:37:54 (4 menit lalu)
[2026-07-02 15:41:55] Validasi gagal / keputusan WAIT. Tidak ada eksekusi.
[2026-07-02 15:42:55] Siklus Menit Baru. Harga BTC Terakhir (OKX): $60437.10
[ANALIS] State: BULLISH | EMA13/34: $60431.0/$60373.0 | VWAP Sesi: $60388.75 | Vol Surge: 0.1x | BB50: [$60095.38 - $60533.03] | Tren 15m: BULLISH
[DEBUG] EMA streak: 0 | EMA13: 60430.99 | EMA34: 60373.02 | Selisih: 57.97
[ANALIS-TRENDING] Quant Golden Cross (EMA13 > EMA34), Di atas VWAP ($60388.75), & Tren 15m Bullish. Sinyal BUY.
[2026-07-02 15:42:55] Keputusan analis: Buy(0.002113897523216334, "[Trending] Quant EMA13/34 Buy (Vol 0.1x)")
[2026-07-02 15:42:55] Mengeksekusi transaksi...
[2026-07-02 15:42:55] Eksekusi sukses. Saldo: $510.90, BTC: 0.0081
[2026-07-02 15:43:55] Siklus Menit Baru. Harga BTC Terakhir (OKX): $60428.00
[ANALIS] State: BULLISH | EMA13/34: $60430.2/$60375.2 | VWAP Sesi: $60388.75 | Vol Surge: 0.1x | BB50: [$60104.37 - $60535.31] | Tren 15m: BULLISH
[DEBUG] EMA streak: 0 | EMA13: 60430.23 | EMA34: 60375.24 | Selisih: 54.98
[ANALIS-TRENDING] Quant Golden Cross (EMA13 > EMA34), Di atas VWAP ($60388.75), & Tren 15m Bullish. Sinyal BUY.
[2026-07-02 15:43:55] Keputusan analis: Buy(0.0016909498449907698, "[Trending] Quant EMA13/34 Buy (Vol 0.1x)")
Mencegah transaksi berulang (Cool-down aktif). Aksi terakhir BUY pada 15:42:55 (1 menit lalu)
[2026-07-02 15:43:55] Validasi gagal / keputusan WAIT. Tidak ada eksekusi.
[2026-07-02 15:44:55] Siklus Menit Baru. Harga BTC Terakhir (OKX): $60440.20
[ANALIS] State: BULLISH | EMA13/34: $60433.1/$60379.4 | VWAP Sesi: $60388.80 | Vol Surge: 0.3x | BB50: [$60114.85 - $60537.73] | Tren 15m: BULLISH
[DEBUG] EMA streak: 0 | EMA13: 60433.10 | EMA34: 60379.36 | Selisih: 53.74
[ANALIS-TRENDING] Quant Golden Cross (EMA13 > EMA34), Di atas VWAP ($60388.80), & Tren 15m Bullish. Sinyal BUY.
[2026-07-02 15:44:55] Keputusan analis: Buy(0.0016906085226902335, "[Trending] Quant EMA13/34 Buy (Vol 0.3x)")
Mencegah transaksi berulang (Cool-down aktif). Aksi terakhir BUY pada 15:42:55 (2 menit lalu)
[2026-07-02 15:44:55] Validasi gagal / keputusan WAIT. Tidak ada eksekusi.
[2026-07-02 15:45:56] Siklus Menit Baru. Harga BTC Terakhir (OKX): $60423.90
[ANALIS] State: BULLISH | EMA13/34: $60431.2/$60382.9 | VWAP Sesi: $60388.82 | Vol Surge: 0.3x | BB50: [$60127.22 - $60537.13] | Tren 15m: BULLISH
[DEBUG] EMA streak: 0 | EMA13: 60431.23 | EMA34: 60382.85 | Selisih: 48.38
[ANALIS-TRENDING] Quant Golden Cross (EMA13 > EMA34), Di atas VWAP ($60388.82), & Tren 15m Bullish. Sinyal BUY.
[2026-07-02 15:45:56] Keputusan analis: Buy(0.0016910645826089055, "[Trending] Quant EMA13/34 Buy (Vol 0.3x)")
Mencegah transaksi berulang (Cool-down aktif). Aksi terakhir BUY pada 15:42:55 (3 menit lalu)
[2026-07-02 15:45:56] Validasi gagal / keputusan WAIT. Tidak ada eksekusi.
[2026-07-02 15:46:56] Siklus Menit Baru. Harga BTC Terakhir (OKX): $60488.50
[ANALIS] State: BULLISH | EMA13/34: $60440.1/$60386.8 | VWAP Sesi: $60388.91 | Vol Surge: 0.4x | BB50: [$60136.33 - $60541.88] | Tren 15m: BULLISH
[DEBUG] EMA streak: 0 | EMA13: 60440.06 | EMA34: 60386.79 | Selisih: 53.27
[ANALIS-TRENDING] Quant Golden Cross (EMA13 > EMA34), Di atas VWAP ($60388.91), & Tren 15m Bullish. Sinyal BUY.
[2026-07-02 15:46:56] Keputusan analis: Buy(0.0016892585736644527, "[Trending] Quant EMA13/34 Buy (Vol 0.4x)")
Mencegah transaksi berulang (Cool-down aktif). Aksi terakhir BUY pada 15:42:55 (4 menit lalu)
[2026-07-02 15:46:56] Validasi gagal / keputusan WAIT. Tidak ada eksekusi.
[2026-07-02 15:47:56] Siklus Menit Baru. Harga BTC Terakhir (OKX): $60536.20
[ANALIS] State: BULLISH | EMA13/34: $60454.0/$60396.9 | VWAP Sesi: $60389.34 | Vol Surge: 1.5x | BB50: [$60149.22 - $60546.47] | Tren 15m: BULLISH
[DEBUG] EMA streak: 0 | EMA13: 60454.00 | EMA34: 60396.87 | Selisih: 57.13
[ANALIS-TRENDING] Quant Golden Cross (EMA13 > EMA34), Di atas VWAP ($60389.34), & Tren 15m Bullish. Sinyal BUY.
[2026-07-02 15:47:56] Keputusan analis: Buy(0.0016879275083851026, "[Trending] Quant EMA13/34 Buy (Vol 1.5x)")
Max pyramiding (3 layer) tercapai. Tunggu siklus selesai (posisi aktif saat ini: 3).
[2026-07-02 15:47:56] Validasi gagal / keputusan WAIT. Tidak ada eksekusi.
[2026-07-02 15:48:56] Siklus Menit Baru. Harga BTC Terakhir (OKX): $60520.00
[ANALIS] State: BULLISH | EMA13/34: $60465.2/$60404.7 | VWAP Sesi: $60389.47 | Vol Surge: 0.3x | BB50: [$60160.61 - $60551.31] | Tren 15m: BULLISH
[DEBUG] EMA streak: 0 | EMA13: 60465.22 | EMA34: 60404.68 | Selisih: 60.54
[ANALIS-TRENDING] Quant Golden Cross (EMA13 > EMA34), Di atas VWAP ($60389.47), & Tren 15m Bullish. Sinyal BUY.
[2026-07-02 15:48:56] Keputusan analis: Buy(0.0016883793329990457, "[Trending] Quant EMA13/34 Buy (Vol 0.3x)")
Max pyramiding (3 layer) tercapai. Tunggu siklus selesai (posisi aktif saat ini: 3).
[2026-07-02 15:48:56] Validasi gagal / keputusan WAIT. Tidak ada eksekusi.
[2026-07-02 15:49:57] Siklus Menit Baru. Harga BTC Terakhir (OKX): $60500.30
[ANALIS] State: BULLISH | EMA13/34: $60470.2/$60410.0 | VWAP Sesi: $60389.50 | Vol Surge: 0.2x | BB50: [$60175.06 - $60551.72] | Tren 15m: BULLISH
[DEBUG] EMA streak: 0 | EMA13: 60470.22 | EMA34: 60409.97 | Selisih: 60.25
[ANALIS-TRENDING] Quant Golden Cross (EMA13 > EMA34), Di atas VWAP ($60389.50), & Tren 15m Bullish. Sinyal BUY.
[2026-07-02 15:49:57] Keputusan analis: Buy(0.001688929100072268, "[Trending] Quant EMA13/34 Buy (Vol 0.2x)")
Max pyramiding (3 layer) tercapai. Tunggu siklus selesai (posisi aktif saat ini: 3).
[2026-07-02 15:49:57] Validasi gagal / keputusan WAIT. Tidak ada eksekusi.
[2026-07-02 15:50:57] Siklus Menit Baru. Harga BTC Terakhir (OKX): $60523.70
[ANALIS] State: BULLISH | EMA13/34: $60477.5/$60418.2 | VWAP Sesi: $60389.64 | Vol Surge: 0.8x | BB50: [$60190.55 - $60552.05] | Tren 15m: BULLISH
[DEBUG] EMA streak: 0 | EMA13: 60477.48 | EMA34: 60418.24 | Selisih: 59.24
[ANALIS-TRENDING] Quant Golden Cross (EMA13 > EMA34), Di atas VWAP ($60389.64), & Tren 15m Bullish. Sinyal BUY.
[2026-07-02 15:50:57] Keputusan analis: Buy(0.001688276117175623, "[Trending] Quant EMA13/34 Buy (Vol 0.8x)")
Max pyramiding (3 layer) tercapai. Tunggu siklus selesai (posisi aktif saat ini: 3).
[2026-07-02 15:50:57] Validasi gagal / keputusan WAIT. Tidak ada eksekusi.
[2026-07-02 15:51:57] Siklus Menit Baru. Harga BTC Terakhir (OKX): $60492.30
[ANALIS] State: BULLISH | EMA13/34: $60479.6/$60423.8 | VWAP Sesi: $60389.66 | Vol Surge: 0.1x | BB50: [$60204.20 - $60551.59] | Tren 15m: BEARISH
[DEBUG] EMA streak: 0 | EMA13: 60479.61 | EMA34: 60423.81 | Selisih: 55.80
[ANALIS-TRENDING] Menunggu konfirmasi streak 2 menit. Saat ini: 1 menit.
[2026-07-02 15:51:57] Keputusan analis: Wait
[2026-07-02 15:51:57] Validasi gagal / keputusan WAIT. Tidak ada eksekusi.
[2026-07-02 15:52:57] Siklus Menit Baru. Harga BTC Terakhir (OKX): $60506.60
[ANALIS] State: BULLISH | EMA13/34: $60483.5/$60428.8 | VWAP Sesi: $60389.67 | Vol Surge: 0.1x | BB50: [$60215.65 - $60552.91] | Tren 15m: BULLISH
[DEBUG] EMA streak: 1 | EMA13: 60483.48 | EMA34: 60428.83 | Selisih: 54.65
[ANALIS-TRENDING] Quant Golden Cross (EMA13 > EMA34), Di atas VWAP ($60389.67), & Tren 15m Bullish. Sinyal BUY.
[2026-07-02 15:52:57] Keputusan analis: Buy(0.0016887532473003316, "[Trending] Quant EMA13/34 Buy (Vol 0.1x)")
Max pyramiding (3 layer) tercapai. Tunggu siklus selesai (posisi aktif saat ini: 3).
[2026-07-02 15:52:57] Validasi gagal / keputusan WAIT. Tidak ada eksekusi.
[2026-07-02 15:53:57] Siklus Menit Baru. Harga BTC Terakhir (OKX): $60531.90
[ANALIS] State: BULLISH | EMA13/34: $60490.4/$60434.1 | VWAP Sesi: $60389.70 | Vol Surge: 0.2x | BB50: [$60226.54 - $60555.58] | Tren 15m: BULLISH
[DEBUG] EMA streak: 0 | EMA13: 60490.39 | EMA34: 60434.12 | Selisih: 56.27
[ANALIS-TRENDING] Quant Golden Cross (EMA13 > EMA34), Di atas VWAP ($60389.70), & Tren 15m Bullish. Sinyal BUY.
[2026-07-02 15:53:57] Keputusan analis: Buy(0.0016880474135637943, "[Trending] Quant EMA13/34 Buy (Vol 0.2x)")
Max pyramiding (3 layer) tercapai. Tunggu siklus selesai (posisi aktif saat ini: 3).
[2026-07-02 15:53:57] Validasi gagal / keputusan WAIT. Tidak ada eksekusi.
[2026-07-02 15:54:57] Siklus Menit Baru. Harga BTC Terakhir (OKX): $60528.00
[ANALIS] State: BULLISH | EMA13/34: $60495.8/$60443.0 | VWAP Sesi: $60389.76 | Vol Surge: 0.4x | BB50: [$60240.30 - $60555.67] | Tren 15m: BULLISH
[DEBUG] EMA streak: 0 | EMA13: 60495.79 | EMA34: 60442.96 | Selisih: 52.84
[ANALIS-TRENDING] Quant Golden Cross (EMA13 > EMA34), Di atas VWAP ($60389.76), & Tren 15m Bullish. Sinyal BUY.
[2026-07-02 15:54:57] Keputusan analis: Buy(0.00168815617950539, "[Trending] Quant EMA13/34 Buy (Vol 0.4x)")
Max pyramiding (3 layer) tercapai. Tunggu siklus selesai (posisi aktif saat ini: 3).
[2026-07-02 15:54:57] Validasi gagal / keputusan WAIT. Tidak ada eksekusi.
[2026-07-02 15:55:58] Siklus Menit Baru. Harga BTC Terakhir (OKX): $60525.30
[ANALIS] State: BULLISH | EMA13/34: $60500.0/$60448.6 | VWAP Sesi: $60389.77 | Vol Surge: 0.1x | BB50: [$60247.91 - $60559.18] | Tren 15m: BULLISH
[DEBUG] EMA streak: 0 | EMA13: 60500.02 | EMA34: 60448.61 | Selisih: 51.41
[ANALIS-TRENDING] Quant Golden Cross (EMA13 > EMA34), Di atas VWAP ($60389.77), & Tren 15m Bullish. Sinyal BUY.
[2026-07-02 15:55:58] Keputusan analis: Buy(0.0016882314872144746, "[Trending] Quant EMA13/34 Buy (Vol 0.1x)")
Max pyramiding (3 layer) tercapai. Tunggu siklus selesai (posisi aktif saat ini: 3).
[2026-07-02 15:55:58] Validasi gagal / keputusan WAIT. Tidak ada eksekusi.
[2026-07-02 15:56:58] Siklus Menit Baru. Harga BTC Terakhir (OKX): $60509.00
[ANALIS] State: BULLISH | EMA13/34: $60501.3/$60455.3 | VWAP Sesi: $60389.78 | Vol Surge: 0.2x | BB50: [$60255.16 - $60561.69] | Tren 15m: BULLISH
[DEBUG] EMA streak: 0 | EMA13: 60501.34 | EMA34: 60455.28 | Selisih: 46.06
[ANALIS-TRENDING] Quant Golden Cross (EMA13 > EMA34), Di atas VWAP ($60389.78), & Tren 15m Bullish. Sinyal BUY.
[2026-07-02 15:56:58] Keputusan analis: Buy(0.0016886862654002255, "[Trending] Quant EMA13/34 Buy (Vol 0.2x)")
Max pyramiding (3 layer) tercapai. Tunggu siklus selesai (posisi aktif saat ini: 3).
[2026-07-02 15:56:58] Validasi gagal / keputusan WAIT. Tidak ada eksekusi.
[2026-07-02 15:57:58] Siklus Menit Baru. Harga BTC Terakhir (OKX): $60498.60
[ANALIS] State: BULLISH | EMA13/34: $60501.0/$60458.4 | VWAP Sesi: $60389.84 | Vol Surge: 0.4x | BB50: [$60258.40 - $60565.35] | Tren 15m: BULLISH
[DEBUG] EMA streak: 0 | EMA13: 60500.97 | EMA34: 60458.41 | Selisih: 42.56
[ANALIS-TRENDING] Quant Golden Cross (EMA13 > EMA34), Di atas VWAP ($60389.84), & Tren 15m Bullish. Sinyal BUY.
[2026-07-02 15:57:58] Keputusan analis: Buy(0.0016889765586823868, "[Trending] Quant EMA13/34 Buy (Vol 0.4x)")
Max pyramiding (3 layer) tercapai. Tunggu siklus selesai (posisi aktif saat ini: 3).
[2026-07-02 15:57:58] Validasi gagal / keputusan WAIT. Tidak ada eksekusi.
[2026-07-02 15:58:58] Siklus Menit Baru. Harga BTC Terakhir (OKX): $60508.60
[ANALIS] State: BULLISH | EMA13/34: $60502.0/$60460.9 | VWAP Sesi: $60389.85 | Vol Surge: 0.1x | BB50: [$60260.91 - $60569.63] | Tren 15m: BULLISH
[DEBUG] EMA streak: 0 | EMA13: 60502.04 | EMA34: 60460.88 | Selisih: 41.16
[ANALIS-TRENDING] Quant Golden Cross (EMA13 > EMA34), Di atas VWAP ($60389.85), & Tren 15m Bullish. Sinyal BUY.
[2026-07-02 15:58:58] Keputusan analis: Buy(0.0016886974286812494, "[Trending] Quant EMA13/34 Buy (Vol 0.1x)")
Max pyramiding (3 layer) tercapai. Tunggu siklus selesai (posisi aktif saat ini: 3).
[2026-07-02 15:58:58] Validasi gagal / keputusan WAIT. Tidak ada eksekusi.
[2026-07-02 15:59:58] Siklus Menit Baru. Harga BTC Terakhir (OKX): $60513.40
[ANALIS] State: BULLISH | EMA13/34: $60503.7/$60463.4 | VWAP Sesi: $60389.87 | Vol Surge: 0.3x | BB50: [$60264.07 - $60573.76] | Tren 15m: BULLISH
[DEBUG] EMA streak: 0 | EMA13: 60503.66 | EMA34: 60463.43 | Selisih: 40.23
[ANALIS-TRENDING] Quant Golden Cross (EMA13 > EMA34), Di atas VWAP ($60389.87), & Tren 15m Bullish. Sinyal BUY.
[2026-07-02 15:59:58] Keputusan analis: Buy(0.0016885634790493053, "[Trending] Quant EMA13/34 Buy (Vol 0.3x)")
Max pyramiding (3 layer) tercapai. Tunggu siklus selesai (posisi aktif saat ini: 3).
[2026-07-02 15:59:58] Validasi gagal / keputusan WAIT. Tidak ada eksekusi.
[2026-07-02 16:00:58] Siklus Menit Baru. Harga BTC Terakhir (OKX): $60460.40
[ANALIS] State: BULLISH | EMA13/34: $60497.5/$60460.0 | VWAP Sesi: $60389.97 | Vol Surge: 2.1x | BB50: [$60268.89 - $60574.45] | Tren 15m: BULLISH
[DEBUG] EMA streak: 0 | EMA13: 60497.45 | EMA34: 60459.97 | Selisih: 37.48
[ANALIS-TRENDING] Quant Golden Cross (EMA13 > EMA34), Di atas VWAP ($60389.97), & Tren 15m Bullish. Sinyal BUY.
[2026-07-02 16:00:58] Keputusan analis: Buy(0.001690043685339532, "[Trending] Quant EMA13/34 Buy (Vol 2.1x)")
Max pyramiding (3 layer) tercapai. Tunggu siklus selesai (posisi aktif saat ini: 3).
[2026-07-02 16:00:58] Validasi gagal / keputusan WAIT. Tidak ada eksekusi.
[2026-07-02 16:01:59] Siklus Menit Baru. Harga BTC Terakhir (OKX): $60488.70
[ANALIS] State: BULLISH | EMA13/34: $60496.2/$60463.0 | VWAP Sesi: $60389.99 | Vol Surge: 0.3x | BB50: [$60279.50 - $60572.99] | Tren 15m: BEARISH
[DEBUG] EMA streak: 0 | EMA13: 60496.23 | EMA34: 60462.97 | Selisih: 33.26
[ANALIS-TRENDING] Menunggu konfirmasi streak 2 menit. Saat ini: 1 menit.
[2026-07-02 16:01:59] Keputusan analis: Wait
[2026-07-02 16:01:59] Validasi gagal / keputusan WAIT. Tidak ada eksekusi.
[2026-07-02 16:02:59] Siklus Menit Baru. Harga BTC Terakhir (OKX): $60503.00
[ANALIS] State: BULLISH | EMA13/34: $60497.2/$60465.4 | VWAP Sesi: $60390.05 | Vol Surge: 0.9x | BB50: [$60287.91 - $60573.26] | Tren 15m: BEARISH
[DEBUG] EMA streak: 1 | EMA13: 60497.21 | EMA34: 60465.37 | Selisih: 31.84
[ANALIS-TRENDING] Sinyal melemah/Death Cross terkonfirmasi 2 menit berturut. Sinyal SELL.
[2026-07-02 16:02:59] Keputusan analis: Sell(0.008063821630973592, "[Trending] Quant EMA13/34 Sell Confirmed (2m streak)")
[2026-07-02 16:02:59] Mengeksekusi transaksi...
[2026-07-02 16:02:59] Eksekusi sukses. Saldo: $998.30, BTC: 0.0000
[2026-07-02 16:03:59] Siklus Menit Baru. Harga BTC Terakhir (OKX): $60495.20
[ANALIS] State: BULLISH | EMA13/34: $60496.9/$60468.2 | VWAP Sesi: $60390.07 | Vol Surge: 0.2x | BB50: [$60296.92 - $60572.54] | Tren 15m: BEARISH
[DEBUG] EMA streak: 0 | EMA13: 60496.93 | EMA34: 60468.22 | Selisih: 28.71
[2026-07-02 16:03:59] Keputusan analis: Wait
[2026-07-02 16:03:59] Validasi gagal / keputusan WAIT. Tidak ada eksekusi.
[2026-07-02 16:04:59] Siklus Menit Baru. Harga BTC Terakhir (OKX): $60475.60
[ANALIS] State: BULLISH | EMA13/34: $60493.9/$60470.9 | VWAP Sesi: $60390.09 | Vol Surge: 0.4x | BB50: [$60304.52 - $60571.58] | Tren 15m: BEARISH
[DEBUG] EMA streak: 0 | EMA13: 60493.90 | EMA34: 60470.93 | Selisih: 22.97
[2026-07-02 16:04:59] Keputusan analis: Wait
[2026-07-02 16:04:59] Validasi gagal / keputusan WAIT. Tidak ada eksekusi.
[2026-07-02 16:05:59] Siklus Menit Baru. Harga BTC Terakhir (OKX): $60454.20
[ANALIS] State: BULLISH | EMA13/34: $60488.2/$60470.0 | VWAP Sesi: $60390.09 | Vol Surge: 0.2x | BB50: [$60308.70 - $60571.44] | Tren 15m: BEARISH
[DEBUG] EMA streak: 0 | EMA13: 60488.23 | EMA34: 60470.02 | Selisih: 18.21
[2026-07-02 16:05:59] Keputusan analis: Wait
[2026-07-02 16:05:59] Validasi gagal / keputusan WAIT. Tidak ada eksekusi.
[2026-07-02 16:06:59] Siklus Menit Baru. Harga BTC Terakhir (OKX): $60405.60
[ANALIS] State: BULLISH | EMA13/34: $60476.4/$60465.9 | VWAP Sesi: $60390.10 | Vol Surge: 0.3x | BB50: [$60311.66 - $60570.53] | Tren 15m: BEARISH
[DEBUG] EMA streak: 0 | EMA13: 60476.36 | EMA34: 60465.86 | Selisih: 10.50
[2026-07-02 16:06:59] Keputusan analis: Wait
[2026-07-02 16:06:59] Validasi gagal / keputusan WAIT. Tidak ada eksekusi.
[2026-07-02 16:08:00] Siklus Menit Baru. Harga BTC Terakhir (OKX): $60420.60
[ANALIS] State: BULLISH | EMA13/34: $60468.4/$60464.0 | VWAP Sesi: $60390.11 | Vol Surge: 0.9x | BB50: [$60315.93 - $60569.27] | Tren 15m: BEARISH
[DEBUG] EMA streak: 0 | EMA13: 60468.40 | EMA34: 60464.01 | Selisih: 4.39
[2026-07-02 16:08:00] Keputusan analis: Wait
[2026-07-02 16:08:00] Validasi gagal / keputusan WAIT. Tidak ada eksekusi.
[2026-07-02 16:09:00] Siklus Menit Baru. Harga BTC Terakhir (OKX): $60427.20
[ANALIS] State: BEARISH | EMA13/34: $60462.5/$60463.0 | VWAP Sesi: $60390.13 | Vol Surge: 0.7x | BB50: [$60319.45 - $60568.47] | Tren 15m: BEARISH
[DEBUG] EMA streak: 0 | EMA13: 60462.53 | EMA34: 60462.98 | Selisih: -0.45
[2026-07-02 16:09:00] Keputusan analis: Wait
[2026-07-02 16:09:00] Validasi gagal / keputusan WAIT. Tidak ada eksekusi.
[2026-07-02 16:10:00] Siklus Menit Baru. Harga BTC Terakhir (OKX): $60396.10
[ANALIS] State: BEARISH | EMA13/34: $60453.0/$60457.2 | VWAP Sesi: $60390.13 | Vol Surge: 1.0x | BB50: [$60320.38 - $60568.20] | Tren 15m: BEARISH
[DEBUG] EMA streak: 0 | EMA13: 60453.03 | EMA34: 60457.25 | Selisih: -4.21
[2026-07-02 16:10:00] Keputusan analis: Wait
[2026-07-02 16:10:00] Validasi gagal / keputusan WAIT. Tidak ada eksekusi.
[2026-07-02 16:11:00] Siklus Menit Baru. Harga BTC Terakhir (OKX): $60400.10
[ANALIS] State: BEARISH | EMA13/34: $60445.5/$60454.1 | VWAP Sesi: $60390.14 | Vol Surge: 1.2x | BB50: [$60324.23 - $60566.62] | Tren 15m: BEARISH
[DEBUG] EMA streak: 0 | EMA13: 60445.47 | EMA34: 60454.08 | Selisih: -8.60
[2026-07-02 16:11:00] Keputusan analis: Wait
[2026-07-02 16:11:00] Validasi gagal / keputusan WAIT. Tidak ada eksekusi.
[2026-07-02 16:12:00] Siklus Menit Baru. Harga BTC Terakhir (OKX): $60429.80
[ANALIS] State: BEARISH | EMA13/34: $60443.2/$60453.2 | VWAP Sesi: $60390.19 | Vol Surge: 1.9x | BB50: [$60329.26 - $60564.98] | Tren 15m: BEARISH
[DEBUG] EMA streak: 0 | EMA13: 60443.24 | EMA34: 60453.18 | Selisih: -9.94
[2026-07-02 16:12:00] Keputusan analis: Wait
[2026-07-02 16:12:00] Validasi gagal / keputusan WAIT. Tidak ada eksekusi.
[2026-07-02 16:13:01] Siklus Menit Baru. Harga BTC Terakhir (OKX): $60470.80
[ANALIS] State: BEARISH | EMA13/34: $60450.5/$60454.9 | VWAP Sesi: $60390.21 | Vol Surge: 0.0x | BB50: [$60340.40 - $60563.37] | Tren 15m: BEARISH
[DEBUG] EMA streak: 0 | EMA13: 60450.52 | EMA34: 60454.93 | Selisih: -4.41
[2026-07-02 16:13:01] Keputusan analis: Wait
[2026-07-02 16:13:01] Validasi gagal / keputusan WAIT. Tidak ada eksekusi.
[2026-07-02 16:14:01] Siklus Menit Baru. Harga BTC Terakhir (OKX): $60485.10
[ANALIS] State: BEARISH | EMA13/34: $60457.2/$60457.4 | VWAP Sesi: $60390.30 | Vol Surge: 0.0x | BB50: [$60346.62 - $60563.11] | Tren 15m: BEARISH
[DEBUG] EMA streak: 0 | EMA13: 60457.23 | EMA34: 60457.38 | Selisih: -0.15
[2026-07-02 16:14:01] Keputusan analis: Wait
[2026-07-02 16:14:01] Validasi gagal / keputusan WAIT. Tidak ada eksekusi.
[2026-07-02 16:15:01] Siklus Menit Baru. Harga BTC Terakhir (OKX): $60476.70
[ANALIS] State: BEARISH | EMA13/34: $60457.9/$60458.9 | VWAP Sesi: $60390.32 | Vol Surge: 0.1x | BB50: [$60353.20 - $60560.91] | Tren 15m: BULLISH
[DEBUG] EMA streak: 0 | EMA13: 60457.85 | EMA34: 60458.92 | Selisih: -1.06
[2026-07-02 16:15:01] Keputusan analis: Wait
[2026-07-02 16:15:01] Validasi gagal / keputusan WAIT. Tidak ada eksekusi.
[2026-07-02 16:16:01] Siklus Menit Baru. Harga BTC Terakhir (OKX): $60448.90
[ANALIS] State: SIDEWAYS | EMA13/34: $60453.2/$60457.1 | VWAP Sesi: $60390.35 | Vol Surge: 0.0x | BB50: [$60356.81 - $60559.12] | Tren 15m: BEARISH
[ANALIS-SIDEWAYS] WAIT - Lebar BB sempit (0.335%).
[2026-07-02 16:16:01] Keputusan analis: Wait
[2026-07-02 16:16:01] Validasi gagal / keputusan WAIT. Tidak ada eksekusi.
[2026-07-02 16:17:01] Siklus Menit Baru. Harga BTC Terakhir (OKX): $60448.40
[ANALIS] State: SIDEWAYS | EMA13/34: $60450.8/$60456.3 | VWAP Sesi: $60390.37 | Vol Surge: 0.1x | BB50: [$60360.19 - $60557.96] | Tren 15m: BEARISH
[ANALIS-SIDEWAYS] WAIT - Lebar BB sempit (0.327%).
[2026-07-02 16:17:01] Keputusan analis: Wait
[2026-07-02 16:17:01] Validasi gagal / keputusan WAIT. Tidak ada eksekusi.
[2026-07-02 16:18:02] Siklus Menit Baru. Harga BTC Terakhir (OKX): $60456.50
[ANALIS] State: SIDEWAYS | EMA13/34: $60452.9/$60455.1 | VWAP Sesi: $60390.39 | Vol Surge: 0.0x | BB50: [$60363.98 - $60557.33] | Tren 15m: BEARISH
[ANALIS-SIDEWAYS] WAIT - Lebar BB sempit (0.320%).
[2026-07-02 16:18:02] Keputusan analis: Wait
[2026-07-02 16:18:02] Validasi gagal / keputusan WAIT. Tidak ada eksekusi.
[2026-07-02 16:19:02] Siklus Menit Baru. Harga BTC Terakhir (OKX): $60463.80
[ANALIS] State: SIDEWAYS | EMA13/34: $60455.3/$60455.2 | VWAP Sesi: $60390.40 | Vol Surge: 0.0x | BB50: [$60371.07 - $60554.85] | Tren 15m: BEARISH
[ANALIS-SIDEWAYS] WAIT - Lebar BB sempit (0.304%).
[2026-07-02 16:19:02] Keputusan analis: Wait
[2026-07-02 16:19:02] Validasi gagal / keputusan WAIT. Tidak ada eksekusi.
[2026-07-02 16:20:02] Siklus Menit Baru. Harga BTC Terakhir (OKX): $60453.90
[ANALIS] State: SIDEWAYS | EMA13/34: $60453.4/$60455.5 | VWAP Sesi: $60390.40 | Vol Surge: 0.0x | BB50: [$60379.99 - $60549.95] | Tren 15m: BULLISH
[ANALIS-SIDEWAYS] WAIT - Lebar BB sempit (0.281%).
[2026-07-02 16:20:02] Keputusan analis: Wait
[2026-07-02 16:20:02] Validasi gagal / keputusan WAIT. Tidak ada eksekusi.
[2026-07-02 16:21:03] Siklus Menit Baru. Harga BTC Terakhir (OKX): $60474.10
[ANALIS] State: SIDEWAYS | EMA13/34: $60458.1/$60459.0 | VWAP Sesi: $60390.44 | Vol Surge: 0.4x | BB50: [$60387.97 - $60547.06] | Tren 15m: BULLISH
[ANALIS-SIDEWAYS] WAIT - Lebar BB sempit (0.263%).
[2026-07-02 16:21:03] Keputusan analis: Wait
[2026-07-02 16:21:03] Validasi gagal / keputusan WAIT. Tidak ada eksekusi.
[2026-07-02 16:22:03] Siklus Menit Baru. Harga BTC Terakhir (OKX): $60529.90
[ANALIS] State: SIDEWAYS | EMA13/34: $60473.4/$60464.0 | VWAP Sesi: $60390.62 | Vol Surge: 0.1x | BB50: [$60391.51 - $60550.66] | Tren 15m: BULLISH
[ANALIS-SIDEWAYS] WAIT - Lebar BB sempit (0.263%).
[2026-07-02 16:22:03] Keputusan analis: Wait
[2026-07-02 16:22:03] Validasi gagal / keputusan WAIT. Tidak ada eksekusi.
[2026-07-02 16:23:03] Siklus Menit Baru. Harga BTC Terakhir (OKX): $60542.70
[ANALIS] State: SIDEWAYS | EMA13/34: $60485.7/$60474.0 | VWAP Sesi: $60390.65 | Vol Surge: 0.0x | BB50: [$60397.06 - $60552.78] | Tren 15m: BULLISH
[ANALIS-SIDEWAYS] WAIT - Lebar BB sempit (0.257%).
[2026-07-02 16:23:03] Keputusan analis: Wait
[2026-07-02 16:23:03] Validasi gagal / keputusan WAIT. Tidak ada eksekusi.
[2026-07-02 16:24:03] Siklus Menit Baru. Harga BTC Terakhir (OKX): $60545.60
[ANALIS] State: SIDEWAYS | EMA13/34: $60494.3/$60479.8 | VWAP Sesi: $60390.81 | Vol Surge: 0.0x | BB50: [$60396.65 - $60556.91] | Tren 15m: BULLISH
[ANALIS-SIDEWAYS] WAIT - Lebar BB sempit (0.265%).
[2026-07-02 16:24:03] Keputusan analis: Wait
[2026-07-02 16:24:03] Validasi gagal / keputusan WAIT. Tidak ada eksekusi.
[2026-07-02 16:25:03] Siklus Menit Baru. Harga BTC Terakhir (OKX): $60582.60
[ANALIS] State: SIDEWAYS | EMA13/34: $60511.5/$60488.3 | VWAP Sesi: $60390.99 | Vol Surge: 0.1x | BB50: [$60391.14 - $60567.78] | Tren 15m: BULLISH
[ANALIS-SIDEWAYS] WAIT - Lebar BB sempit (0.292%).
[2026-07-02 16:25:03] Keputusan analis: Wait
[2026-07-02 16:25:03] Validasi gagal / keputusan WAIT. Tidak ada eksekusi.
[2026-07-02 16:26:04] Siklus Menit Baru. Harga BTC Terakhir (OKX): $60570.00
[ANALIS] State: SIDEWAYS | EMA13/34: $60517.2/$60489.3 | VWAP Sesi: $60391.07 | Vol Surge: 0.0x | BB50: [$60390.46 - $60570.51] | Tren 15m: BULLISH
[ANALIS-SIDEWAYS] WAIT - Lebar BB sempit (0.297%).
[2026-07-02 16:26:04] Keputusan analis: Wait
[2026-07-02 16:26:04] Validasi gagal / keputusan WAIT. Tidak ada eksekusi.
[2026-07-02 16:27:04] Siklus Menit Baru. Harga BTC Terakhir (OKX): $60546.50
[ANALIS] State: SIDEWAYS | EMA13/34: $60518.0/$60491.2 | VWAP Sesi: $60391.11 | Vol Surge: 0.0x | BB50: [$60392.22 - $60571.51] | Tren 15m: BULLISH
[ANALIS-SIDEWAYS] WAIT - Lebar BB sempit (0.296%).
[2026-07-02 16:27:04] Keputusan analis: Wait
[2026-07-02 16:27:04] Validasi gagal / keputusan WAIT. Tidak ada eksekusi.
[2026-07-02 16:28:04] Siklus Menit Baru. Harga BTC Terakhir (OKX): $60596.90
[ANALIS] State: SIDEWAYS | EMA13/34: $60538.4/$60502.1 | VWAP Sesi: $60391.22 | Vol Surge: 0.1x | BB50: [$60385.62 - $60586.80] | Tren 15m: BULLISH
[ANALIS-SIDEWAYS] WAIT - Lebar BB sempit (0.332%).
[2026-07-02 16:28:04] Keputusan analis: Wait
[2026-07-02 16:28:04] Validasi gagal / keputusan WAIT. Tidak ada eksekusi.
[2026-07-02 16:29:04] Siklus Menit Baru. Harga BTC Terakhir (OKX): $60613.30
[ANALIS] State: BULLISH | EMA13/34: $60550.3/$60508.2 | VWAP Sesi: $60391.31 | Vol Surge: 0.0x | BB50: [$60381.80 - $60596.74] | Tren 15m: BULLISH
[DEBUG] EMA streak: 0 | EMA13: 60550.32 | EMA34: 60508.19 | Selisih: 42.13
[ANALIS-TRENDING] Quant Golden Cross (EMA13 > EMA34), Di atas VWAP ($60391.31), & Tren 15m Bullish. Sinyal BUY.
[2026-07-02 16:29:04] Keputusan analis: Buy(0.003294000164664084, "[Trending] Quant EMA13/34 Buy (Vol 0.0x)")
[2026-07-02 16:29:04] Mengeksekusi transaksi...
[2026-07-02 16:29:04] Eksekusi sukses. Saldo: $798.44, BTC: 0.0033
[2026-07-02 16:30:05] Siklus Menit Baru. Harga BTC Terakhir (OKX): $60602.10
[ANALIS] State: BULLISH | EMA13/34: $60556.3/$60512.0 | VWAP Sesi: $60391.35 | Vol Surge: 0.0x | BB50: [$60381.44 - $60602.58] | Tren 15m: BULLISH
[DEBUG] EMA streak: 0 | EMA13: 60556.32 | EMA34: 60511.99 | Selisih: 44.34
[ANALIS-TRENDING] Quant Golden Cross (EMA13 > EMA34), Di atas VWAP ($60391.35), & Tren 15m Bullish. Sinyal BUY.
[2026-07-02 16:30:05] Keputusan analis: Buy(0.0026350282267550242, "[Trending] Quant EMA13/34 Buy (Vol 0.0x)")
Mencegah transaksi berulang (Cool-down aktif). Aksi terakhir BUY pada 16:29:04 (1 menit lalu)
[2026-07-02 16:30:05] Validasi gagal / keputusan WAIT. Tidak ada eksekusi.
[2026-07-02 16:31:05] Siklus Menit Baru. Harga BTC Terakhir (OKX): $60698.10
[ANALIS] State: BULLISH | EMA13/34: $60589.2/$60528.2 | VWAP Sesi: $60392.00 | Vol Surge: 0.2x | BB50: [$60365.83 - $60632.79] | Tren 15m: BULLISH
[DEBUG] EMA streak: 0 | EMA13: 60589.22 | EMA34: 60528.23 | Selisih: 60.99
[ANALIS-TRENDING] Quant Golden Cross (EMA13 > EMA34), Di atas VWAP ($60392.00), & Tren 15m Bullish. Sinyal BUY.
[2026-07-02 16:31:05] Keputusan analis: Buy(0.0026308606711022363, "[Trending] Quant EMA13/34 Buy (Vol 0.2x)")
Mencegah transaksi berulang (Cool-down aktif). Aksi terakhir BUY pada 16:29:04 (2 menit lalu)
[2026-07-02 16:31:05] Validasi gagal / keputusan WAIT. Tidak ada eksekusi.
[2026-07-02 16:32:05] Siklus Menit Baru. Harga BTC Terakhir (OKX): $60756.40
[ANALIS] State: BULLISH | EMA13/34: $60615.7/$60542.2 | VWAP Sesi: $60392.81 | Vol Surge: 0.4x | BB50: [$60353.35 - $60658.90] | Tren 15m: BULLISH
[DEBUG] EMA streak: 0 | EMA13: 60615.75 | EMA34: 60542.16 | Selisih: 73.59
[ANALIS-TRENDING] Quant Golden Cross (EMA13 > EMA34), Di atas VWAP ($60392.81), & Tren 15m Bullish. Sinyal BUY.
[2026-07-02 16:32:05] Keputusan analis: Buy(0.0026283361769398883, "[Trending] Quant EMA13/34 Buy (Vol 0.4x)")
Mencegah transaksi berulang (Cool-down aktif). Aksi terakhir BUY pada 16:29:04 (3 menit lalu)
[2026-07-02 16:32:05] Validasi gagal / keputusan WAIT. Tidak ada eksekusi.
[2026-07-02 16:33:05] Siklus Menit Baru. Harga BTC Terakhir (OKX): $60681.80
[ANALIS] State: BULLISH | EMA13/34: $60616.0/$60546.6 | VWAP Sesi: $60393.04 | Vol Surge: 0.0x | BB50: [$60358.73 - $60660.53] | Tren 15m: BULLISH
[DEBUG] EMA streak: 0 | EMA13: 60616.03 | EMA34: 60546.57 | Selisih: 69.46
[ANALIS-TRENDING] Quant Golden Cross (EMA13 > EMA34), Di atas VWAP ($60393.04), & Tren 15m Bullish. Sinyal BUY.
[2026-07-02 16:33:05] Keputusan analis: Buy(0.002631567357933196, "[Trending] Quant EMA13/34 Buy (Vol 0.0x)")
Mencegah transaksi berulang (Cool-down aktif). Aksi terakhir BUY pada 16:29:04 (4 menit lalu)
[2026-07-02 16:33:05] Validasi gagal / keputusan WAIT. Tidak ada eksekusi.
[2026-07-02 16:34:05] Siklus Menit Baru. Harga BTC Terakhir (OKX): $60761.00
[ANALIS] State: BULLISH | EMA13/34: $60637.2/$60558.7 | VWAP Sesi: $60393.21 | Vol Surge: 0.0x | BB50: [$60350.95 - $60681.45] | Tren 15m: BULLISH
[DEBUG] EMA streak: 0 | EMA13: 60637.16 | EMA34: 60558.67 | Selisih: 78.49
[ANALIS-TRENDING] Quant Golden Cross (EMA13 > EMA34), Di atas VWAP ($60393.21), & Tren 15m Bullish. Sinyal BUY.
[2026-07-02 16:34:05] Keputusan analis: Buy(0.0026281371949215884, "[Trending] Quant EMA13/34 Buy (Vol 0.0x)")
[2026-07-02 16:34:05] Mengeksekusi transaksi...
[2026-07-02 16:34:05] Eksekusi sukses. Saldo: $638.59, BTC: 0.0059
[2026-07-02 16:35:06] Siklus Menit Baru. Harga BTC Terakhir (OKX): $60678.70
[ANALIS] State: BULLISH | EMA13/34: $60636.9/$60566.4 | VWAP Sesi: $60393.42 | Vol Surge: 0.0x | BB50: [$60355.10 - $60685.20] | Tren 15m: BULLISH
[DEBUG] EMA streak: 0 | EMA13: 60636.88 | EMA34: 60566.39 | Selisih: 70.49
[ANALIS-TRENDING] Quant Golden Cross (EMA13 > EMA34), Di atas VWAP ($60393.42), & Tren 15m Bullish. Sinyal BUY.
[2026-07-02 16:35:06] Keputusan analis: Buy(0.0021048351008127134, "[Trending] Quant EMA13/34 Buy (Vol 0.0x)")
Mencegah transaksi berulang (Cool-down aktif). Aksi terakhir BUY pada 16:34:05 (1 menit lalu)
[2026-07-02 16:35:06] Validasi gagal / keputusan WAIT. Tidak ada eksekusi.
[2026-07-02 16:36:06] Siklus Menit Baru. Harga BTC Terakhir (OKX): $60761.00
[ANALIS] State: BULLISH | EMA13/34: $60662.8/$60583.4 | VWAP Sesi: $60393.75 | Vol Surge: 0.1x | BB50: [$60343.21 - $60710.25] | Tren 15m: BULLISH
[DEBUG] EMA streak: 0 | EMA13: 60662.81 | EMA34: 60583.38 | Selisih: 79.43
[ANALIS-TRENDING] Quant Golden Cross (EMA13 > EMA34), Di atas VWAP ($60393.75), & Tren 15m Bullish. Sinyal BUY.
[2026-07-02 16:36:06] Keputusan analis: Buy(0.0021019841284982865, "[Trending] Quant EMA13/34 Buy (Vol 0.1x)")
Mencegah transaksi berulang (Cool-down aktif). Aksi terakhir BUY pada 16:34:05 (2 menit lalu)
[2026-07-02 16:36:06] Validasi gagal / keputusan WAIT. Tidak ada eksekusi.
[2026-07-02 16:37:06] Siklus Menit Baru. Harga BTC Terakhir (OKX): $60788.30
[ANALIS] State: BULLISH | EMA13/34: $60688.2/$60597.2 | VWAP Sesi: $60394.37 | Vol Surge: 0.5x | BB50: [$60329.06 - $60736.69] | Tren 15m: BULLISH
[DEBUG] EMA streak: 0 | EMA13: 60688.21 | EMA34: 60597.22 | Selisih: 90.99
[ANALIS-TRENDING] Quant Golden Cross (EMA13 > EMA34), Di atas VWAP ($60394.37), & Tren 15m Bullish. Sinyal BUY.
[2026-07-02 16:37:06] Keputusan analis: Buy(0.002101040128308974, "[Trending] Quant EMA13/34 Buy (Vol 0.5x)")
Mencegah transaksi berulang (Cool-down aktif). Aksi terakhir BUY pada 16:34:05 (3 menit lalu)
[2026-07-02 16:37:06] Validasi gagal / keputusan WAIT. Tidak ada eksekusi.
[2026-07-02 16:38:06] Siklus Menit Baru. Harga BTC Terakhir (OKX): $60776.20
[ANALIS] State: BULLISH | EMA13/34: $60699.3/$60605.6 | VWAP Sesi: $60394.99 | Vol Surge: 0.4x | BB50: [$60324.01 - $60751.52] | Tren 15m: BULLISH
[DEBUG] EMA streak: 0 | EMA13: 60699.31 | EMA34: 60605.61 | Selisih: 93.70
[ANALIS-TRENDING] Quant Golden Cross (EMA13 > EMA34), Di atas VWAP ($60394.99), & Tren 15m Bullish. Sinyal BUY.
[2026-07-02 16:38:06] Keputusan analis: Buy(0.0021014584266815695, "[Trending] Quant EMA13/34 Buy (Vol 0.4x)")
Mencegah transaksi berulang (Cool-down aktif). Aksi terakhir BUY pada 16:34:05 (4 menit lalu)
[2026-07-02 16:38:06] Validasi gagal / keputusan WAIT. Tidak ada eksekusi.
[2026-07-02 16:39:07] Siklus Menit Baru. Harga BTC Terakhir (OKX): $60793.70
[ANALIS] State: BULLISH | EMA13/34: $60719.2/$60620.5 | VWAP Sesi: $60396.15 | Vol Surge: 0.0x | BB50: [$60314.98 - $60774.48] | Tren 15m: BULLISH
[DEBUG] EMA streak: 0 | EMA13: 60719.16 | EMA34: 60620.54 | Selisih: 98.62
[ANALIS-TRENDING] Quant Golden Cross (EMA13 > EMA34), Di atas VWAP ($60396.15), & Tren 15m Bullish. Sinyal BUY.
[2026-07-02 16:39:07] Keputusan analis: Buy(0.0021008535034334874, "[Trending] Quant EMA13/34 Buy (Vol 0.0x)")
[2026-07-02 16:39:07] Mengeksekusi transaksi...
[2026-07-02 16:39:07] Eksekusi sukses. Saldo: $510.75, BTC: 0.0080
[2026-07-02 16:40:07] Siklus Menit Baru. Harga BTC Terakhir (OKX): $60894.10
[ANALIS] State: BULLISH | EMA13/34: $60760.7/$60641.8 | VWAP Sesi: $60400.67 | Vol Surge: 0.3x | BB50: [$60292.14 - $60817.57] | Tren 15m: BULLISH
[DEBUG] EMA streak: 0 | EMA13: 60760.74 | EMA34: 60641.84 | Selisih: 118.91
[ANALIS-TRENDING] Quant Golden Cross (EMA13 > EMA34), Di atas VWAP ($60400.67), & Tren 15m Bullish. Sinyal BUY.
[2026-07-02 16:40:07] Keputusan analis: Buy(0.0016774922755048713, "[Trending] Quant EMA13/34 Buy (Vol 0.3x)")
Mencegah transaksi berulang (Cool-down aktif). Aksi terakhir BUY pada 16:39:07 (1 menit lalu)
[2026-07-02 16:40:07] Validasi gagal / keputusan WAIT. Tidak ada eksekusi.
[2026-07-02 16:41:07] Siklus Menit Baru. Harga BTC Terakhir (OKX): $60959.20
[ANALIS] State: BULLISH | EMA13/34: $60795.9/$60663.7 | VWAP Sesi: $60402.48 | Vol Surge: 0.6x | BB50: [$60274.41 - $60856.20] | Tren 15m: BULLISH
[DEBUG] EMA streak: 0 | EMA13: 60795.93 | EMA34: 60663.73 | Selisih: 132.21
[ANALIS-TRENDING] Quant Golden Cross (EMA13 > EMA34), Di atas VWAP ($60402.48), & Tren 15m Bullish. Sinyal BUY.
[2026-07-02 16:41:07] Keputusan analis: Buy(0.0016757008355395278, "[Trending] Quant EMA13/34 Buy (Vol 0.6x)")
Mencegah transaksi berulang (Cool-down aktif). Aksi terakhir BUY pada 16:39:07 (2 menit lalu)
[2026-07-02 16:41:07] Validasi gagal / keputusan WAIT. Tidak ada eksekusi.
[2026-07-02 16:42:07] Siklus Menit Baru. Harga BTC Terakhir (OKX): $61079.90
[ANALIS] State: BULLISH | EMA13/34: $60843.9/$60692.1 | VWAP Sesi: $60406.63 | Vol Surge: 0.6x | BB50: [$60247.88 - $60908.11] | Tren 15m: BULLISH
[DEBUG] EMA streak: 0 | EMA13: 60843.86 | EMA34: 60692.11 | Selisih: 151.75
[ANALIS-TRENDING] Quant Golden Cross (EMA13 > EMA34), Di atas VWAP ($60406.63), & Tren 15m Bullish. Sinyal BUY.
[2026-07-02 16:42:07] Keputusan analis: Buy(0.0016723894828547718, "[Trending] Quant EMA13/34 Buy (Vol 0.6x)")
Mencegah transaksi berulang (Cool-down aktif). Aksi terakhir BUY pada 16:39:07 (3 menit lalu)
[2026-07-02 16:42:07] Validasi gagal / keputusan WAIT. Tidak ada eksekusi.
[2026-07-02 16:43:07] Siklus Menit Baru. Harga BTC Terakhir (OKX): $61075.00
[ANALIS] State: BULLISH | EMA13/34: $60879.0/$60714.7 | VWAP Sesi: $60411.95 | Vol Surge: 0.4x | BB50: [$60229.36 - $60949.06] | Tren 15m: BULLISH
[DEBUG] EMA streak: 0 | EMA13: 60879.05 | EMA34: 60714.74 | Selisih: 164.31
[ANALIS-TRENDING] Quant Golden Cross (EMA13 > EMA34), Di atas VWAP ($60411.95), & Tren 15m Bullish. Sinyal BUY.
[2026-07-02 16:43:07] Keputusan analis: Buy(0.0016725236573691556, "[Trending] Quant EMA13/34 Buy (Vol 0.4x)")
Mencegah transaksi berulang (Cool-down aktif). Aksi terakhir BUY pada 16:39:07 (4 menit lalu)
[2026-07-02 16:43:07] Validasi gagal / keputusan WAIT. Tidak ada eksekusi.
[2026-07-02 16:44:08] Siklus Menit Baru. Harga BTC Terakhir (OKX): $61032.50
[ANALIS] State: BULLISH | EMA13/34: $60892.4/$60729.0 | VWAP Sesi: $60413.93 | Vol Surge: 1.0x | BB50: [$60224.32 - $60971.48] | Tren 15m: BULLISH
[DEBUG] EMA streak: 0 | EMA13: 60892.40 | EMA34: 60728.99 | Selisih: 163.41
[ANALIS-TRENDING] Quant Golden Cross (EMA13 > EMA34), Di atas VWAP ($60413.93), & Tren 15m Bullish. Sinyal BUY.
[2026-07-02 16:44:08] Keputusan analis: Buy(0.0016736883197283608, "[Trending] Quant EMA13/34 Buy (Vol 1.0x)")
Max pyramiding (3 layer) tercapai. Tunggu siklus selesai (posisi aktif saat ini: 3).
[2026-07-02 16:44:08] Validasi gagal / keputusan WAIT. Tidak ada eksekusi.
[2026-07-02 16:45:08] Siklus Menit Baru. Harga BTC Terakhir (OKX): $61050.00
[ANALIS] State: BULLISH | EMA13/34: $60920.6/$60749.0 | VWAP Sesi: $60417.41 | Vol Surge: 0.2x | BB50: [$60211.33 - $61007.33] | Tren 15m: BULLISH
[DEBUG] EMA streak: 0 | EMA13: 60920.64 | EMA34: 60748.99 | Selisih: 171.65
[ANALIS-TRENDING] Quant Golden Cross (EMA13 > EMA34), Di atas VWAP ($60417.41), & Tren 15m Bullish. Sinyal BUY.
[2026-07-02 16:45:08] Keputusan analis: Buy(0.0016732085564917475, "[Trending] Quant EMA13/34 Buy (Vol 0.2x)")
Max pyramiding (3 layer) tercapai. Tunggu siklus selesai (posisi aktif saat ini: 3).
[2026-07-02 16:45:08] Validasi gagal / keputusan WAIT. Tidak ada eksekusi.
[2026-07-02 16:46:08] Siklus Menit Baru. Harga BTC Terakhir (OKX): $60900.30
[ANALIS] State: BULLISH | EMA13/34: $60900.4/$60749.5 | VWAP Sesi: $60417.94 | Vol Surge: 0.3x | BB50: [$60219.48 - $61009.16] | Tren 15m: BULLISH
[DEBUG] EMA streak: 0 | EMA13: 60900.39 | EMA34: 60749.46 | Selisih: 150.93
[ANALIS-TRENDING] Quant Golden Cross (EMA13 > EMA34), Di atas VWAP ($60417.94), & Tren 15m Bullish. Sinyal BUY.
[2026-07-02 16:46:08] Keputusan analis: Buy(0.0016773214971653864, "[Trending] Quant EMA13/34 Buy (Vol 0.3x)")
Max pyramiding (3 layer) tercapai. Tunggu siklus selesai (posisi aktif saat ini: 3).
[2026-07-02 16:46:08] Validasi gagal / keputusan WAIT. Tidak ada eksekusi.
[2026-07-02 16:47:08] Siklus Menit Baru. Harga BTC Terakhir (OKX): $60986.10
[ANALIS] State: BULLISH | EMA13/34: $60908.3/$60761.6 | VWAP Sesi: $60418.59 | Vol Surge: 0.5x | BB50: [$60218.40 - $61028.36] | Tren 15m: BULLISH
[DEBUG] EMA streak: 0 | EMA13: 60908.34 | EMA34: 60761.64 | Selisih: 146.71
[ANALIS-TRENDING] Quant Golden Cross (EMA13 > EMA34), Di atas VWAP ($60418.59), & Tren 15m Bullish. Sinyal BUY.
[2026-07-02 16:47:08] Keputusan analis: Buy(0.00167496171051799, "[Trending] Quant EMA13/34 Buy (Vol 0.5x)")
Max pyramiding (3 layer) tercapai. Tunggu siklus selesai (posisi aktif saat ini: 3).
[2026-07-02 16:47:08] Validasi gagal / keputusan WAIT. Tidak ada eksekusi.
[2026-07-02 16:48:08] Siklus Menit Baru. Harga BTC Terakhir (OKX): $60975.00
[ANALIS] State: BULLISH | EMA13/34: $60917.4/$60773.9 | VWAP Sesi: $60420.13 | Vol Surge: 0.2x | BB50: [$60217.57 - $61047.68] | Tren 15m: BULLISH
[DEBUG] EMA streak: 0 | EMA13: 60917.37 | EMA34: 60773.86 | Selisih: 143.51
[ANALIS-TRENDING] Quant Golden Cross (EMA13 > EMA34), Di atas VWAP ($60420.13), & Tren 15m Bullish. Sinyal BUY.
[2026-07-02 16:48:08] Keputusan analis: Buy(0.0016752666235969034, "[Trending] Quant EMA13/34 Buy (Vol 0.2x)")
Max pyramiding (3 layer) tercapai. Tunggu siklus selesai (posisi aktif saat ini: 3).
[2026-07-02 16:48:08] Validasi gagal / keputusan WAIT. Tidak ada eksekusi.
[2026-07-02 16:49:09] Siklus Menit Baru. Harga BTC Terakhir (OKX): $61027.70
[ANALIS] State: BULLISH | EMA13/34: $60936.6/$60787.2 | VWAP Sesi: $60422.53 | Vol Surge: 0.1x | BB50: [$60213.45 - $61073.66] | Tren 15m: BULLISH
[DEBUG] EMA streak: 0 | EMA13: 60936.62 | EMA34: 60787.24 | Selisih: 149.38
[ANALIS-TRENDING] Quant Golden Cross (EMA13 > EMA34), Di atas VWAP ($60422.53), & Tren 15m Bullish. Sinyal BUY.
[2026-07-02 16:49:09] Keputusan analis: Buy(0.0016738199600152257, "[Trending] Quant EMA13/34 Buy (Vol 0.1x)")
Max pyramiding (3 layer) tercapai. Tunggu siklus selesai (posisi aktif saat ini: 3).
[2026-07-02 16:49:09] Validasi gagal / keputusan WAIT. Tidak ada eksekusi.
[2026-07-02 16:50:09] Siklus Menit Baru. Harga BTC Terakhir (OKX): $61055.50
[ANALIS] State: BULLISH | EMA13/34: $60958.6/$60806.3 | VWAP Sesi: $60423.57 | Vol Surge: 0.1x | BB50: [$60211.56 - $61101.02] | Tren 15m: BULLISH
[DEBUG] EMA streak: 0 | EMA13: 60958.58 | EMA34: 60806.28 | Selisih: 152.31
[ANALIS-TRENDING] Quant Golden Cross (EMA13 > EMA34), Di atas VWAP ($60423.57), & Tren 15m Bullish. Sinyal BUY.
[2026-07-02 16:50:09] Keputusan analis: Buy(0.0016730578305610663, "[Trending] Quant EMA13/34 Buy (Vol 0.1x)")
Max pyramiding (3 layer) tercapai. Tunggu siklus selesai (posisi aktif saat ini: 3).
[2026-07-02 16:50:09] Validasi gagal / keputusan WAIT. Tidak ada eksekusi.
[2026-07-02 16:51:09] Siklus Menit Baru. Harga BTC Terakhir (OKX): $61023.90
[ANALIS] State: BULLISH | EMA13/34: $60965.3/$60818.3 | VWAP Sesi: $60425.86 | Vol Surge: 0.2x | BB50: [$60214.23 - $61118.89] | Tren 15m: BULLISH
[DEBUG] EMA streak: 0 | EMA13: 60965.28 | EMA34: 60818.31 | Selisih: 146.97
[ANALIS-TRENDING] Quant Golden Cross (EMA13 > EMA34), Di atas VWAP ($60425.86), & Tren 15m Bullish. Sinyal BUY.
[2026-07-02 16:51:09] Keputusan analis: Buy(0.001673924189929211, "[Trending] Quant EMA13/34 Buy (Vol 0.2x)")
Max pyramiding (3 layer) tercapai. Tunggu siklus selesai (posisi aktif saat ini: 3).
[2026-07-02 16:51:09] Validasi gagal / keputusan WAIT. Tidak ada eksekusi.
[2026-07-02 16:52:09] Siklus Menit Baru. Harga BTC Terakhir (OKX): $61134.60
[ANALIS] State: BULLISH | EMA13/34: $60998.9/$60840.2 | VWAP Sesi: $60427.83 | Vol Surge: 0.3x | BB50: [$60207.34 - $61154.16] | Tren 15m: BULLISH
[DEBUG] EMA streak: 0 | EMA13: 60998.93 | EMA34: 60840.15 | Selisih: 158.77
[ANALIS-TRENDING] Quant Golden Cross (EMA13 > EMA34), Di atas VWAP ($60427.83), & Tren 15m Bullish. Sinyal BUY.
[2026-07-02 16:52:09] Keputusan analis: Buy(0.0016708931173806843, "[Trending] Quant EMA13/34 Buy (Vol 0.3x)")
Max pyramiding (3 layer) tercapai. Tunggu siklus selesai (posisi aktif saat ini: 3).
[2026-07-02 16:52:09] Validasi gagal / keputusan WAIT. Tidak ada eksekusi.
[2026-07-02 16:53:09] Siklus Menit Baru. Harga BTC Terakhir (OKX): $61245.30
[ANALIS] State: BULLISH | EMA13/34: $61042.2/$60865.8 | VWAP Sesi: $60431.50 | Vol Surge: 1.6x | BB50: [$60196.20 - $61197.94] | Tren 15m: BULLISH
[DEBUG] EMA streak: 0 | EMA13: 61042.17 | EMA34: 60865.81 | Selisih: 176.36
[ANALIS-TRENDING] Quant Golden Cross (EMA13 > EMA34), Di atas VWAP ($60431.50), & Tren 15m Bullish. Sinyal BUY.
[2026-07-02 16:53:09] Keputusan analis: Buy(0.0016678730020723415, "[Trending] Quant EMA13/34 Buy (Vol 1.6x)")
Max pyramiding (3 layer) tercapai. Tunggu siklus selesai (posisi aktif saat ini: 3).
[2026-07-02 16:53:09] Validasi gagal / keputusan WAIT. Tidak ada eksekusi.
[2026-07-02 16:54:09] Siklus Menit Baru. Harga BTC Terakhir (OKX): $61250.70
[ANALIS] State: BULLISH | EMA13/34: $61084.8/$60892.3 | VWAP Sesi: $60439.43 | Vol Surge: 0.9x | BB50: [$60185.41 - $61243.87] | Tren 15m: BULLISH
[DEBUG] EMA streak: 0 | EMA13: 61084.77 | EMA34: 60892.26 | Selisih: 192.52
[ANALIS-TRENDING] Quant Golden Cross (EMA13 > EMA34), Di atas VWAP ($60439.43), & Tren 15m Bullish. Sinyal BUY.
[2026-07-02 16:54:09] Keputusan analis: Buy(0.0016677259586228596, "[Trending] Quant EMA13/34 Buy (Vol 0.9x)")
Max pyramiding (3 layer) tercapai. Tunggu siklus selesai (posisi aktif saat ini: 3).
[2026-07-02 16:54:09] Validasi gagal / keputusan WAIT. Tidak ada eksekusi.
[2026-07-02 16:55:10] Siklus Menit Baru. Harga BTC Terakhir (OKX): $61376.40
[ANALIS] State: BULLISH | EMA13/34: $61125.2/$60917.1 | VWAP Sesi: $60441.78 | Vol Surge: 0.4x | BB50: [$60178.47 - $61287.63] | Tren 15m: BULLISH
[DEBUG] EMA streak: 0 | EMA13: 61125.17 | EMA34: 60917.11 | Selisih: 208.06
[ANALIS-TRENDING] Quant Golden Cross (EMA13 > EMA34), Di atas VWAP ($60441.78), & Tren 15m Bullish. Sinyal BUY.
[2026-07-02 16:55:10] Keputusan analis: Buy(0.00166431042507904, "[Trending] Quant EMA13/34 Buy (Vol 0.4x)")
Max pyramiding (3 layer) tercapai. Tunggu siklus selesai (posisi aktif saat ini: 3).
[2026-07-02 16:55:10] Validasi gagal / keputusan WAIT. Tidak ada eksekusi.
[2026-07-02 16:56:10] Siklus Menit Baru. Harga BTC Terakhir (OKX): $61419.10
[ANALIS] State: BULLISH | EMA13/34: $61174.4/$60949.8 | VWAP Sesi: $60447.35 | Vol Surge: 0.6x | BB50: [$60170.81 - $61338.20] | Tren 15m: BULLISH
[DEBUG] EMA streak: 0 | EMA13: 61174.39 | EMA34: 60949.77 | Selisih: 224.63
[ANALIS-TRENDING] Quant Golden Cross (EMA13 > EMA34), Di atas VWAP ($60447.35), & Tren 15m Bullish. Sinyal BUY.
[2026-07-02 16:56:10] Keputusan analis: Buy(0.001663153357405452, "[Trending] Quant EMA13/34 Buy (Vol 0.6x)")
Max pyramiding (3 layer) tercapai. Tunggu siklus selesai (posisi aktif saat ini: 3).
[2026-07-02 16:56:10] Validasi gagal / keputusan WAIT. Tidak ada eksekusi.
[2026-07-02 16:57:10] Siklus Menit Baru. Harga BTC Terakhir (OKX): $61274.80
[ANALIS] State: BULLISH | EMA13/34: $61170.0/$60960.4 | VWAP Sesi: $60449.10 | Vol Surge: 0.1x | BB50: [$60186.94 - $61350.11] | Tren 15m: BULLISH
[DEBUG] EMA streak: 0 | EMA13: 61170.03 | EMA34: 60960.44 | Selisih: 209.59
[ANALIS-TRENDING] Quant Golden Cross (EMA13 > EMA34), Di atas VWAP ($60449.10), & Tren 15m Bullish. Sinyal BUY.
[2026-07-02 16:57:10] Keputusan analis: Buy(0.0016670700250971228, "[Trending] Quant EMA13/34 Buy (Vol 0.1x)")
Max pyramiding (3 layer) tercapai. Tunggu siklus selesai (posisi aktif saat ini: 3).
[2026-07-02 16:57:10] Validasi gagal / keputusan WAIT. Tidak ada eksekusi.
[2026-07-02 16:58:10] Siklus Menit Baru. Harga BTC Terakhir (OKX): $61257.60
[ANALIS] State: BULLISH | EMA13/34: $61180.4/$60974.8 | VWAP Sesi: $60449.92 | Vol Surge: 0.0x | BB50: [$60196.91 - $61372.64] | Tren 15m: BULLISH
[DEBUG] EMA streak: 0 | EMA13: 61180.37 | EMA34: 60974.83 | Selisih: 205.54
[ANALIS-TRENDING] Quant Golden Cross (EMA13 > EMA34), Di atas VWAP ($60449.92), & Tren 15m Bullish. Sinyal BUY.
[2026-07-02 16:58:10] Keputusan analis: Buy(0.0016675381074972115, "[Trending] Quant EMA13/34 Buy (Vol 0.0x)")
Max pyramiding (3 layer) tercapai. Tunggu siklus selesai (posisi aktif saat ini: 3).
[2026-07-02 16:58:10] Validasi gagal / keputusan WAIT. Tidak ada eksekusi.
[2026-07-02 16:59:10] Siklus Menit Baru. Harga BTC Terakhir (OKX): $61223.40
[ANALIS] State: BULLISH | EMA13/34: $61181.7/$60987.1 | VWAP Sesi: $60451.27 | Vol Surge: 0.1x | BB50: [$60213.12 - $61387.95] | Tren 15m: BULLISH
[DEBUG] EMA streak: 0 | EMA13: 61181.72 | EMA34: 60987.13 | Selisih: 194.59
[ANALIS-TRENDING] Quant Golden Cross (EMA13 > EMA34), Di atas VWAP ($60451.27), & Tren 15m Bullish. Sinyal BUY.
[2026-07-02 16:59:10] Keputusan analis: Buy(0.0016684696108648193, "[Trending] Quant EMA13/34 Buy (Vol 0.1x)")
Max pyramiding (3 layer) tercapai. Tunggu siklus selesai (posisi aktif saat ini: 3).
[2026-07-02 16:59:10] Validasi gagal / keputusan WAIT. Tidak ada eksekusi.
[2026-07-02 17:00:11] Siklus Menit Baru. Harga BTC Terakhir (OKX): $61156.50
[ANALIS] State: BULLISH | EMA13/34: $61173.1/$60996.1 | VWAP Sesi: $60452.35 | Vol Surge: 0.1x | BB50: [$60232.74 - $61396.91] | Tren 15m: BULLISH
[DEBUG] EMA streak: 0 | EMA13: 61173.10 | EMA34: 60996.13 | Selisih: 176.97
[ANALIS-TRENDING] Quant Golden Cross (EMA13 > EMA34), Di atas VWAP ($60452.35), & Tren 15m Bullish. Sinyal BUY.
[2026-07-02 17:00:11] Keputusan analis: Buy(0.001670294774452776, "[Trending] Quant EMA13/34 Buy (Vol 0.1x)")
Max pyramiding (3 layer) tercapai. Tunggu siklus selesai (posisi aktif saat ini: 3).
[2026-07-02 17:00:11] Validasi gagal / keputusan WAIT. Tidak ada eksekusi.
[2026-07-02 17:01:11] Siklus Menit Baru. Harga BTC Terakhir (OKX): $61114.30
[ANALIS] State: BULLISH | EMA13/34: $61158.5/$61002.3 | VWAP Sesi: $60452.76 | Vol Surge: 0.1x | BB50: [$60252.28 - $61402.71] | Tren 15m: BULLISH
[DEBUG] EMA streak: 0 | EMA13: 61158.49 | EMA34: 61002.30 | Selisih: 156.19
[ANALIS-TRENDING] Quant Golden Cross (EMA13 > EMA34), Di atas VWAP ($60452.76), & Tren 15m Bullish. Sinyal BUY.
[2026-07-02 17:01:11] Keputusan analis: Buy(0.0016714481287329018, "[Trending] Quant EMA13/34 Buy (Vol 0.1x)")
Max pyramiding (3 layer) tercapai. Tunggu siklus selesai (posisi aktif saat ini: 3).
[2026-07-02 17:01:11] Validasi gagal / keputusan WAIT. Tidak ada eksekusi.
[2026-07-02 17:02:11] Siklus Menit Baru. Harga BTC Terakhir (OKX): $61136.40
[ANALIS] State: BULLISH | EMA13/34: $61158.6/$61012.1 | VWAP Sesi: $60453.37 | Vol Surge: 0.0x | BB50: [$60267.91 - $61414.76] | Tren 15m: BULLISH
[DEBUG] EMA streak: 0 | EMA13: 61158.56 | EMA34: 61012.14 | Selisih: 146.42
[ANALIS-TRENDING] Quant Golden Cross (EMA13 > EMA34), Di atas VWAP ($60453.37), & Tren 15m Bullish. Sinyal BUY.
[2026-07-02 17:02:11] Keputusan analis: Buy(0.0016708439223412105, "[Trending] Quant EMA13/34 Buy (Vol 0.0x)")
Max pyramiding (3 layer) tercapai. Tunggu siklus selesai (posisi aktif saat ini: 3).
[2026-07-02 17:02:11] Validasi gagal / keputusan WAIT. Tidak ada eksekusi.
[2026-07-02 17:03:11] Siklus Menit Baru. Harga BTC Terakhir (OKX): $61152.30
[ANALIS] State: BULLISH | EMA13/34: $61158.2/$61019.4 | VWAP Sesi: $60454.80 | Vol Surge: 0.1x | BB50: [$60283.90 - $61425.58] | Tren 15m: BULLISH
[DEBUG] EMA streak: 0 | EMA13: 61158.22 | EMA34: 61019.40 | Selisih: 138.81
[ANALIS-TRENDING] Quant Golden Cross (EMA13 > EMA34), Di atas VWAP ($60454.80), & Tren 15m Bullish. Sinyal BUY.
[2026-07-02 17:03:11] Keputusan analis: Buy(0.0016704094919376897, "[Trending] Quant EMA13/34 Buy (Vol 0.1x)")
Max pyramiding (3 layer) tercapai. Tunggu siklus selesai (posisi aktif saat ini: 3).
[2026-07-02 17:03:11] Validasi gagal / keputusan WAIT. Tidak ada eksekusi.
[2026-07-02 17:04:11] Siklus Menit Baru. Harga BTC Terakhir (OKX): $61132.40
[ANALIS] State: BULLISH | EMA13/34: $61149.2/$61022.5 | VWAP Sesi: $60455.69 | Vol Surge: 0.2x | BB50: [$60303.77 - $61430.56] | Tren 15m: BULLISH
[DEBUG] EMA streak: 0 | EMA13: 61149.18 | EMA34: 61022.54 | Selisih: 126.64
[ANALIS-TRENDING] Quant Golden Cross (EMA13 > EMA34), Di atas VWAP ($60455.69), & Tren 15m Bullish. Sinyal BUY.
[2026-07-02 17:04:11] Keputusan analis: Buy(0.001670953248585385, "[Trending] Quant EMA13/34 Buy (Vol 0.2x)")
Max pyramiding (3 layer) tercapai. Tunggu siklus selesai (posisi aktif saat ini: 3).
[2026-07-02 17:04:11] Validasi gagal / keputusan WAIT. Tidak ada eksekusi.
[2026-07-02 17:05:12] Siklus Menit Baru. Harga BTC Terakhir (OKX): $61082.60
[ANALIS] State: BULLISH | EMA13/34: $61136.1/$61023.8 | VWAP Sesi: $60457.09 | Vol Surge: 0.0x | BB50: [$60326.66 - $61431.84] | Tren 15m: BULLISH
[DEBUG] EMA streak: 0 | EMA13: 61136.05 | EMA34: 61023.79 | Selisih: 112.26
[ANALIS-TRENDING] Quant Golden Cross (EMA13 > EMA34), Di atas VWAP ($60457.09), & Tren 15m Bullish. Sinyal BUY.
[2026-07-02 17:05:12] Keputusan analis: Buy(0.0016723155591579465, "[Trending] Quant EMA13/34 Buy (Vol 0.0x)")
Max pyramiding (3 layer) tercapai. Tunggu siklus selesai (posisi aktif saat ini: 3).
[2026-07-02 17:05:12] Validasi gagal / keputusan WAIT. Tidak ada eksekusi.
[2026-07-02 17:06:12] Siklus Menit Baru. Harga BTC Terakhir (OKX): $61111.00
[ANALIS] State: BULLISH | EMA13/34: $61131.5/$61029.3 | VWAP Sesi: $60457.61 | Vol Surge: 0.0x | BB50: [$60351.17 - $61433.94] | Tren 15m: BULLISH
[DEBUG] EMA streak: 0 | EMA13: 61131.51 | EMA34: 61029.33 | Selisih: 102.18
[ANALIS-TRENDING] Quant Golden Cross (EMA13 > EMA34), Di atas VWAP ($60457.61), & Tren 15m Bullish. Sinyal BUY.
[2026-07-02 17:06:12] Keputusan analis: Buy(0.0016715383870959594, "[Trending] Quant EMA13/34 Buy (Vol 0.0x)")
Max pyramiding (3 layer) tercapai. Tunggu siklus selesai (posisi aktif saat ini: 3).
[2026-07-02 17:06:12] Validasi gagal / keputusan WAIT. Tidak ada eksekusi.
[2026-07-02 17:07:12] Siklus Menit Baru. Harga BTC Terakhir (OKX): $61109.10
[ANALIS] State: BULLISH | EMA13/34: $61128.4/$61034.3 | VWAP Sesi: $60457.84 | Vol Surge: 0.0x | BB50: [$60375.55 - $61435.66] | Tren 15m: BEARISH
[DEBUG] EMA streak: 0 | EMA13: 61128.38 | EMA34: 61034.29 | Selisih: 94.09
[ANALIS-TRENDING] Menunggu konfirmasi streak 2 menit. Saat ini: 1 menit.
[2026-07-02 17:07:12] Keputusan analis: Wait
[2026-07-02 17:07:12] Validasi gagal / keputusan WAIT. Tidak ada eksekusi.
[2026-07-02 17:08:12] Siklus Menit Baru. Harga BTC Terakhir (OKX): $61114.60
[ANALIS] State: BULLISH | EMA13/34: $61128.7/$61039.1 | VWAP Sesi: $60458.39 | Vol Surge: 0.0x | BB50: [$60400.57 - $61437.41] | Tren 15m: BEARISH
[DEBUG] EMA streak: 1 | EMA13: 61128.66 | EMA34: 61039.11 | Selisih: 89.55
[ANALIS-TRENDING] Sinyal melemah/Death Cross terkonfirmasi 2 menit berturut. Sinyal SELL.
[2026-07-02 17:08:12] Keputusan analis: Sell(0.00802299086301916, "[Trending] Quant EMA13/34 Sell Confirmed (2m streak)")
[2026-07-02 17:08:12] Mengeksekusi transaksi...
[2026-07-02 17:08:12] Eksekusi sukses. Saldo: $1000.58, BTC: 0.0000
[2026-07-02 17:09:12] Siklus Menit Baru. Harga BTC Terakhir (OKX): $61105.20
[ANALIS] State: BULLISH | EMA13/34: $61125.6/$61044.0 | VWAP Sesi: $60458.83 | Vol Surge: 0.1x | BB50: [$60428.88 - $61435.40] | Tren 15m: BEARISH
[DEBUG] EMA streak: 0 | EMA13: 61125.56 | EMA34: 61043.97 | Selisih: 81.59
[2026-07-02 17:09:12] Keputusan analis: Wait
[2026-07-02 17:09:12] Validasi gagal / keputusan WAIT. Tidak ada eksekusi.
[2026-07-02 17:10:12] Siklus Menit Baru. Harga BTC Terakhir (OKX): $61052.40
[ANALIS] State: BULLISH | EMA13/34: $61109.6/$61044.5 | VWAP Sesi: $60459.43 | Vol Surge: 0.1x | BB50: [$60457.51 - $61428.35] | Tren 15m: BEARISH
[DEBUG] EMA streak: 0 | EMA13: 61109.59 | EMA34: 61044.54 | Selisih: 65.05
[2026-07-02 17:10:12] Keputusan analis: Wait
[2026-07-02 17:10:12] Validasi gagal / keputusan WAIT. Tidak ada eksekusi.
[2026-07-02 17:11:13] Siklus Menit Baru. Harga BTC Terakhir (OKX): $61141.10
[ANALIS] State: BULLISH | EMA13/34: $61126.8/$61057.4 | VWAP Sesi: $60461.43 | Vol Surge: 0.1x | BB50: [$60482.11 - $61432.90] | Tren 15m: BEARISH
[DEBUG] EMA streak: 0 | EMA13: 61126.77 | EMA34: 61057.38 | Selisih: 69.39
[2026-07-02 17:11:13] Keputusan analis: Wait
[2026-07-02 17:11:13] Validasi gagal / keputusan WAIT. Tidak ada eksekusi.
[2026-07-02 17:12:13] Siklus Menit Baru. Harga BTC Terakhir (OKX): $61114.70
[ANALIS] State: BULLISH | EMA13/34: $61123.7/$61059.7 | VWAP Sesi: $60461.59 | Vol Surge: 0.0x | BB50: [$60506.20 - $61430.99] | Tren 15m: BEARISH
[DEBUG] EMA streak: 0 | EMA13: 61123.66 | EMA34: 61059.75 | Selisih: 63.91
[2026-07-02 17:12:13] Keputusan analis: Wait
[2026-07-02 17:12:13] Validasi gagal / keputusan WAIT. Tidak ada eksekusi.
[2026-07-02 17:13:13] Siklus Menit Baru. Harga BTC Terakhir (OKX): $61168.40
[ANALIS] State: BULLISH | EMA13/34: $61133.9/$61069.7 | VWAP Sesi: $60462.17 | Vol Surge: 0.2x | BB50: [$60531.55 - $61431.89] | Tren 15m: BEARISH
[DEBUG] EMA streak: 0 | EMA13: 61133.90 | EMA34: 61069.72 | Selisih: 64.18
[2026-07-02 17:13:13] Keputusan analis: Wait
[2026-07-02 17:13:13] Validasi gagal / keputusan WAIT. Tidak ada eksekusi.
[2026-07-02 17:14:13] Siklus Menit Baru. Harga BTC Terakhir (OKX): $61197.20
[ANALIS] State: BULLISH | EMA13/34: $61148.5/$61078.3 | VWAP Sesi: $60463.77 | Vol Surge: 0.2x | BB50: [$60553.95 - $61435.90] | Tren 15m: BULLISH
[DEBUG] EMA streak: 0 | EMA13: 61148.53 | EMA34: 61078.32 | Selisih: 70.21
[ANALIS-TRENDING] Quant Golden Cross (EMA13 > EMA34), Di atas VWAP ($60463.77), & Tren 15m Bullish. Sinyal BUY.
[2026-07-02 17:14:13] Keputusan analis: Buy(0.003270013880990567, "[Trending] Quant EMA13/34 Buy (Vol 0.2x)")
[2026-07-02 17:14:13] Mengeksekusi transaksi...
[2026-07-02 17:14:13] Eksekusi sukses. Saldo: $800.26, BTC: 0.0033
[2026-07-02 17:15:13] Siklus Menit Baru. Harga BTC Terakhir (OKX): $61229.10
[ANALIS] State: BULLISH | EMA13/34: $61164.1/$61087.7 | VWAP Sesi: $60464.37 | Vol Surge: 0.0x | BB50: [$60579.82 - $61438.09] | Tren 15m: BULLISH
[DEBUG] EMA streak: 0 | EMA13: 61164.11 | EMA34: 61087.75 | Selisih: 76.36
[ANALIS-TRENDING] Quant Golden Cross (EMA13 > EMA34), Di atas VWAP ($60464.37), & Tren 15m Bullish. Sinyal BUY.
[2026-07-02 17:15:13] Keputusan analis: Buy(0.002613994516390232, "[Trending] Quant EMA13/34 Buy (Vol 0.0x)")
Mencegah transaksi berulang (Cool-down aktif). Aksi terakhir BUY pada 17:14:13 (1 menit lalu)
[2026-07-02 17:15:13] Validasi gagal / keputusan WAIT. Tidak ada eksekusi.
[2026-07-02 17:16:14] Siklus Menit Baru. Harga BTC Terakhir (OKX): $61286.40
[ANALIS] State: BULLISH | EMA13/34: $61183.1/$61103.3 | VWAP Sesi: $60464.94 | Vol Surge: 0.3x | BB50: [$60608.83 - $61439.32] | Tren 15m: BULLISH
[DEBUG] EMA streak: 0 | EMA13: 61183.12 | EMA34: 61103.32 | Selisih: 79.80
[ANALIS-TRENDING] Quant Golden Cross (EMA13 > EMA34), Di atas VWAP ($60464.94), & Tren 15m Bullish. Sinyal BUY.
[2026-07-02 17:16:14] Keputusan analis: Buy(0.002611550550260892, "[Trending] Quant EMA13/34 Buy (Vol 0.3x)")
Mencegah transaksi berulang (Cool-down aktif). Aksi terakhir BUY pada 17:14:13 (2 menit lalu)
[2026-07-02 17:16:14] Validasi gagal / keputusan WAIT. Tidak ada eksekusi.
[2026-07-02 17:17:14] Siklus Menit Baru. Harga BTC Terakhir (OKX): $61143.50
[ANALIS] State: BULLISH | EMA13/34: $61157.0/$61097.0 | VWAP Sesi: $60466.10 | Vol Surge: 0.3x | BB50: [$60637.99 - $61424.82] | Tren 15m: BULLISH
[DEBUG] EMA streak: 0 | EMA13: 61157.03 | EMA34: 61096.96 | Selisih: 60.07
[ANALIS-TRENDING] Quant Golden Cross (EMA13 > EMA34), Di atas VWAP ($60466.10), & Tren 15m Bullish. Sinyal BUY.
[2026-07-02 17:17:14] Keputusan analis: Buy(0.002617654070236561, "[Trending] Quant EMA13/34 Buy (Vol 0.3x)")
Mencegah transaksi berulang (Cool-down aktif). Aksi terakhir BUY pada 17:14:13 (3 menit lalu)
[2026-07-02 17:17:14] Validasi gagal / keputusan WAIT. Tidak ada eksekusi.
[2026-07-02 17:18:14] Siklus Menit Baru. Harga BTC Terakhir (OKX): $61156.90
[ANALIS] State: BULLISH | EMA13/34: $61160.6/$61101.2 | VWAP Sesi: $60467.14 | Vol Surge: 0.2x | BB50: [$60665.54 - $61420.05] | Tren 15m: BULLISH
[DEBUG] EMA streak: 0 | EMA13: 61160.62 | EMA34: 61101.21 | Selisih: 59.42
[ANALIS-TRENDING] Quant Golden Cross (EMA13 > EMA34), Di atas VWAP ($60467.14), & Tren 15m Bullish. Sinyal BUY.
[2026-07-02 17:18:14] Keputusan analis: Buy(0.002617080519835197, "[Trending] Quant EMA13/34 Buy (Vol 0.2x)")
Mencegah transaksi berulang (Cool-down aktif). Aksi terakhir BUY pada 17:14:13 (4 menit lalu)
[2026-07-02 17:18:14] Validasi gagal / keputusan WAIT. Tidak ada eksekusi.
[2026-07-02 17:19:14] Siklus Menit Baru. Harga BTC Terakhir (OKX): $61127.10
[ANALIS] State: BULLISH | EMA13/34: $61151.9/$61106.2 | VWAP Sesi: $60467.29 | Vol Surge: 0.0x | BB50: [$60697.06 - $61408.23] | Tren 15m: BULLISH
[DEBUG] EMA streak: 0 | EMA13: 61151.90 | EMA34: 61106.24 | Selisih: 45.66
[ANALIS-TRENDING] Quant Golden Cross (EMA13 > EMA34), Di atas VWAP ($60467.29), & Tren 15m Bullish. Sinyal BUY.
[2026-07-02 17:19:14] Keputusan analis: Buy(0.002618356369654526, "[Trending] Quant EMA13/34 Buy (Vol 0.0x)")
[2026-07-02 17:19:14] Mengeksekusi transaksi...
[2026-07-02 17:19:14] Eksekusi sukses. Saldo: $640.05, BTC: 0.0059
[2026-07-02 17:20:14] Siklus Menit Baru. Harga BTC Terakhir (OKX): $61141.80
[ANALIS] State: BULLISH | EMA13/34: $61154.3/$61111.0 | VWAP Sesi: $60467.68 | Vol Surge: 0.2x | BB50: [$60719.45 - $61404.65] | Tren 15m: BULLISH
[DEBUG] EMA streak: 0 | EMA13: 61154.26 | EMA34: 61110.96 | Selisih: 43.30
[ANALIS-TRENDING] Quant Golden Cross (EMA13 > EMA34), Di atas VWAP ($60467.68), & Tren 15m Bullish. Sinyal BUY.
[2026-07-02 17:20:14] Keputusan analis: Buy(0.0020936579362805584, "[Trending] Quant EMA13/34 Buy (Vol 0.2x)")
Mencegah transaksi berulang (Cool-down aktif). Aksi terakhir BUY pada 17:19:14 (1 menit lalu)
[2026-07-02 17:20:14] Validasi gagal / keputusan WAIT. Tidak ada eksekusi.
[2026-07-02 17:21:15] Siklus Menit Baru. Harga BTC Terakhir (OKX): $61128.70
[ANALIS] State: BULLISH | EMA13/34: $61149.7/$61109.4 | VWAP Sesi: $60467.75 | Vol Surge: 0.0x | BB50: [$60741.19 - $61398.86] | Tren 15m: BULLISH
[DEBUG] EMA streak: 0 | EMA13: 61149.70 | EMA34: 61109.44 | Selisih: 40.26
[ANALIS-TRENDING] Quant Golden Cross (EMA13 > EMA34), Di atas VWAP ($60467.75), & Tren 15m Bullish. Sinyal BUY.
[2026-07-02 17:21:15] Keputusan analis: Buy(0.0020941066112722608, "[Trending] Quant EMA13/34 Buy (Vol 0.0x)")
Mencegah transaksi berulang (Cool-down aktif). Aksi terakhir BUY pada 17:19:14 (2 menit lalu)
[2026-07-02 17:21:15] Validasi gagal / keputusan WAIT. Tidak ada eksekusi.
[2026-07-02 17:22:15] Siklus Menit Baru. Harga BTC Terakhir (OKX): $61146.80
[ANALIS] State: BULLISH | EMA13/34: $61151.8/$61114.6 | VWAP Sesi: $60468.11 | Vol Surge: 0.1x | BB50: [$60769.28 - $61390.23] | Tren 15m: BULLISH
[DEBUG] EMA streak: 0 | EMA13: 61151.84 | EMA34: 61114.60 | Selisih: 37.24
[ANALIS-TRENDING] Quant Golden Cross (EMA13 > EMA34), Di atas VWAP ($60468.11), & Tren 15m Bullish. Sinyal BUY.
[2026-07-02 17:22:15] Keputusan analis: Buy(0.0020934867369752567, "[Trending] Quant EMA13/34 Buy (Vol 0.1x)")
Mencegah transaksi berulang (Cool-down aktif). Aksi terakhir BUY pada 17:19:14 (3 menit lalu)
[2026-07-02 17:22:15] Validasi gagal / keputusan WAIT. Tidak ada eksekusi.
[2026-07-02 17:23:15] Siklus Menit Baru. Harga BTC Terakhir (OKX): $61117.20
[ANALIS] State: BULLISH | EMA13/34: $61146.4/$61113.0 | VWAP Sesi: $60468.28 | Vol Surge: 0.0x | BB50: [$60794.86 - $61380.47] | Tren 15m: BULLISH
[DEBUG] EMA streak: 0 | EMA13: 61146.41 | EMA34: 61112.97 | Selisih: 33.44
[ANALIS-TRENDING] Quant Golden Cross (EMA13 > EMA34), Di atas VWAP ($60468.28), & Tren 15m Bullish. Sinyal BUY.
[2026-07-02 17:23:15] Keputusan analis: Buy(0.0020945006448017684, "[Trending] Quant EMA13/34 Buy (Vol 0.0x)")
Mencegah transaksi berulang (Cool-down aktif). Aksi terakhir BUY pada 17:19:14 (4 menit lalu)
[2026-07-02 17:23:15] Validasi gagal / keputusan WAIT. Tidak ada eksekusi.
[2026-07-02 17:24:15] Siklus Menit Baru. Harga BTC Terakhir (OKX): $61148.30
[ANALIS] State: BULLISH | EMA13/34: $61150.6/$61119.6 | VWAP Sesi: $60469.11 | Vol Surge: 0.0x | BB50: [$60827.18 - $61367.84] | Tren 15m: BULLISH
[DEBUG] EMA streak: 0 | EMA13: 61150.57 | EMA34: 61119.59 | Selisih: 30.98
[ANALIS-TRENDING] Quant Golden Cross (EMA13 > EMA34), Di atas VWAP ($60469.11), & Tren 15m Bullish. Sinyal BUY.
[2026-07-02 17:24:15] Keputusan analis: Buy(0.0020934353826431583, "[Trending] Quant EMA13/34 Buy (Vol 0.0x)")
[2026-07-02 17:24:15] Mengeksekusi transaksi...
[2026-07-02 17:24:15] Eksekusi sukses. Saldo: $511.91, BTC: 0.0080
[2026-07-02 17:25:15] Siklus Menit Baru. Harga BTC Terakhir (OKX): $61218.90
[ANALIS] State: BULLISH | EMA13/34: $61167.0/$61132.2 | VWAP Sesi: $60469.46 | Vol Surge: 0.1x | BB50: [$60854.32 - $61361.95] | Tren 15m: BULLISH
[DEBUG] EMA streak: 0 | EMA13: 61166.98 | EMA34: 61132.24 | Selisih: 34.74
[ANALIS-TRENDING] Quant Golden Cross (EMA13 > EMA34), Di atas VWAP ($60469.46), & Tren 15m Bullish. Sinyal BUY.
[2026-07-02 17:25:15] Keputusan analis: Buy(0.0016723987174519833, "[Trending] Quant EMA13/34 Buy (Vol 0.1x)")
Mencegah transaksi berulang (Cool-down aktif). Aksi terakhir BUY pada 17:24:15 (1 menit lalu)
[2026-07-02 17:25:15] Validasi gagal / keputusan WAIT. Tidak ada eksekusi.
[2026-07-02 17:26:15] Siklus Menit Baru. Harga BTC Terakhir (OKX): $61180.20
[ANALIS] State: BULLISH | EMA13/34: $61171.8/$61134.0 | VWAP Sesi: $60469.86 | Vol Surge: 0.2x | BB50: [$60874.37 - $61357.26] | Tren 15m: BULLISH
[DEBUG] EMA streak: 0 | EMA13: 61171.75 | EMA34: 61134.03 | Selisih: 37.72
[ANALIS-TRENDING] Quant Golden Cross (EMA13 > EMA34), Di atas VWAP ($60469.86), & Tren 15m Bullish. Sinyal BUY.
[2026-07-02 17:26:15] Keputusan analis: Buy(0.00167345660595783, "[Trending] Quant EMA13/34 Buy (Vol 0.2x)")
Mencegah transaksi berulang (Cool-down aktif). Aksi terakhir BUY pada 17:24:15 (2 menit lalu)
[2026-07-02 17:26:15] Validasi gagal / keputusan WAIT. Tidak ada eksekusi.
[2026-07-02 17:27:16] Siklus Menit Baru. Harga BTC Terakhir (OKX): $61211.20
[ANALIS] State: BULLISH | EMA13/34: $61178.6/$61141.6 | VWAP Sesi: $60470.03 | Vol Surge: 0.0x | BB50: [$60901.83 - $61347.53] | Tren 15m: BULLISH
[DEBUG] EMA streak: 0 | EMA13: 61178.57 | EMA34: 61141.56 | Selisih: 37.01
[ANALIS-TRENDING] Quant Golden Cross (EMA13 > EMA34), Di atas VWAP ($60470.03), & Tren 15m Bullish. Sinyal BUY.
[2026-07-02 17:27:16] Keputusan analis: Buy(0.0016726090951299964, "[Trending] Quant EMA13/34 Buy (Vol 0.0x)")
Mencegah transaksi berulang (Cool-down aktif). Aksi terakhir BUY pada 17:24:15 (3 menit lalu)
[2026-07-02 17:27:16] Validasi gagal / keputusan WAIT. Tidak ada eksekusi.
[2026-07-02 17:28:16] Siklus Menit Baru. Harga BTC Terakhir (OKX): $61171.20
[ANALIS] State: BULLISH | EMA13/34: $61171.3/$61146.1 | VWAP Sesi: $60470.29 | Vol Surge: 0.0x | BB50: [$60925.38 - $61335.74] | Tren 15m: BEARISH
[DEBUG] EMA streak: 0 | EMA13: 61171.29 | EMA34: 61146.05 | Selisih: 25.23
[ANALIS-TRENDING] Menunggu konfirmasi streak 2 menit. Saat ini: 1 menit.
[2026-07-02 17:28:16] Keputusan analis: Wait
[2026-07-02 17:28:16] Validasi gagal / keputusan WAIT. Tidak ada eksekusi.
[2026-07-02 17:29:16] Siklus Menit Baru. Harga BTC Terakhir (OKX): $61189.80
[ANALIS] State: BULLISH | EMA13/34: $61174.0/$61149.5 | VWAP Sesi: $60470.85 | Vol Surge: 0.3x | BB50: [$60937.96 - $61333.48] | Tren 15m: BEARISH
[DEBUG] EMA streak: 1 | EMA13: 61173.95 | EMA34: 61149.46 | Selisih: 24.49
[ANALIS-TRENDING] Sinyal melemah/Death Cross terkonfirmasi 2 menit berturut. Sinyal SELL.
[2026-07-02 17:29:16] Keputusan analis: Sell(0.007981805633288252, "[Trending] Quant EMA13/34 Sell Confirmed (2m streak)")
Mencegah Whipsaw (Holding time < 15 menit). Beli terakhir 5 menit lalu. Sinyal normal ([Trending] Quant EMA13/34 Sell Confirmed (2m streak)) diabaikan.
[2026-07-02 17:29:16] Validasi gagal / keputusan WAIT. Tidak ada eksekusi.
[2026-07-02 17:30:16] Siklus Menit Baru. Harga BTC Terakhir (OKX): $61225.70
[ANALIS] State: BULLISH | EMA13/34: $61185.0/$61159.5 | VWAP Sesi: $60471.01 | Vol Surge: 0.1x | BB50: [$60949.14 - $61334.57] | Tren 15m: BEARISH
[DEBUG] EMA streak: 0 | EMA13: 61185.03 | EMA34: 61159.50 | Selisih: 25.53
[ANALIS-TRENDING] Menunggu konfirmasi streak 2 menit. Saat ini: 1 menit.
[2026-07-02 17:30:16] Keputusan analis: Wait
[2026-07-02 17:30:16] Validasi gagal / keputusan WAIT. Tidak ada eksekusi.
[2026-07-02 17:31:17] Siklus Menit Baru. Harga BTC Terakhir (OKX): $61266.90
[ANALIS] State: BULLISH | EMA13/34: $61200.0/$61170.6 | VWAP Sesi: $60471.25 | Vol Surge: 0.1x | BB50: [$60953.26 - $61341.18] | Tren 15m: BULLISH
[DEBUG] EMA streak: 1 | EMA13: 61200.02 | EMA34: 61170.56 | Selisih: 29.46
[ANALIS-TRENDING] Quant Golden Cross (EMA13 > EMA34), Di atas VWAP ($60471.25), & Tren 15m Bullish. Sinyal BUY.
[2026-07-02 17:31:17] Keputusan analis: Buy(0.0016710884644697418, "[Trending] Quant EMA13/34 Buy (Vol 0.1x)")
Max pyramiding (3 layer) tercapai. Tunggu siklus selesai (posisi aktif saat ini: 3).
[2026-07-02 17:31:17] Validasi gagal / keputusan WAIT. Tidak ada eksekusi.
[2026-07-02 17:32:17] Siklus Menit Baru. Harga BTC Terakhir (OKX): $61246.30
[ANALIS] State: BULLISH | EMA13/34: $61207.6/$61170.8 | VWAP Sesi: $60471.54 | Vol Surge: 0.0x | BB50: [$60954.84 - $61346.12] | Tren 15m: BULLISH
[DEBUG] EMA streak: 0 | EMA13: 61207.60 | EMA34: 61170.77 | Selisih: 36.83
[ANALIS-TRENDING] Quant Golden Cross (EMA13 > EMA34), Di atas VWAP ($60471.54), & Tren 15m Bullish. Sinyal BUY.
[2026-07-02 17:32:17] Keputusan analis: Buy(0.0016716505298086776, "[Trending] Quant EMA13/34 Buy (Vol 0.0x)")
Max pyramiding (3 layer) tercapai. Tunggu siklus selesai (posisi aktif saat ini: 3).
[2026-07-02 17:32:17] Validasi gagal / keputusan WAIT. Tidak ada eksekusi.
[2026-07-02 17:33:17] Siklus Menit Baru. Harga BTC Terakhir (OKX): $61269.20
[ANALIS] State: BULLISH | EMA13/34: $61216.5/$61180.4 | VWAP Sesi: $60471.68 | Vol Surge: 0.0x | BB50: [$60961.85 - $61349.73] | Tren 15m: BULLISH
[DEBUG] EMA streak: 0 | EMA13: 61216.52 | EMA34: 61180.38 | Selisih: 36.14
[ANALIS-TRENDING] Quant Golden Cross (EMA13 > EMA34), Di atas VWAP ($60471.68), & Tren 15m Bullish. Sinyal BUY.
[2026-07-02 17:33:17] Keputusan analis: Buy(0.0016710257330570862, "[Trending] Quant EMA13/34 Buy (Vol 0.0x)")
Max pyramiding (3 layer) tercapai. Tunggu siklus selesai (posisi aktif saat ini: 3).
[2026-07-02 17:33:17] Validasi gagal / keputusan WAIT. Tidak ada eksekusi.
[2026-07-02 17:34:17] Siklus Menit Baru. Harga BTC Terakhir (OKX): $61273.20
[ANALIS] State: BULLISH | EMA13/34: $61228.0/$61178.2 | VWAP Sesi: $60471.99 | Vol Surge: 0.0x | BB50: [$60963.48 - $61356.96] | Tren 15m: BULLISH
[DEBUG] EMA streak: 0 | EMA13: 61227.97 | EMA34: 61178.16 | Selisih: 49.81
[ANALIS-TRENDING] Quant Golden Cross (EMA13 > EMA34), Di atas VWAP ($60471.99), & Tren 15m Bullish. Sinyal BUY.
[2026-07-02 17:34:17] Keputusan analis: Buy(0.0016709166461653909, "[Trending] Quant EMA13/34 Buy (Vol 0.0x)")
Max pyramiding (3 layer) tercapai. Tunggu siklus selesai (posisi aktif saat ini: 3).
[2026-07-02 17:34:17] Validasi gagal / keputusan WAIT. Tidak ada eksekusi.
[2026-07-02 17:35:17] Siklus Menit Baru. Harga BTC Terakhir (OKX): $61276.00
[ANALIS] State: BULLISH | EMA13/34: $61235.7/$61182.0 | VWAP Sesi: $60472.25 | Vol Surge: 0.0x | BB50: [$60981.69 - $61353.75] | Tren 15m: BULLISH
[DEBUG] EMA streak: 0 | EMA13: 61235.66 | EMA34: 61182.03 | Selisih: 53.62
[ANALIS-TRENDING] Quant Golden Cross (EMA13 > EMA34), Di atas VWAP ($60472.25), & Tren 15m Bullish. Sinyal BUY.
[2026-07-02 17:35:17] Keputusan analis: Buy(0.0016708402938152168, "[Trending] Quant EMA13/34 Buy (Vol 0.0x)")
Max pyramiding (3 layer) tercapai. Tunggu siklus selesai (posisi aktif saat ini: 3).
[2026-07-02 17:35:17] Validasi gagal / keputusan WAIT. Tidak ada eksekusi.
[2026-07-02 17:36:18] Siklus Menit Baru. Harga BTC Terakhir (OKX): $61271.70
[ANALIS] State: BULLISH | EMA13/34: $61240.7/$61192.9 | VWAP Sesi: $60472.38 | Vol Surge: 0.0x | BB50: [$61008.29 - $61343.20] | Tren 15m: BULLISH
[DEBUG] EMA streak: 0 | EMA13: 61240.68 | EMA34: 61192.89 | Selisih: 47.79
[ANALIS-TRENDING] Quant Golden Cross (EMA13 > EMA34), Di atas VWAP ($60472.38), & Tren 15m Bullish. Sinyal BUY.
[2026-07-02 17:36:18] Keputusan analis: Buy(0.0016709575520806707, "[Trending] Quant EMA13/34 Buy (Vol 0.0x)")
Max pyramiding (3 layer) tercapai. Tunggu siklus selesai (posisi aktif saat ini: 3).
[2026-07-02 17:36:18] Validasi gagal / keputusan WAIT. Tidak ada eksekusi.
[2026-07-02 17:37:18] Siklus Menit Baru. Harga BTC Terakhir (OKX): $61276.10
[ANALIS] State: BULLISH | EMA13/34: $61245.8/$61200.2 | VWAP Sesi: $60472.52 | Vol Surge: 0.0x | BB50: [$61021.67 - $61341.71] | Tren 15m: BULLISH
[DEBUG] EMA streak: 0 | EMA13: 61245.76 | EMA34: 61200.23 | Selisih: 45.53
[ANALIS-TRENDING] Quant Golden Cross (EMA13 > EMA34), Di atas VWAP ($60472.52), & Tren 15m Bullish. Sinyal BUY.
[2026-07-02 17:37:18] Keputusan analis: Buy(0.0016708375670746217, "[Trending] Quant EMA13/34 Buy (Vol 0.0x)")
Max pyramiding (3 layer) tercapai. Tunggu siklus selesai (posisi aktif saat ini: 3).
[2026-07-02 17:37:18] Validasi gagal / keputusan WAIT. Tidak ada eksekusi.
[2026-07-02 17:38:18] Siklus Menit Baru. Harga BTC Terakhir (OKX): $61261.80
[ANALIS] State: BULLISH | EMA13/34: $61246.1/$61204.3 | VWAP Sesi: $60473.07 | Vol Surge: 0.4x | BB50: [$61031.34 - $61340.72] | Tren 15m: BULLISH
[DEBUG] EMA streak: 0 | EMA13: 61246.13 | EMA34: 61204.25 | Selisih: 41.88
[ANALIS-TRENDING] Quant Golden Cross (EMA13 > EMA34), Di atas VWAP ($60473.07), & Tren 15m Bullish. Sinyal BUY.
[2026-07-02 17:38:18] Keputusan analis: Buy(0.0016712275813609986, "[Trending] Quant EMA13/34 Buy (Vol 0.4x)")
Max pyramiding (3 layer) tercapai. Tunggu siklus selesai (posisi aktif saat ini: 3).
[2026-07-02 17:38:18] Validasi gagal / keputusan WAIT. Tidak ada eksekusi.
[2026-07-02 17:39:18] Siklus Menit Baru. Harga BTC Terakhir (OKX): $61259.20
[ANALIS] State: BULLISH | EMA13/34: $61245.4/$61204.9 | VWAP Sesi: $60473.22 | Vol Surge: 0.0x | BB50: [$61039.13 - $61340.30] | Tren 15m: BULLISH
[DEBUG] EMA streak: 0 | EMA13: 61245.44 | EMA34: 61204.90 | Selisih: 40.54
[ANALIS-TRENDING] Quant Golden Cross (EMA13 > EMA34), Di atas VWAP ($60473.22), & Tren 15m Bullish. Sinyal BUY.
[2026-07-02 17:39:18] Keputusan analis: Buy(0.0016712985126123296, "[Trending] Quant EMA13/34 Buy (Vol 0.0x)")
Max pyramiding (3 layer) tercapai. Tunggu siklus selesai (posisi aktif saat ini: 3).
[2026-07-02 17:39:18] Validasi gagal / keputusan WAIT. Tidak ada eksekusi.
[2026-07-02 17:40:18] Siklus Menit Baru. Harga BTC Terakhir (OKX): $61272.50
[ANALIS] State: BULLISH | EMA13/34: $61253.5/$61214.7 | VWAP Sesi: $60473.44 | Vol Surge: 0.1x | BB50: [$61048.70 - $61341.87] | Tren 15m: BULLISH
[DEBUG] EMA streak: 0 | EMA13: 61253.53 | EMA34: 61214.72 | Selisih: 38.81
[ANALIS-TRENDING] Quant Golden Cross (EMA13 > EMA34), Di atas VWAP ($60473.44), & Tren 15m Bullish. Sinyal BUY.
[2026-07-02 17:40:18] Keputusan analis: Buy(0.0016709357353432816, "[Trending] Quant EMA13/34 Buy (Vol 0.1x)")
Max pyramiding (3 layer) tercapai. Tunggu siklus selesai (posisi aktif saat ini: 3).
[2026-07-02 17:40:18] Validasi gagal / keputusan WAIT. Tidak ada eksekusi.
[2026-07-02 17:41:18] Siklus Menit Baru. Harga BTC Terakhir (OKX): $61279.90
[ANALIS] State: BULLISH | EMA13/34: $61258.3/$61223.6 | VWAP Sesi: $60473.72 | Vol Surge: 0.0x | BB50: [$61052.38 - $61345.45] | Tren 15m: BULLISH
[DEBUG] EMA streak: 0 | EMA13: 61258.28 | EMA34: 61223.60 | Selisih: 34.68
[ANALIS-TRENDING] Quant Golden Cross (EMA13 > EMA34), Di atas VWAP ($60473.72), & Tren 15m Bullish. Sinyal BUY.
[2026-07-02 17:41:18] Keputusan analis: Buy(0.0016707339575263867, "[Trending] Quant EMA13/34 Buy (Vol 0.0x)")
Max pyramiding (3 layer) tercapai. Tunggu siklus selesai (posisi aktif saat ini: 3).
[2026-07-02 17:41:18] Validasi gagal / keputusan WAIT. Tidak ada eksekusi.
[2026-07-02 17:42:19] Siklus Menit Baru. Harga BTC Terakhir (OKX): $61301.50
[ANALIS] State: BULLISH | EMA13/34: $61269.3/$61237.9 | VWAP Sesi: $60474.23 | Vol Surge: 0.2x | BB50: [$61050.46 - $61353.14] | Tren 15m: BULLISH
[DEBUG] EMA streak: 0 | EMA13: 61269.27 | EMA34: 61237.85 | Selisih: 31.42
[ANALIS-TRENDING] Quant Golden Cross (EMA13 > EMA34), Di atas VWAP ($60474.23), & Tren 15m Bullish. Sinyal BUY.
[2026-07-02 17:42:19] Keputusan analis: Buy(0.0016701452630656871, "[Trending] Quant EMA13/34 Buy (Vol 0.2x)")
Max pyramiding (3 layer) tercapai. Tunggu siklus selesai (posisi aktif saat ini: 3).
[2026-07-02 17:42:19] Validasi gagal / keputusan WAIT. Tidak ada eksekusi.
[2026-07-02 17:43:19] Siklus Menit Baru. Harga BTC Terakhir (OKX): $61288.00
[ANALIS] State: BULLISH | EMA13/34: $61274.6/$61239.8 | VWAP Sesi: $60474.82 | Vol Surge: 0.2x | BB50: [$61051.77 - $61350.54] | Tren 15m: BULLISH
[DEBUG] EMA streak: 0 | EMA13: 61274.62 | EMA34: 61239.83 | Selisih: 34.79
[ANALIS-TRENDING] Quant Golden Cross (EMA13 > EMA34), Di atas VWAP ($60474.82), & Tren 15m Bullish. Sinyal BUY.
[2026-07-02 17:43:19] Keputusan analis: Buy(0.0016705131484763937, "[Trending] Quant EMA13/34 Buy (Vol 0.2x)")
Max pyramiding (3 layer) tercapai. Tunggu siklus selesai (posisi aktif saat ini: 3).
[2026-07-02 17:43:19] Validasi gagal / keputusan WAIT. Tidak ada eksekusi.
[2026-07-02 17:44:19] Siklus Menit Baru. Harga BTC Terakhir (OKX): $61239.40
[ANALIS] State: BULLISH | EMA13/34: $61265.9/$61242.6 | VWAP Sesi: $60475.10 | Vol Surge: 0.1x | BB50: [$61053.51 - $61345.04] | Tren 15m: BULLISH
[DEBUG] EMA streak: 0 | EMA13: 61265.88 | EMA34: 61242.64 | Selisih: 23.24
[ANALIS-TRENDING] Quant Golden Cross (EMA13 > EMA34), Di atas VWAP ($60475.10), & Tren 15m Bullish. Sinyal BUY.
[2026-07-02 17:44:19] Keputusan analis: Buy(0.001671838878954092, "[Trending] Quant EMA13/34 Buy (Vol 0.1x)")
Max pyramiding (3 layer) tercapai. Tunggu siklus selesai (posisi aktif saat ini: 3).
[2026-07-02 17:44:19] Validasi gagal / keputusan WAIT. Tidak ada eksekusi.
[2026-07-02 17:45:19] Siklus Menit Baru. Harga BTC Terakhir (OKX): $61178.20
[ANALIS] State: BULLISH | EMA13/34: $61249.0/$61230.5 | VWAP Sesi: $60475.58 | Vol Surge: 0.3x | BB50: [$61059.41 - $61329.35] | Tren 15m: BEARISH
[DEBUG] EMA streak: 0 | EMA13: 61248.98 | EMA34: 61230.49 | Selisih: 18.49
[ANALIS-TRENDING] Menunggu konfirmasi streak 2 menit. Saat ini: 1 menit.
[2026-07-02 17:45:19] Keputusan analis: Wait
[2026-07-02 17:45:19] Validasi gagal / keputusan WAIT. Tidak ada eksekusi.
[2026-07-02 17:46:19] Siklus Menit Baru. Harga BTC Terakhir (OKX): $61227.30
[ANALIS] State: BULLISH | EMA13/34: $61251.8/$61232.7 | VWAP Sesi: $60476.73 | Vol Surge: 0.3x | BB50: [$61060.52 - $61328.74] | Tren 15m: BEARISH
[DEBUG] EMA streak: 1 | EMA13: 61251.83 | EMA34: 61232.71 | Selisih: 19.12
[ANALIS-TRENDING] Sinyal melemah/Death Cross terkonfirmasi 2 menit berturut. Sinyal SELL.
[2026-07-02 17:46:19] Keputusan analis: Sell(0.007981805633288252, "[Trending] Quant EMA13/34 Sell Confirmed (2m streak)")
[2026-07-02 17:46:19] Mengeksekusi transaksi...
[2026-07-02 17:46:19] Eksekusi sukses. Saldo: $1000.13, BTC: 0.0000
[2026-07-02 17:47:19] Siklus Menit Baru. Harga BTC Terakhir (OKX): $61263.20
[ANALIS] State: BULLISH | EMA13/34: $61253.6/$61232.4 | VWAP Sesi: $60477.25 | Vol Surge: 0.4x | BB50: [$61060.44 - $61329.03] | Tren 15m: BULLISH
[DEBUG] EMA streak: 0 | EMA13: 61253.58 | EMA34: 61232.39 | Selisih: 21.19
[ANALIS-TRENDING] Quant Golden Cross (EMA13 > EMA34), Di atas VWAP ($60477.25), & Tren 15m Bullish. Sinyal BUY.
[2026-07-02 17:47:19] Keputusan analis: Buy(0.003265019629604999, "[Trending] Quant EMA13/34 Buy (Vol 0.4x)")
[2026-07-02 17:47:19] Mengeksekusi transaksi...
[2026-07-02 17:47:19] Eksekusi sukses. Saldo: $799.90, BTC: 0.0033
[2026-07-02 17:48:20] Siklus Menit Baru. Harga BTC Terakhir (OKX): $61252.50
[ANALIS] State: BULLISH | EMA13/34: $61252.4/$61230.8 | VWAP Sesi: $60477.72 | Vol Surge: 0.2x | BB50: [$61060.45 - $61330.02] | Tren 15m: BEARISH
[DEBUG] EMA streak: 0 | EMA13: 61252.36 | EMA34: 61230.76 | Selisih: 21.60
[ANALIS-TRENDING] Menunggu konfirmasi streak 2 menit. Saat ini: 1 menit.
[2026-07-02 17:48:20] Keputusan analis: Wait
[2026-07-02 17:48:20] Validasi gagal / keputusan WAIT. Tidak ada eksekusi.
[2026-07-02 17:49:20] Siklus Menit Baru. Harga BTC Terakhir (OKX): $61263.30
[ANALIS] State: BULLISH | EMA13/34: $61256.5/$61230.5 | VWAP Sesi: $60478.11 | Vol Surge: 0.1x | BB50: [$61060.63 - $61334.21] | Tren 15m: BEARISH
[DEBUG] EMA streak: 1 | EMA13: 61256.46 | EMA34: 61230.46 | Selisih: 26.00
[ANALIS-TRENDING] Sinyal melemah/Death Cross terkonfirmasi 2 menit berturut. Sinyal SELL.
[2026-07-02 17:49:20] Keputusan analis: Sell(0.003265019629604999, "[Trending] Quant EMA13/34 Sell Confirmed (2m streak)")
Mencegah Whipsaw (Holding time < 15 menit). Beli terakhir 2 menit lalu. Sinyal normal ([Trending] Quant EMA13/34 Sell Confirmed (2m streak)) diabaikan.
[2026-07-02 17:49:20] Validasi gagal / keputusan WAIT. Tidak ada eksekusi.
[2026-07-02 17:50:20] Siklus Menit Baru. Harga BTC Terakhir (OKX): $61281.30
[ANALIS] State: BULLISH | EMA13/34: $61261.3/$61235.4 | VWAP Sesi: $60478.54 | Vol Surge: 0.2x | BB50: [$61064.01 - $61337.98] | Tren 15m: BULLISH
[DEBUG] EMA streak: 0 | EMA13: 61261.27 | EMA34: 61235.35 | Selisih: 25.92
[ANALIS-TRENDING] Quant Golden Cross (EMA13 > EMA34), Di atas VWAP ($60478.54), & Tren 15m Bullish. Sinyal BUY.
[2026-07-02 17:50:20] Keputusan analis: Buy(0.002610591409578764, "[Trending] Quant EMA13/34 Buy (Vol 0.2x)")
Mencegah transaksi berulang (Cool-down aktif). Aksi terakhir BUY pada 17:47:19 (3 menit lalu)
[2026-07-02 17:50:20] Validasi gagal / keputusan WAIT. Tidak ada eksekusi.
[2026-07-02 17:51:20] Siklus Menit Baru. Harga BTC Terakhir (OKX): $61273.60
[ANALIS] State: BULLISH | EMA13/34: $61262.8/$61236.9 | VWAP Sesi: $60478.79 | Vol Surge: 0.2x | BB50: [$61066.38 - $61340.90] | Tren 15m: BULLISH
[DEBUG] EMA streak: 0 | EMA13: 61262.83 | EMA34: 61236.89 | Selisih: 25.94
[ANALIS-TRENDING] Quant Golden Cross (EMA13 > EMA34), Di atas VWAP ($60478.79), & Tren 15m Bullish. Sinyal BUY.
[2026-07-02 17:51:20] Keputusan analis: Buy(0.0026109194718087255, "[Trending] Quant EMA13/34 Buy (Vol 0.2x)")
Mencegah transaksi berulang (Cool-down aktif). Aksi terakhir BUY pada 17:47:19 (4 menit lalu)
[2026-07-02 17:51:20] Validasi gagal / keputusan WAIT. Tidak ada eksekusi.
[2026-07-02 17:52:20] Siklus Menit Baru. Harga BTC Terakhir (OKX): $61284.20
[ANALIS] State: BULLISH | EMA13/34: $61264.1/$61238.3 | VWAP Sesi: $60479.07 | Vol Surge: 0.2x | BB50: [$61069.61 - $61343.37] | Tren 15m: BULLISH
[DEBUG] EMA streak: 0 | EMA13: 61264.09 | EMA34: 61238.32 | Selisih: 25.77
[ANALIS-TRENDING] Quant Golden Cross (EMA13 > EMA34), Di atas VWAP ($60479.07), & Tren 15m Bullish. Sinyal BUY.
[2026-07-02 17:52:20] Keputusan analis: Buy(0.002610467875044777, "[Trending] Quant EMA13/34 Buy (Vol 0.2x)")
[2026-07-02 17:52:20] Mengeksekusi transaksi...
[2026-07-02 17:52:20] Eksekusi sukses. Saldo: $639.76, BTC: 0.0059
[2026-07-02 17:53:20] Siklus Menit Baru. Harga BTC Terakhir (OKX): $61276.60
[ANALIS] State: BULLISH | EMA13/34: $61265.7/$61239.6 | VWAP Sesi: $60479.41 | Vol Surge: 0.1x | BB50: [$61073.74 - $61345.50] | Tren 15m: BULLISH
[DEBUG] EMA streak: 0 | EMA13: 61265.75 | EMA34: 61239.59 | Selisih: 26.16
[ANALIS-TRENDING] Quant Golden Cross (EMA13 > EMA34), Di atas VWAP ($60479.41), & Tren 15m Bullish. Sinyal BUY.
[2026-07-02 17:53:20] Keputusan analis: Buy(0.0020881111581123254, "[Trending] Quant EMA13/34 Buy (Vol 0.1x)")
Mencegah transaksi berulang (Cool-down aktif). Aksi terakhir BUY pada 17:52:20 (1 menit lalu)
[2026-07-02 17:53:20] Validasi gagal / keputusan WAIT. Tidak ada eksekusi.
[2026-07-02 17:54:21] Siklus Menit Baru. Harga BTC Terakhir (OKX): $61327.80
[ANALIS] State: BULLISH | EMA13/34: $61274.4/$61243.2 | VWAP Sesi: $60479.68 | Vol Surge: 0.1x | BB50: [$61078.12 - $61350.17] | Tren 15m: BULLISH
[DEBUG] EMA streak: 0 | EMA13: 61274.39 | EMA34: 61243.19 | Selisih: 31.19
[ANALIS-TRENDING] Quant Golden Cross (EMA13 > EMA34), Di atas VWAP ($60479.68), & Tren 15m Bullish. Sinyal BUY.
[2026-07-02 17:54:21] Keputusan analis: Buy(0.002086367881958683, "[Trending] Quant EMA13/34 Buy (Vol 0.1x)")
Mencegah transaksi berulang (Cool-down aktif). Aksi terakhir BUY pada 17:52:20 (2 menit lalu)
[2026-07-02 17:54:21] Validasi gagal / keputusan WAIT. Tidak ada eksekusi.
[2026-07-02 17:55:21] Siklus Menit Baru. Harga BTC Terakhir (OKX): $61275.50
[ANALIS] State: BULLISH | EMA13/34: $61275.3/$61247.0 | VWAP Sesi: $60479.96 | Vol Surge: 0.3x | BB50: [$61086.83 - $61349.68] | Tren 15m: BEARISH
[DEBUG] EMA streak: 0 | EMA13: 61275.26 | EMA34: 61247.02 | Selisih: 28.24
[ANALIS-TRENDING] Menunggu konfirmasi streak 2 menit. Saat ini: 1 menit.
[2026-07-02 17:55:21] Keputusan analis: Wait
[2026-07-02 17:55:21] Validasi gagal / keputusan WAIT. Tidak ada eksekusi.
[2026-07-02 17:56:21] Siklus Menit Baru. Harga BTC Terakhir (OKX): $61259.90
[ANALIS] State: BULLISH | EMA13/34: $61269.7/$61247.5 | VWAP Sesi: $60480.57 | Vol Surge: 0.4x | BB50: [$61093.47 - $61348.05] | Tren 15m: BEARISH
[DEBUG] EMA streak: 1 | EMA13: 61269.72 | EMA34: 61247.53 | Selisih: 22.19
[ANALIS-TRENDING] Sinyal melemah/Death Cross terkonfirmasi 2 menit berturut. Sinyal SELL.
[2026-07-02 17:56:21] Keputusan analis: Sell(0.0058754875046497755, "[Trending] Quant EMA13/34 Sell Confirmed (2m streak)")
Mencegah Whipsaw (Holding time < 15 menit). Beli terakhir 4 menit lalu. Sinyal normal ([Trending] Quant EMA13/34 Sell Confirmed (2m streak)) diabaikan.
[2026-07-02 17:56:21] Validasi gagal / keputusan WAIT. Tidak ada eksekusi.
[2026-07-02 17:57:21] Siklus Menit Baru. Harga BTC Terakhir (OKX): $61274.30
[ANALIS] State: BULLISH | EMA13/34: $61271.1/$61248.6 | VWAP Sesi: $60480.84 | Vol Surge: 0.2x | BB50: [$61098.08 - $61349.42] | Tren 15m: BEARISH
[DEBUG] EMA streak: 0 | EMA13: 61271.11 | EMA34: 61248.63 | Selisih: 22.48
[ANALIS-TRENDING] Menunggu konfirmasi streak 2 menit. Saat ini: 1 menit.
[2026-07-02 17:57:21] Keputusan analis: Wait
[2026-07-02 17:57:21] Validasi gagal / keputusan WAIT. Tidak ada eksekusi.
[2026-07-02 17:58:21] Siklus Menit Baru. Harga BTC Terakhir (OKX): $61263.30
[ANALIS] State: BULLISH | EMA13/34: $61268.3/$61245.7 | VWAP Sesi: $60481.98 | Vol Surge: 0.1x | BB50: [$61104.42 - $61348.35] | Tren 15m: BULLISH
[DEBUG] EMA streak: 1 | EMA13: 61268.26 | EMA34: 61245.70 | Selisih: 22.56
[ANALIS-TRENDING] Quant Golden Cross (EMA13 > EMA34), Di atas VWAP ($60481.98), & Tren 15m Bullish. Sinyal BUY.
[2026-07-02 17:58:21] Keputusan analis: Buy(0.0020885644781000324, "[Trending] Quant EMA13/34 Buy (Vol 0.1x)")
[2026-07-02 17:58:21] Mengeksekusi transaksi...
[2026-07-02 17:58:21] Eksekusi sukses. Saldo: $511.68, BTC: 0.0080
[2026-07-02 17:59:21] Siklus Menit Baru. Harga BTC Terakhir (OKX): $61260.10
[ANALIS] State: BULLISH | EMA13/34: $61266.5/$61251.3 | VWAP Sesi: $60482.08 | Vol Surge: 0.1x | BB50: [$61117.78 - $61342.79] | Tren 15m: BULLISH
[DEBUG] EMA streak: 0 | EMA13: 61266.50 | EMA34: 61251.31 | Selisih: 15.19
[ANALIS-TRENDING] Quant Golden Cross (EMA13 > EMA34), Di atas VWAP ($60482.08), & Tren 15m Bullish. Sinyal BUY.
[2026-07-02 17:59:21] Keputusan analis: Buy(0.0016705211268429263, "[Trending] Quant EMA13/34 Buy (Vol 0.1x)")
Mencegah transaksi berulang (Cool-down aktif). Aksi terakhir BUY pada 17:58:21 (1 menit lalu)
[2026-07-02 17:59:21] Validasi gagal / keputusan WAIT. Tidak ada eksekusi.
[2026-07-02 18:00:22] Siklus Menit Baru. Harga BTC Terakhir (OKX): $61255.30
[ANALIS] State: BULLISH | EMA13/34: $61265.5/$61250.4 | VWAP Sesi: $60483.09 | Vol Surge: 1.4x | BB50: [$61121.59 - $61343.16] | Tren 15m: BULLISH
[DEBUG] EMA streak: 0 | EMA13: 61265.50 | EMA34: 61250.42 | Selisih: 15.08
[ANALIS-TRENDING] Quant Golden Cross (EMA13 > EMA34), Di atas VWAP ($60483.09), & Tren 15m Bullish. Sinyal BUY.
[2026-07-02 18:00:22] Keputusan analis: Buy(0.0016706520298245269, "[Trending] Quant EMA13/34 Buy (Vol 1.4x)")
Mencegah transaksi berulang (Cool-down aktif). Aksi terakhir BUY pada 17:58:21 (2 menit lalu)
[2026-07-02 18:00:22] Validasi gagal / keputusan WAIT. Tidak ada eksekusi.
[2026-07-02 18:01:22] Siklus Menit Baru. Harga BTC Terakhir (OKX): $61274.60
[ANALIS] State: BULLISH | EMA13/34: $61269.2/$61253.7 | VWAP Sesi: $60485.07 | Vol Surge: 1.0x | BB50: [$61127.82 - $61343.50] | Tren 15m: BULLISH
[DEBUG] EMA streak: 0 | EMA13: 61269.17 | EMA34: 61253.70 | Selisih: 15.47
[ANALIS-TRENDING] Quant Golden Cross (EMA13 > EMA34), Di atas VWAP ($60485.07), & Tren 15m Bullish. Sinyal BUY.
[2026-07-02 18:01:22] Keputusan analis: Buy(0.0016701258153053687, "[Trending] Quant EMA13/34 Buy (Vol 1.0x)")
Mencegah transaksi berulang (Cool-down aktif). Aksi terakhir BUY pada 17:58:21 (3 menit lalu)
[2026-07-02 18:01:22] Validasi gagal / keputusan WAIT. Tidak ada eksekusi.
[2026-07-02 18:02:22] Siklus Menit Baru. Harga BTC Terakhir (OKX): $61250.70
[ANALIS] State: BULLISH | EMA13/34: $61263.4/$61255.7 | VWAP Sesi: $60486.18 | Vol Surge: 0.9x | BB50: [$61132.88 - $61341.57] | Tren 15m: BEARISH
[DEBUG] EMA streak: 0 | EMA13: 61263.40 | EMA34: 61255.72 | Selisih: 7.68
[ANALIS-TRENDING] Menunggu konfirmasi streak 2 menit. Saat ini: 1 menit.
[2026-07-02 18:02:22] Keputusan analis: Wait
[2026-07-02 18:02:22] Validasi gagal / keputusan WAIT. Tidak ada eksekusi.
[2026-07-02 18:03:22] Siklus Menit Baru. Harga BTC Terakhir (OKX): $61240.90
[ANALIS] State: BULLISH | EMA13/34: $61261.3/$61256.2 | VWAP Sesi: $60488.08 | Vol Surge: 1.0x | BB50: [$61133.66 - $61342.22] | Tren 15m: BEARISH
[DEBUG] EMA streak: 1 | EMA13: 61261.27 | EMA34: 61256.20 | Selisih: 5.07
[ANALIS-TRENDING] Sinyal melemah/Death Cross terkonfirmasi 2 menit berturut. Sinyal SELL.
[2026-07-02 18:03:22] Keputusan analis: Sell(0.007964051982749808, "[Trending] Quant EMA13/34 Sell Confirmed (2m streak)")
Mencegah Whipsaw (Holding time < 15 menit). Beli terakhir 5 menit lalu. Sinyal normal ([Trending] Quant EMA13/34 Sell Confirmed (2m streak)) diabaikan.
[2026-07-02 18:03:22] Validasi gagal / keputusan WAIT. Tidak ada eksekusi.
[2026-07-02 18:04:22] Siklus Menit Baru. Harga BTC Terakhir (OKX): $61234.40
[ANALIS] State: BULLISH | EMA13/34: $61256.4/$61254.9 | VWAP Sesi: $60489.18 | Vol Surge: 1.0x | BB50: [$61133.58 - $61342.12] | Tren 15m: BEARISH
[DEBUG] EMA streak: 0 | EMA13: 61256.41 | EMA34: 61254.89 | Selisih: 1.52
[ANALIS-TRENDING] Menunggu konfirmasi streak 2 menit. Saat ini: 1 menit.
[2026-07-02 18:04:22] Keputusan analis: Wait
[2026-07-02 18:04:22] Validasi gagal / keputusan WAIT. Tidak ada eksekusi.
[2026-07-02 18:05:22] Siklus Menit Baru. Harga BTC Terakhir (OKX): $61261.90
[ANALIS] State: BULLISH | EMA13/34: $61259.5/$61250.3 | VWAP Sesi: $60490.23 | Vol Surge: 0.4x | BB50: [$61134.15 - $61343.30] | Tren 15m: BEARISH
[DEBUG] EMA streak: 1 | EMA13: 61259.52 | EMA34: 61250.28 | Selisih: 9.24
[ANALIS-TRENDING] Sinyal melemah/Death Cross terkonfirmasi 2 menit berturut. Sinyal SELL.
[2026-07-02 18:05:22] Keputusan analis: Sell(0.007964051982749808, "[Trending] Quant EMA13/34 Sell Confirmed (2m streak)")
Mencegah Whipsaw (Holding time < 15 menit). Beli terakhir 7 menit lalu. Sinyal normal ([Trending] Quant EMA13/34 Sell Confirmed (2m streak)) diabaikan.
[2026-07-02 18:05:22] Validasi gagal / keputusan WAIT. Tidak ada eksekusi.
[2026-07-02 18:06:23] Siklus Menit Baru. Harga BTC Terakhir (OKX): $61263.30
[ANALIS] State: SIDEWAYS | EMA13/34: $61261.1/$61254.0 | VWAP Sesi: $60490.83 | Vol Surge: 0.3x | BB50: [$61142.15 - $61341.25] | Tren 15m: BEARISH
[ANALIS-SIDEWAYS] WAIT - Lebar BB sempit (0.325%).
[2026-07-02 18:06:23] Keputusan analis: Wait
[2026-07-02 18:06:23] Validasi gagal / keputusan WAIT. Tidak ada eksekusi.
[2026-07-02 18:07:23] Siklus Menit Baru. Harga BTC Terakhir (OKX): $61283.40
[ANALIS] State: SIDEWAYS | EMA13/34: $61265.3/$61253.8 | VWAP Sesi: $60491.04 | Vol Surge: 0.0x | BB50: [$61145.96 - $61342.35] | Tren 15m: BULLISH
[ANALIS-SIDEWAYS] WAIT - Lebar BB sempit (0.320%).
[2026-07-02 18:07:23] Keputusan analis: Wait
[2026-07-02 18:07:23] Validasi gagal / keputusan WAIT. Tidak ada eksekusi.
[2026-07-02 18:08:23] Siklus Menit Baru. Harga BTC Terakhir (OKX): $61280.00
[ANALIS] State: SIDEWAYS | EMA13/34: $61270.0/$61258.2 | VWAP Sesi: $60491.88 | Vol Surge: 0.4x | BB50: [$61154.20 - $61341.12] | Tren 15m: BEARISH
[ANALIS-SIDEWAYS] WAIT - Lebar BB sempit (0.305%).
[2026-07-02 18:08:23] Keputusan analis: Wait
[2026-07-02 18:08:23] Validasi gagal / keputusan WAIT. Tidak ada eksekusi.
[2026-07-02 18:09:23] Siklus Menit Baru. Harga BTC Terakhir (OKX): $61312.60
[ANALIS] State: SIDEWAYS | EMA13/34: $61280.6/$61261.9 | VWAP Sesi: $60493.01 | Vol Surge: 0.3x | BB50: [$61158.26 - $61344.68] | Tren 15m: BEARISH
[ANALIS-SIDEWAYS] WAIT - Lebar BB sempit (0.304%).
[2026-07-02 18:09:23] Keputusan analis: Wait
[2026-07-02 18:09:23] Validasi gagal / keputusan WAIT. Tidak ada eksekusi.
[2026-07-02 18:10:23] Siklus Menit Baru. Harga BTC Terakhir (OKX): $61331.60
[ANALIS] State: SIDEWAYS | EMA13/34: $61289.1/$61267.5 | VWAP Sesi: $60493.38 | Vol Surge: 0.2x | BB50: [$61165.67 - $61345.62] | Tren 15m: BULLISH
[ANALIS-SIDEWAYS] WAIT - Lebar BB sempit (0.293%).
[2026-07-02 18:10:23] Keputusan analis: Wait
[2026-07-02 18:10:23] Validasi gagal / keputusan WAIT. Tidak ada eksekusi.
[2026-07-02 18:11:23] Siklus Menit Baru. Harga BTC Terakhir (OKX): $61362.80
[ANALIS] State: SIDEWAYS | EMA13/34: $61299.0/$61272.0 | VWAP Sesi: $60494.31 | Vol Surge: 0.5x | BB50: [$61169.99 - $61349.47] | Tren 15m: BULLISH
[ANALIS-SIDEWAYS] WAIT - Lebar BB sempit (0.292%).
[2026-07-02 18:11:23] Keputusan analis: Wait
[2026-07-02 18:11:23] Validasi gagal / keputusan WAIT. Tidak ada eksekusi.
[2026-07-02 18:12:23] Siklus Menit Baru. Harga BTC Terakhir (OKX): $61348.40
[ANALIS] State: SIDEWAYS | EMA13/34: $61301.5/$61274.8 | VWAP Sesi: $60494.81 | Vol Surge: 0.1x | BB50: [$61179.46 - $61346.87] | Tren 15m: BULLISH
[ANALIS-SIDEWAYS] WAIT - Lebar BB sempit (0.273%).
[2026-07-02 18:12:23] Keputusan analis: Wait
[2026-07-02 18:12:23] Validasi gagal / keputusan WAIT. Tidak ada eksekusi.
[2026-07-02 18:13:24] Siklus Menit Baru. Harga BTC Terakhir (OKX): $61312.30
[ANALIS] State: SIDEWAYS | EMA13/34: $61298.7/$61278.4 | VWAP Sesi: $60497.31 | Vol Surge: 2.3x | BB50: [$61189.64 - $61341.79] | Tren 15m: BULLISH
[ANALIS-SIDEWAYS] WAIT - Lebar BB sempit (0.248%).
[2026-07-02 18:13:24] Keputusan analis: Wait
[2026-07-02 18:13:24] Validasi gagal / keputusan WAIT. Tidak ada eksekusi.
[2026-07-02 18:14:24] Siklus Menit Baru. Harga BTC Terakhir (OKX): $61295.50
[ANALIS] State: SIDEWAYS | EMA13/34: $61295.2/$61278.9 | VWAP Sesi: $60497.65 | Vol Surge: 0.4x | BB50: [$61192.91 - $61340.87] | Tren 15m: BULLISH
[ANALIS-SIDEWAYS] WAIT - Lebar BB sempit (0.241%).
[2026-07-02 18:14:24] Keputusan analis: Wait
[2026-07-02 18:14:24] Validasi gagal / keputusan WAIT. Tidak ada eksekusi.
[2026-07-02 18:15:24] Siklus Menit Baru. Harga BTC Terakhir (OKX): $61286.70
[ANALIS] State: SIDEWAYS | EMA13/34: $61292.7/$61277.0 | VWAP Sesi: $60498.03 | Vol Surge: 0.4x | BB50: [$61194.74 - $61340.97] | Tren 15m: BULLISH
[ANALIS-SIDEWAYS] WAIT - Lebar BB sempit (0.239%).
[2026-07-02 18:15:24] Keputusan analis: Wait
[2026-07-02 18:15:24] Validasi gagal / keputusan WAIT. Tidak ada eksekusi.
[2026-07-02 18:16:24] Siklus Menit Baru. Harga BTC Terakhir (OKX): $61285.00
[ANALIS] State: SIDEWAYS | EMA13/34: $61291.5/$61275.9 | VWAP Sesi: $60498.35 | Vol Surge: 0.2x | BB50: [$61199.43 - $61339.84] | Tren 15m: BULLISH
[ANALIS-SIDEWAYS] WAIT - Lebar BB sempit (0.229%).
[2026-07-02 18:16:24] Keputusan analis: Wait
[2026-07-02 18:16:24] Validasi gagal / keputusan WAIT. Tidak ada eksekusi.
[2026-07-02 18:17:24] Siklus Menit Baru. Harga BTC Terakhir (OKX): $61266.30
[ANALIS] State: SIDEWAYS | EMA13/34: $61287.7/$61275.2 | VWAP Sesi: $60498.91 | Vol Surge: 0.8x | BB50: [$61207.96 - $61335.24] | Tren 15m: BULLISH
[ANALIS-SIDEWAYS] WAIT - Lebar BB sempit (0.208%).
[2026-07-02 18:17:24] Keputusan analis: Wait
[2026-07-02 18:17:24] Validasi gagal / keputusan WAIT. Tidak ada eksekusi.
[2026-07-02 18:18:24] Siklus Menit Baru. Harga BTC Terakhir (OKX): $61281.50
[ANALIS] State: SIDEWAYS | EMA13/34: $61287.9/$61278.9 | VWAP Sesi: $60501.25 | Vol Surge: 0.8x | BB50: [$61218.04 - $61330.14] | Tren 15m: BULLISH
[ANALIS-SIDEWAYS] WAIT - Lebar BB sempit (0.183%).
[2026-07-02 18:18:24] Keputusan analis: Wait
[2026-07-02 18:18:24] Validasi gagal / keputusan WAIT. Tidak ada eksekusi.
[2026-07-02 18:19:25] Siklus Menit Baru. Harga BTC Terakhir (OKX): $61285.10
[ANALIS] State: SIDEWAYS | EMA13/34: $61286.8/$61280.9 | VWAP Sesi: $60502.38 | Vol Surge: 1.7x | BB50: [$61221.39 - $61329.16] | Tren 15m: BULLISH
[ANALIS-SIDEWAYS] WAIT - Lebar BB sempit (0.176%).
[2026-07-02 18:19:25] Keputusan analis: Wait
[2026-07-02 18:19:25] Validasi gagal / keputusan WAIT. Tidak ada eksekusi.
[2026-07-02 18:20:25] Siklus Menit Baru. Harga BTC Terakhir (OKX): $61281.40
[ANALIS] State: SIDEWAYS | EMA13/34: $61286.3/$61281.8 | VWAP Sesi: $60505.57 | Vol Surge: 2.2x | BB50: [$61222.13 - $61329.50] | Tren 15m: BULLISH
[ANALIS-SIDEWAYS] WAIT - Lebar BB sempit (0.175%).
[2026-07-02 18:20:25] Keputusan analis: Wait
[2026-07-02 18:20:25] Validasi gagal / keputusan WAIT. Tidak ada eksekusi.
[2026-07-02 18:21:25] Siklus Menit Baru. Harga BTC Terakhir (OKX): $61278.40
[ANALIS] State: SIDEWAYS | EMA13/34: $61284.0/$61280.2 | VWAP Sesi: $60507.66 | Vol Surge: 0.1x | BB50: [$61222.12 - $61329.43] | Tren 15m: BEARISH
[ANALIS-SIDEWAYS] WAIT - Lebar BB sempit (0.175%).
[2026-07-02 18:21:25] Keputusan analis: Wait
[2026-07-02 18:21:25] Validasi gagal / keputusan WAIT. Tidak ada eksekusi.
[2026-07-02 18:22:25] Siklus Menit Baru. Harga BTC Terakhir (OKX): $61309.80
[ANALIS] State: SIDEWAYS | EMA13/34: $61289.9/$61284.7 | VWAP Sesi: $60508.92 | Vol Surge: 0.4x | BB50: [$61223.00 - $61331.50] | Tren 15m: BULLISH
[ANALIS-SIDEWAYS] WAIT - Lebar BB sempit (0.177%).
[2026-07-02 18:22:25] Keputusan analis: Wait
[2026-07-02 18:22:25] Validasi gagal / keputusan WAIT. Tidak ada eksekusi.
[2026-07-02 18:23:25] Siklus Menit Baru. Harga BTC Terakhir (OKX): $61331.40
[ANALIS] State: SIDEWAYS | EMA13/34: $61294.3/$61286.3 | VWAP Sesi: $60510.60 | Vol Surge: 2.0x | BB50: [$61222.05 - $61333.65] | Tren 15m: BULLISH
[ANALIS-SIDEWAYS] WAIT - Lebar BB sempit (0.182%).
[2026-07-02 18:23:25] Keputusan analis: Wait
[2026-07-02 18:23:25] Validasi gagal / keputusan WAIT. Tidak ada eksekusi.
[2026-07-02 18:24:25] Siklus Menit Baru. Harga BTC Terakhir (OKX): $61319.20
[ANALIS] State: SIDEWAYS | EMA13/34: $61296.4/$61287.2 | VWAP Sesi: $60513.13 | Vol Surge: 1.6x | BB50: [$61222.17 - $61334.56] | Tren 15m: BEARISH
[ANALIS-SIDEWAYS] WAIT - Lebar BB sempit (0.183%).
[2026-07-02 18:24:25] Keputusan analis: Wait
[2026-07-02 18:24:25] Validasi gagal / keputusan WAIT. Tidak ada eksekusi.
[2026-07-02 18:25:26] Siklus Menit Baru. Harga BTC Terakhir (OKX): $61299.60
[ANALIS] State: SIDEWAYS | EMA13/34: $61296.3/$61287.5 | VWAP Sesi: $60515.85 | Vol Surge: 0.6x | BB50: [$61222.51 - $61335.04] | Tren 15m: BEARISH
[ANALIS-SIDEWAYS] WAIT - Lebar BB sempit (0.184%).
[2026-07-02 18:25:26] Keputusan analis: Wait
[2026-07-02 18:25:26] Validasi gagal / keputusan WAIT. Tidak ada eksekusi.
[2026-07-02 18:26:26] Siklus Menit Baru. Harga BTC Terakhir (OKX): $61286.10
[ANALIS] State: SIDEWAYS | EMA13/34: $61294.6/$61286.3 | VWAP Sesi: $60516.45 | Vol Surge: 0.2x | BB50: [$61222.82 - $61335.21] | Tren 15m: BEARISH
[ANALIS-SIDEWAYS] WAIT - Lebar BB sempit (0.183%).
[2026-07-02 18:26:26] Keputusan analis: Wait
[2026-07-02 18:26:26] Validasi gagal / keputusan WAIT. Tidak ada eksekusi.
[2026-07-02 18:27:26] Siklus Menit Baru. Harga BTC Terakhir (OKX): $61314.00
[ANALIS] State: SIDEWAYS | EMA13/34: $61298.5/$61288.1 | VWAP Sesi: $60516.84 | Vol Surge: 0.2x | BB50: [$61223.74 - $61337.09] | Tren 15m: BULLISH
[ANALIS-SIDEWAYS] WAIT - Lebar BB sempit (0.185%).
[2026-07-02 18:27:26] Keputusan analis: Wait
[2026-07-02 18:27:26] Validasi gagal / keputusan WAIT. Tidak ada eksekusi.
[2026-07-02 18:28:26] Siklus Menit Baru. Harga BTC Terakhir (OKX): $61294.60
[ANALIS] State: SIDEWAYS | EMA13/34: $61299.8/$61291.7 | VWAP Sesi: $60519.40 | Vol Surge: 1.9x | BB50: [$61224.81 - $61338.54] | Tren 15m: BULLISH
[ANALIS-SIDEWAYS] WAIT - Lebar BB sempit (0.186%).
[2026-07-02 18:28:26] Keputusan analis: Wait
[2026-07-02 18:28:26] Validasi gagal / keputusan WAIT. Tidak ada eksekusi.
[2026-07-02 18:29:26] Siklus Menit Baru. Harga BTC Terakhir (OKX): $61284.70
[ANALIS] State: SIDEWAYS | EMA13/34: $61298.3/$61290.9 | VWAP Sesi: $60521.69 | Vol Surge: 0.7x | BB50: [$61224.71 - $61338.49] | Tren 15m: BEARISH
[ANALIS-SIDEWAYS] WAIT - Lebar BB sempit (0.186%).
[2026-07-02 18:29:26] Keputusan analis: Wait
[2026-07-02 18:29:26] Validasi gagal / keputusan WAIT. Tidak ada eksekusi.
[2026-07-02 18:30:26] Siklus Menit Baru. Harga BTC Terakhir (OKX): $61286.60
[ANALIS] State: SIDEWAYS | EMA13/34: $61298.0/$61293.3 | VWAP Sesi: $60522.92 | Vol Surge: 0.2x | BB50: [$61224.92 - $61338.99] | Tren 15m: BULLISH
[ANALIS-SIDEWAYS] WAIT - Lebar BB sempit (0.186%).
[2026-07-02 18:30:26] Keputusan analis: Wait
[2026-07-02 18:30:26] Validasi gagal / keputusan WAIT. Tidak ada eksekusi.
[2026-07-02 18:31:27] Siklus Menit Baru. Harga BTC Terakhir (OKX): $61283.90
[ANALIS] State: SIDEWAYS | EMA13/34: $61295.4/$61292.8 | VWAP Sesi: $60523.84 | Vol Surge: 0.7x | BB50: [$61225.12 - $61337.19] | Tren 15m: BULLISH
[ANALIS-SIDEWAYS] WAIT - Lebar BB sempit (0.183%).
[2026-07-02 18:31:27] Keputusan analis: Wait
[2026-07-02 18:31:27] Validasi gagal / keputusan WAIT. Tidak ada eksekusi.
[2026-07-02 18:32:27] Siklus Menit Baru. Harga BTC Terakhir (OKX): $61330.40
[ANALIS] State: SIDEWAYS | EMA13/34: $61307.5/$61294.5 | VWAP Sesi: $60524.64 | Vol Surge: 0.4x | BB50: [$61223.50 - $61341.38] | Tren 15m: BULLISH
[ANALIS-SIDEWAYS] WAIT - Lebar BB sempit (0.192%).
[2026-07-02 18:32:27] Keputusan analis: Wait
[2026-07-02 18:32:27] Validasi gagal / keputusan WAIT. Tidak ada eksekusi.
[2026-07-02 18:33:27] Siklus Menit Baru. Harga BTC Terakhir (OKX): $61307.30
[ANALIS] State: SIDEWAYS | EMA13/34: $61305.9/$61291.8 | VWAP Sesi: $60524.83 | Vol Surge: 0.1x | BB50: [$61225.07 - $61341.33] | Tren 15m: BULLISH
[ANALIS-SIDEWAYS] WAIT - Lebar BB sempit (0.190%).
[2026-07-02 18:33:27] Keputusan analis: Wait
[2026-07-02 18:33:27] Validasi gagal / keputusan WAIT. Tidak ada eksekusi.
[2026-07-02 18:34:27] Siklus Menit Baru. Harga BTC Terakhir (OKX): $61289.00
[ANALIS] State: SIDEWAYS | EMA13/34: $61300.3/$61291.4 | VWAP Sesi: $60525.26 | Vol Surge: 0.1x | BB50: [$61231.29 - $61337.48] | Tren 15m: BEARISH
[ANALIS-SIDEWAYS] WAIT - Lebar BB sempit (0.173%).
[2026-07-02 18:34:27] Keputusan analis: Wait
[2026-07-02 18:34:27] Validasi gagal / keputusan WAIT. Tidak ada eksekusi.
[2026-07-02 18:35:27] Siklus Menit Baru. Harga BTC Terakhir (OKX): $61280.20
[ANALIS] State: SIDEWAYS | EMA13/34: $61295.4/$61290.0 | VWAP Sesi: $60525.56 | Vol Surge: 0.1x | BB50: [$61234.44 - $61335.80] | Tren 15m: BULLISH
[ANALIS-SIDEWAYS] WAIT - Lebar BB sempit (0.165%).
[2026-07-02 18:35:27] Keputusan analis: Wait
[2026-07-02 18:35:27] Validasi gagal / keputusan WAIT. Tidak ada eksekusi.
[2026-07-02 18:36:27] Siklus Menit Baru. Harga BTC Terakhir (OKX): $61286.30
[ANALIS] State: SIDEWAYS | EMA13/34: $61293.3/$61290.9 | VWAP Sesi: $60525.68 | Vol Surge: 0.0x | BB50: [$61238.04 - $61334.34] | Tren 15m: BEARISH
[ANALIS-SIDEWAYS] WAIT - Lebar BB sempit (0.157%).
[2026-07-02 18:36:27] Keputusan analis: Wait
[2026-07-02 18:36:27] Validasi gagal / keputusan WAIT. Tidak ada eksekusi.
[2026-07-02 18:37:28] Siklus Menit Baru. Harga BTC Terakhir (OKX): $61280.20
[ANALIS] State: SIDEWAYS | EMA13/34: $61291.2/$61291.1 | VWAP Sesi: $60525.86 | Vol Surge: 0.1x | BB50: [$61239.27 - $61334.04] | Tren 15m: BEARISH
[ANALIS-SIDEWAYS] WAIT - Lebar BB sempit (0.155%).
[2026-07-02 18:37:28] Keputusan analis: Wait
[2026-07-02 18:37:28] Validasi gagal / keputusan WAIT. Tidak ada eksekusi.
[2026-07-02 18:38:28] Siklus Menit Baru. Harga BTC Terakhir (OKX): $61333.10
[ANALIS] State: SIDEWAYS | EMA13/34: $61297.6/$61293.7 | VWAP Sesi: $60526.23 | Vol Surge: 0.2x | BB50: [$61239.18 - $61336.66] | Tren 15m: BULLISH
[ANALIS-SIDEWAYS] WAIT - Lebar BB sempit (0.159%).
[2026-07-02 18:38:28] Keputusan analis: Wait
[2026-07-02 18:38:28] Validasi gagal / keputusan WAIT. Tidak ada eksekusi.
[2026-07-02 18:39:28] Siklus Menit Baru. Harga BTC Terakhir (OKX): $61277.70
[ANALIS] State: SIDEWAYS | EMA13/34: $61290.8/$61291.4 | VWAP Sesi: $60526.39 | Vol Surge: 0.1x | BB50: [$61240.19 - $61334.53] | Tren 15m: BEARISH
[ANALIS-SIDEWAYS] WAIT - Lebar BB sempit (0.154%).
[2026-07-02 18:39:28] Keputusan analis: Wait
[2026-07-02 18:39:28] Validasi gagal / keputusan WAIT. Tidak ada eksekusi.
[2026-07-02 18:40:28] Siklus Menit Baru. Harga BTC Terakhir (OKX): $61288.30
[ANALIS] State: SIDEWAYS | EMA13/34: $61293.6/$61292.3 | VWAP Sesi: $60526.49 | Vol Surge: 0.0x | BB50: [$61240.84 - $61335.24] | Tren 15m: BEARISH
[ANALIS-SIDEWAYS] WAIT - Lebar BB sempit (0.154%).
[2026-07-02 18:40:28] Keputusan analis: Wait
[2026-07-02 18:40:28] Validasi gagal / keputusan WAIT. Tidak ada eksekusi.
[2026-07-02 18:41:28] Siklus Menit Baru. Harga BTC Terakhir (OKX): $61283.20
[ANALIS] State: SIDEWAYS | EMA13/34: $61290.5/$61290.9 | VWAP Sesi: $60526.71 | Vol Surge: 0.2x | BB50: [$61240.89 - $61335.05] | Tren 15m: BEARISH
[ANALIS-SIDEWAYS] WAIT - Lebar BB sempit (0.154%).
[2026-07-02 18:41:28] Keputusan analis: Wait
[2026-07-02 18:41:28] Validasi gagal / keputusan WAIT. Tidak ada eksekusi.
[2026-07-02 18:42:28] Siklus Menit Baru. Harga BTC Terakhir (OKX): $61298.50
[ANALIS] State: SIDEWAYS | EMA13/34: $61293.7/$61293.3 | VWAP Sesi: $60527.26 | Vol Surge: 0.2x | BB50: [$61241.87 - $61335.84] | Tren 15m: BEARISH
[ANALIS-SIDEWAYS] WAIT - Lebar BB sempit (0.153%).
[2026-07-02 18:42:28] Keputusan analis: Wait
[2026-07-02 18:42:28] Validasi gagal / keputusan WAIT. Tidak ada eksekusi.
[2026-07-02 18:43:29] Siklus Menit Baru. Harga BTC Terakhir (OKX): $61333.00
[ANALIS] State: SIDEWAYS | EMA13/34: $61297.1/$61296.0 | VWAP Sesi: $60528.18 | Vol Surge: 0.7x | BB50: [$61240.76 - $61337.93] | Tren 15m: BULLISH
[ANALIS-SIDEWAYS] WAIT - Lebar BB sempit (0.158%).
[2026-07-02 18:43:29] Keputusan analis: Wait
[2026-07-02 18:43:29] Validasi gagal / keputusan WAIT. Tidak ada eksekusi.
[2026-07-02 18:44:29] Siklus Menit Baru. Harga BTC Terakhir (OKX): $61329.30
[ANALIS] State: SIDEWAYS | EMA13/34: $61298.1/$61292.8 | VWAP Sesi: $60528.41 | Vol Surge: 0.2x | BB50: [$61241.17 - $61336.79] | Tren 15m: BULLISH
[ANALIS-SIDEWAYS] WAIT - Lebar BB sempit (0.156%).
[2026-07-02 18:44:29] Keputusan analis: Wait
[2026-07-02 18:44:29] Validasi gagal / keputusan WAIT. Tidak ada eksekusi.
[2026-07-02 18:45:29] Siklus Menit Baru. Harga BTC Terakhir (OKX): $61308.40
[ANALIS] State: SIDEWAYS | EMA13/34: $61296.2/$61293.0 | VWAP Sesi: $60529.00 | Vol Surge: 0.2x | BB50: [$61244.03 - $61335.17] | Tren 15m: BULLISH
[ANALIS-SIDEWAYS] WAIT - Lebar BB sempit (0.149%).
[2026-07-02 18:45:29] Keputusan analis: Wait
[2026-07-02 18:45:29] Validasi gagal / keputusan WAIT. Tidak ada eksekusi.
[2026-07-02 18:46:29] Siklus Menit Baru. Harga BTC Terakhir (OKX): $61284.50
[ANALIS] State: SIDEWAYS | EMA13/34: $61294.3/$61291.9 | VWAP Sesi: $60529.55 | Vol Surge: 0.1x | BB50: [$61245.03 - $61334.83] | Tren 15m: BEARISH
[ANALIS-SIDEWAYS] WAIT - Lebar BB sempit (0.147%).
[2026-07-02 18:46:29] Keputusan analis: Wait
[2026-07-02 18:46:29] Validasi gagal / keputusan WAIT. Tidak ada eksekusi.
[2026-07-02 18:47:29] Siklus Menit Baru. Harga BTC Terakhir (OKX): $61301.60
[ANALIS] State: SIDEWAYS | EMA13/34: $61295.7/$61292.9 | VWAP Sesi: $60529.84 | Vol Surge: 0.2x | BB50: [$61246.93 - $61334.84] | Tren 15m: BEARISH
[ANALIS-SIDEWAYS] WAIT - Lebar BB sempit (0.143%).
[2026-07-02 18:47:29] Keputusan analis: Wait
[2026-07-02 18:47:29] Validasi gagal / keputusan WAIT. Tidak ada eksekusi.
[2026-07-02 18:48:29] Siklus Menit Baru. Harga BTC Terakhir (OKX): $61301.60
[ANALIS] State: SIDEWAYS | EMA13/34: $61294.9/$61292.8 | VWAP Sesi: $60529.98 | Vol Surge: 0.0x | BB50: [$61248.26 - $61334.58] | Tren 15m: BULLISH
[ANALIS-SIDEWAYS] WAIT - Lebar BB sempit (0.141%).
[2026-07-02 18:48:29] Keputusan analis: Wait
[2026-07-02 18:48:29] Validasi gagal / keputusan WAIT. Tidak ada eksekusi.
[2026-07-02 18:49:30] Siklus Menit Baru. Harga BTC Terakhir (OKX): $61282.90
[ANALIS] State: SIDEWAYS | EMA13/34: $61292.4/$61292.4 | VWAP Sesi: $60530.18 | Vol Surge: 0.1x | BB50: [$61249.16 - $61334.13] | Tren 15m: BULLISH
[ANALIS-SIDEWAYS] WAIT - Lebar BB sempit (0.139%).
[2026-07-02 18:49:30] Keputusan analis: Wait
[2026-07-02 18:49:30] Validasi gagal / keputusan WAIT. Tidak ada eksekusi.
[2026-07-02 18:50:30] Siklus Menit Baru. Harga BTC Terakhir (OKX): $61285.40
[ANALIS] State: SIDEWAYS | EMA13/34: $61291.9/$61290.7 | VWAP Sesi: $60530.33 | Vol Surge: 0.1x | BB50: [$61249.75 - $61334.14] | Tren 15m: BEARISH
[ANALIS-SIDEWAYS] WAIT - Lebar BB sempit (0.138%).
[2026-07-02 18:50:30] Keputusan analis: Wait
[2026-07-02 18:50:30] Validasi gagal / keputusan WAIT. Tidak ada eksekusi.
[2026-07-02 18:51:30] Siklus Menit Baru. Harga BTC Terakhir (OKX): $61281.90
[ANALIS] State: SIDEWAYS | EMA13/34: $61290.2/$61291.0 | VWAP Sesi: $60530.39 | Vol Surge: 0.0x | BB50: [$61252.42 - $61332.83] | Tren 15m: BULLISH
[ANALIS-SIDEWAYS] WAIT - Lebar BB sempit (0.131%).
[2026-07-02 18:51:30] Keputusan analis: Wait
[2026-07-02 18:51:30] Validasi gagal / keputusan WAIT. Tidak ada eksekusi.
[2026-07-02 18:52:30] Siklus Menit Baru. Harga BTC Terakhir (OKX): $61284.10
[ANALIS] State: SIDEWAYS | EMA13/34: $61291.0/$61289.7 | VWAP Sesi: $60530.47 | Vol Surge: 0.0x | BB50: [$61254.15 - $61332.50] | Tren 15m: BULLISH
[ANALIS-SIDEWAYS] WAIT - Lebar BB sempit (0.128%).
[2026-07-02 18:52:30] Keputusan analis: Wait
[2026-07-02 18:52:30] Validasi gagal / keputusan WAIT. Tidak ada eksekusi.
[2026-07-02 18:53:30] Siklus Menit Baru. Harga BTC Terakhir (OKX): $61276.40
[ANALIS] State: SIDEWAYS | EMA13/34: $61287.6/$61289.5 | VWAP Sesi: $60530.57 | Vol Surge: 0.1x | BB50: [$61258.20 - $61329.80] | Tren 15m: BEARISH
[ANALIS-SIDEWAYS] WAIT - Lebar BB sempit (0.117%).
[2026-07-02 18:53:30] Keputusan analis: Wait
[2026-07-02 18:53:30] Validasi gagal / keputusan WAIT. Tidak ada eksekusi.
[2026-07-02 18:54:30] Siklus Menit Baru. Harga BTC Terakhir (OKX): $61285.60
[ANALIS] State: SIDEWAYS | EMA13/34: $61288.3/$61290.6 | VWAP Sesi: $60530.65 | Vol Surge: 0.1x | BB50: [$61261.16 - $61328.44] | Tren 15m: BEARISH
[ANALIS-SIDEWAYS] WAIT - Lebar BB sempit (0.110%).
[2026-07-02 18:54:30] Keputusan analis: Wait
[2026-07-02 18:54:30] Validasi gagal / keputusan WAIT. Tidak ada eksekusi.
[2026-07-02 18:55:31] Siklus Menit Baru. Harga BTC Terakhir (OKX): $61200.50
[ANALIS] State: SIDEWAYS | EMA13/34: $61275.0/$61285.4 | VWAP Sesi: $60530.88 | Vol Surge: 0.3x | BB50: [$61251.72 - $61334.78] | Tren 15m: BEARISH
[ANALIS] ⚠️ DETEKSI DUMP MENDADAK! Mengamankan aset, JUAL semua.
[2026-07-02 18:55:31] Keputusan analis: Sell(0.007964051982749808, "[Darurat] Deteksi Dump Mendadak")
[2026-07-02 18:55:31] Mengeksekusi transaksi...
[2026-07-02 18:55:31] Eksekusi sukses. Saldo: $998.60, BTC: 0.0000
[2026-07-02 18:56:31] Siklus Menit Baru. Harga BTC Terakhir (OKX): $61173.10
[ANALIS] State: SIDEWAYS | EMA13/34: $61252.8/$61276.9 | VWAP Sesi: $60531.94 | Vol Surge: 1.3x | BB50: [$61227.10 - $61352.78] | Tren 15m: BEARISH
[ANALIS-SIDEWAYS] WAIT - Lebar BB sempit (0.205%).
[2026-07-02 18:56:31] Keputusan analis: Wait
[2026-07-02 18:56:31] Validasi gagal / keputusan WAIT. Tidak ada eksekusi.
[2026-07-02 18:57:31] Siklus Menit Baru. Harga BTC Terakhir (OKX): $61228.50
[ANALIS] State: SIDEWAYS | EMA13/34: $61262.7/$61280.9 | VWAP Sesi: $60533.59 | Vol Surge: 0.5x | BB50: [$61235.35 - $61346.05] | Tren 15m: BEARISH
[ANALIS-SIDEWAYS] WAIT - Lebar BB sempit (0.181%).
[2026-07-02 18:57:31] Keputusan analis: Wait
[2026-07-02 18:57:31] Validasi gagal / keputusan WAIT. Tidak ada eksekusi.
[2026-07-02 18:58:31] Siklus Menit Baru. Harga BTC Terakhir (OKX): $61299.90
[ANALIS] State: SIDEWAYS | EMA13/34: $61275.3/$61285.5 | VWAP Sesi: $60534.39 | Vol Surge: 0.2x | BB50: [$61239.54 - $61343.55] | Tren 15m: BEARISH
[ANALIS-SIDEWAYS] WAIT - Lebar BB sempit (0.170%).
[2026-07-02 18:58:31] Keputusan analis: Wait
[2026-07-02 18:58:31] Validasi gagal / keputusan WAIT. Tidak ada eksekusi.
[2026-07-02 18:59:31] Siklus Menit Baru. Harga BTC Terakhir (OKX): $61333.90
[ANALIS] State: SIDEWAYS | EMA13/34: $61286.0/$61289.5 | VWAP Sesi: $60535.12 | Vol Surge: 0.4x | BB50: [$61238.81 - $61345.47] | Tren 15m: BULLISH
[ANALIS-SIDEWAYS] WAIT - Lebar BB sempit (0.174%).
[2026-07-02 18:59:31] Keputusan analis: Wait
[2026-07-02 18:59:31] Validasi gagal / keputusan WAIT. Tidak ada eksekusi.
[2026-07-02 19:00:31] Siklus Menit Baru. Harga BTC Terakhir (OKX): $61313.40
[ANALIS] State: SIDEWAYS | EMA13/34: $61291.4/$61291.9 | VWAP Sesi: $60536.36 | Vol Surge: 0.4x | BB50: [$61238.38 - $61345.86] | Tren 15m: BULLISH
[ANALIS-SIDEWAYS] WAIT - Lebar BB sempit (0.175%).
[2026-07-02 19:00:31] Keputusan analis: Wait
[2026-07-02 19:00:31] Validasi gagal / keputusan WAIT. Tidak ada eksekusi.
[2026-07-02 19:01:32] Siklus Menit Baru. Harga BTC Terakhir (OKX): $61323.40
[ANALIS] State: SIDEWAYS | EMA13/34: $61298.1/$61293.0 | VWAP Sesi: $60536.56 | Vol Surge: 0.2x | BB50: [$61238.35 - $61346.13] | Tren 15m: BULLISH
[ANALIS-SIDEWAYS] WAIT - Lebar BB sempit (0.176%).
[2026-07-02 19:01:32] Keputusan analis: Wait
[2026-07-02 19:01:32] Validasi gagal / keputusan WAIT. Tidak ada eksekusi.
[2026-07-02 19:02:32] Siklus Menit Baru. Harga BTC Terakhir (OKX): $61336.30
[ANALIS] State: SIDEWAYS | EMA13/34: $61302.2/$61294.1 | VWAP Sesi: $60537.00 | Vol Surge: 0.4x | BB50: [$61237.87 - $61347.49] | Tren 15m: BULLISH
[ANALIS-SIDEWAYS] WAIT - Lebar BB sempit (0.179%).
[2026-07-02 19:02:32] Keputusan analis: Wait
[2026-07-02 19:02:32] Validasi gagal / keputusan WAIT. Tidak ada eksekusi.
[2026-07-02 19:03:32] Siklus Menit Baru. Harga BTC Terakhir (OKX): $61297.70
[ANALIS] State: SIDEWAYS | EMA13/34: $61298.6/$61292.8 | VWAP Sesi: $60537.97 | Vol Surge: 0.8x | BB50: [$61238.69 - $61346.07] | Tren 15m: BULLISH
[ANALIS-SIDEWAYS] WAIT - Lebar BB sempit (0.175%).
[2026-07-02 19:03:32] Keputusan analis: Wait
[2026-07-02 19:03:32] Validasi gagal / keputusan WAIT. Tidak ada eksekusi.
[2026-07-02 19:04:32] Siklus Menit Baru. Harga BTC Terakhir (OKX): $61308.70
[ANALIS] State: SIDEWAYS | EMA13/34: $61301.1/$61294.2 | VWAP Sesi: $60539.25 | Vol Surge: 0.1x | BB50: [$61239.06 - $61346.98] | Tren 15m: BULLISH
[ANALIS-SIDEWAYS] WAIT - Lebar BB sempit (0.176%).
[2026-07-02 19:04:32] Keputusan analis: Wait
[2026-07-02 19:04:32] Validasi gagal / keputusan WAIT. Tidak ada eksekusi.
[2026-07-02 19:05:32] Siklus Menit Baru. Harga BTC Terakhir (OKX): $61332.30
[ANALIS] State: SIDEWAYS | EMA13/34: $61305.8/$61296.3 | VWAP Sesi: $60540.76 | Vol Surge: 1.7x | BB50: [$61238.92 - $61349.06] | Tren 15m: BULLISH
[ANALIS-SIDEWAYS] WAIT - Lebar BB sempit (0.180%).
[2026-07-02 19:05:32] Keputusan analis: Wait
[2026-07-02 19:05:32] Validasi gagal / keputusan WAIT. Tidak ada eksekusi.
[2026-07-02 19:06:32] Siklus Menit Baru. Harga BTC Terakhir (OKX): $61328.50
[ANALIS] State: SIDEWAYS | EMA13/34: $61309.7/$61298.1 | VWAP Sesi: $60542.90 | Vol Surge: 1.3x | BB50: [$61238.96 - $61351.03] | Tren 15m: BULLISH
[ANALIS-SIDEWAYS] WAIT - Lebar BB sempit (0.183%).
[2026-07-02 19:06:32] Keputusan analis: Wait
[2026-07-02 19:06:32] Validasi gagal / keputusan WAIT. Tidak ada eksekusi.
[2026-07-02 19:07:33] Siklus Menit Baru. Harga BTC Terakhir (OKX): $61332.70
[ANALIS] State: SIDEWAYS | EMA13/34: $61317.1/$61301.8 | VWAP Sesi: $60544.45 | Vol Surge: 0.8x | BB50: [$61237.56 - $61356.04] | Tren 15m: BULLISH
[ANALIS-SIDEWAYS] WAIT - Lebar BB sempit (0.193%).
[2026-07-02 19:07:33] Keputusan analis: Wait
[2026-07-02 19:07:33] Validasi gagal / keputusan WAIT. Tidak ada eksekusi.
[2026-07-02 19:08:33] Siklus Menit Baru. Harga BTC Terakhir (OKX): $61319.10
[ANALIS] State: SIDEWAYS | EMA13/34: $61315.5/$61302.6 | VWAP Sesi: $60546.27 | Vol Surge: 1.7x | BB50: [$61238.71 - $61356.02] | Tren 15m: BULLISH
[ANALIS-SIDEWAYS] WAIT - Lebar BB sempit (0.191%).
[2026-07-02 19:08:33] Keputusan analis: Wait
[2026-07-02 19:08:33] Validasi gagal / keputusan WAIT. Tidak ada eksekusi.
[2026-07-02 19:09:33] Siklus Menit Baru. Harga BTC Terakhir (OKX): $61330.00
[ANALIS] State: SIDEWAYS | EMA13/34: $61317.7/$61303.8 | VWAP Sesi: $60547.33 | Vol Surge: 1.2x | BB50: [$61238.91 - $61357.59] | Tren 15m: BULLISH
[ANALIS-SIDEWAYS] WAIT - Lebar BB sempit (0.194%).
[2026-07-02 19:09:33] Keputusan analis: Wait
[2026-07-02 19:09:33] Validasi gagal / keputusan WAIT. Tidak ada eksekusi.
[2026-07-02 19:10:33] Siklus Menit Baru. Harga BTC Terakhir (OKX): $61330.90
[ANALIS] State: SIDEWAYS | EMA13/34: $61318.7/$61305.6 | VWAP Sesi: $60548.22 | Vol Surge: 0.1x | BB50: [$61239.70 - $61358.61] | Tren 15m: BULLISH
[ANALIS-SIDEWAYS] WAIT - Lebar BB sempit (0.194%).
[2026-07-02 19:10:33] Keputusan analis: Wait
[2026-07-02 19:10:33] Validasi gagal / keputusan WAIT. Tidak ada eksekusi.
[2026-07-02 19:11:33] Siklus Menit Baru. Harga BTC Terakhir (OKX): $61312.70
[ANALIS] State: SIDEWAYS | EMA13/34: $61316.8/$61305.9 | VWAP Sesi: $60548.40 | Vol Surge: 0.1x | BB50: [$61240.20 - $61358.66] | Tren 15m: BULLISH
[ANALIS-SIDEWAYS] WAIT - Lebar BB sempit (0.193%).
[2026-07-02 19:11:33] Keputusan analis: Wait
[2026-07-02 19:11:33] Validasi gagal / keputusan WAIT. Tidak ada eksekusi.
[2026-07-02 19:12:34] Siklus Menit Baru. Harga BTC Terakhir (OKX): $61327.90
[ANALIS] State: SIDEWAYS | EMA13/34: $61318.5/$61308.4 | VWAP Sesi: $60548.50 | Vol Surge: 0.1x | BB50: [$61240.26 - $61359.80] | Tren 15m: BULLISH
[ANALIS-SIDEWAYS] WAIT - Lebar BB sempit (0.195%).
[2026-07-02 19:12:34] Keputusan analis: Wait
[2026-07-02 19:12:34] Validasi gagal / keputusan WAIT. Tidak ada eksekusi.
[2026-07-02 19:13:34] Siklus Menit Baru. Harga BTC Terakhir (OKX): $61323.70
[ANALIS] State: SIDEWAYS | EMA13/34: $61318.0/$61308.4 | VWAP Sesi: $60548.62 | Vol Surge: 0.0x | BB50: [$61240.34 - $61359.47] | Tren 15m: BULLISH
[ANALIS-SIDEWAYS] WAIT - Lebar BB sempit (0.194%).
[2026-07-02 19:13:34] Keputusan analis: Wait
[2026-07-02 19:13:34] Validasi gagal / keputusan WAIT. Tidak ada eksekusi.
[2026-07-02 19:14:34] Siklus Menit Baru. Harga BTC Terakhir (OKX): $61353.10
[ANALIS] State: SIDEWAYS | EMA13/34: $61322.6/$61309.9 | VWAP Sesi: $60548.84 | Vol Surge: 0.3x | BB50: [$61239.43 - $61361.82] | Tren 15m: BULLISH
[ANALIS-SIDEWAYS] WAIT - Lebar BB sempit (0.199%).
[2026-07-02 19:14:34] Keputusan analis: Wait
[2026-07-02 19:14:34] Validasi gagal / keputusan WAIT. Tidak ada eksekusi.
[2026-07-02 19:15:34] Siklus Menit Baru. Harga BTC Terakhir (OKX): $61400.70
[ANALIS] State: SIDEWAYS | EMA13/34: $61335.3/$61315.6 | VWAP Sesi: $60550.02 | Vol Surge: 1.6x | BB50: [$61234.82 - $61371.05] | Tren 15m: BULLISH
[ANALIS-SIDEWAYS] WAIT - Lebar BB sempit (0.222%).
[2026-07-02 19:15:34] Keputusan analis: Wait
[2026-07-02 19:15:34] Validasi gagal / keputusan WAIT. Tidak ada eksekusi.
[2026-07-02 19:16:34] Siklus Menit Baru. Harga BTC Terakhir (OKX): $61319.30
[ANALIS] State: SIDEWAYS | EMA13/34: $61325.9/$61314.5 | VWAP Sesi: $60550.21 | Vol Surge: 0.1x | BB50: [$61239.05 - $61365.41] | Tren 15m: BULLISH
[ANALIS-SIDEWAYS] WAIT - Lebar BB sempit (0.206%).
[2026-07-02 19:16:34] Keputusan analis: Wait
[2026-07-02 19:16:34] Validasi gagal / keputusan WAIT. Tidak ada eksekusi.
[2026-07-02 19:17:34] Siklus Menit Baru. Harga BTC Terakhir (OKX): $61308.80
[ANALIS] State: SIDEWAYS | EMA13/34: $61325.5/$61313.5 | VWAP Sesi: $60550.42 | Vol Surge: 0.1x | BB50: [$61238.99 - $61365.29] | Tren 15m: BULLISH
[ANALIS-SIDEWAYS] WAIT - Lebar BB sempit (0.206%).
[2026-07-02 19:17:34] Keputusan analis: Wait
[2026-07-02 19:17:34] Validasi gagal / keputusan WAIT. Tidak ada eksekusi.
[2026-07-02 19:18:35] Siklus Menit Baru. Harga BTC Terakhir (OKX): $61344.10
[ANALIS] State: SIDEWAYS | EMA13/34: $61327.8/$61314.8 | VWAP Sesi: $60552.07 | Vol Surge: 2.1x | BB50: [$61238.78 - $61367.18] | Tren 15m: BULLISH
[ANALIS-SIDEWAYS] WAIT - Lebar BB sempit (0.209%).
[2026-07-02 19:18:35] Keputusan analis: Wait
[2026-07-02 19:18:35] Validasi gagal / keputusan WAIT. Tidak ada eksekusi.
[2026-07-02 19:19:35] Siklus Menit Baru. Harga BTC Terakhir (OKX): $61254.50
[ANALIS] State: SIDEWAYS | EMA13/34: $61322.2/$61312.6 | VWAP Sesi: $60552.31 | Vol Surge: 0.4x | BB50: [$61239.27 - $61366.33] | Tren 15m: BEARISH
[ANALIS-SIDEWAYS] WAIT - Lebar BB sempit (0.207%).
[2026-07-02 19:19:35] Keputusan analis: Wait
[2026-07-02 19:19:35] Validasi gagal / keputusan WAIT. Tidak ada eksekusi.
[2026-07-02 19:20:35] Siklus Menit Baru. Harga BTC Terakhir (OKX): $61220.20
[ANALIS] State: SIDEWAYS | EMA13/34: $61295.2/$61305.0 | VWAP Sesi: $60554.18 | Vol Surge: 0.2x | BB50: [$61226.34 - $61372.71] | Tren 15m: BEARISH
[ANALIS-SIDEWAYS] WAIT - Lebar BB sempit (0.239%).
[2026-07-02 19:20:35] Keputusan analis: Wait
[2026-07-02 19:20:35] Validasi gagal / keputusan WAIT. Tidak ada eksekusi.
[2026-07-02 19:21:35] Siklus Menit Baru. Harga BTC Terakhir (OKX): $61205.90
[ANALIS] State: SIDEWAYS | EMA13/34: $61283.3/$61298.3 | VWAP Sesi: $60554.35 | Vol Surge: 0.1x | BB50: [$61220.80 - $61373.08] | Tren 15m: BEARISH
[ANALIS-SIDEWAYS] WAIT - Lebar BB sempit (0.249%).
[2026-07-02 19:21:35] Keputusan analis: Wait
[2026-07-02 19:21:35] Validasi gagal / keputusan WAIT. Tidak ada eksekusi.
[2026-07-02 19:22:35] Siklus Menit Baru. Harga BTC Terakhir (OKX): $61233.60
[ANALIS] State: SIDEWAYS | EMA13/34: $61277.2/$61293.5 | VWAP Sesi: $60554.42 | Vol Surge: 0.1x | BB50: [$61218.25 - $61372.72] | Tren 15m: BEARISH
[ANALIS-SIDEWAYS] WAIT - Lebar BB sempit (0.252%).
[2026-07-02 19:22:35] Keputusan analis: Wait
[2026-07-02 19:22:35] Validasi gagal / keputusan WAIT. Tidak ada eksekusi.
[2026-07-02 19:23:35] Siklus Menit Baru. Harga BTC Terakhir (OKX): $61207.00
[ANALIS] State: SIDEWAYS | EMA13/34: $61271.5/$61289.6 | VWAP Sesi: $60554.67 | Vol Surge: 0.2x | BB50: [$61215.02 - $61374.17] | Tren 15m: BEARISH
[ANALIS-SIDEWAYS] WAIT - Lebar BB sempit (0.260%).
[2026-07-02 19:23:35] Keputusan analis: Wait
[2026-07-02 19:23:35] Validasi gagal / keputusan WAIT. Tidak ada eksekusi.
[2026-07-02 19:24:36] Siklus Menit Baru. Harga BTC Terakhir (OKX): $61207.70
[ANALIS] State: SIDEWAYS | EMA13/34: $61262.3/$61285.8 | VWAP Sesi: $60554.88 | Vol Surge: 0.0x | BB50: [$61210.29 - $61376.37] | Tren 15m: BEARISH
[ANALIS-SIDEWAYS] WAIT - Lebar BB sempit (0.271%).
[2026-07-02 19:24:36] Keputusan analis: Wait
[2026-07-02 19:24:36] Validasi gagal / keputusan WAIT. Tidak ada eksekusi.
[2026-07-02 19:25:36] Siklus Menit Baru. Harga BTC Terakhir (OKX): $61211.40
[ANALIS] State: SIDEWAYS | EMA13/34: $61254.9/$61280.6 | VWAP Sesi: $60555.17 | Vol Surge: 0.4x | BB50: [$61205.55 - $61378.00] | Tren 15m: BEARISH
[ANALIS-SIDEWAYS] WAIT - Lebar BB sempit (0.282%).
[2026-07-02 19:25:36] Keputusan analis: Wait
[2026-07-02 19:25:36] Validasi gagal / keputusan WAIT. Tidak ada eksekusi.
[2026-07-02 19:26:36] Siklus Menit Baru. Harga BTC Terakhir (OKX): $61231.40
[ANALIS] State: SIDEWAYS | EMA13/34: $61253.2/$61279.4 | VWAP Sesi: $60555.44 | Vol Surge: 0.5x | BB50: [$61204.46 - $61378.03] | Tren 15m: BEARISH
[ANALIS-SIDEWAYS] WAIT - Lebar BB sempit (0.283%).
[2026-07-02 19:26:36] Keputusan analis: Wait
[2026-07-02 19:26:36] Validasi gagal / keputusan WAIT. Tidak ada eksekusi.
[2026-07-02 19:27:36] Siklus Menit Baru. Harga BTC Terakhir (OKX): $61240.10
[ANALIS] State: SIDEWAYS | EMA13/34: $61252.4/$61278.1 | VWAP Sesi: $60555.94 | Vol Surge: 0.8x | BB50: [$61202.97 - $61378.01] | Tren 15m: BEARISH
[ANALIS-SIDEWAYS] WAIT - Lebar BB sempit (0.286%).
[2026-07-02 19:27:36] Keputusan analis: Wait
[2026-07-02 19:27:36] Validasi gagal / keputusan WAIT. Tidak ada eksekusi.
[2026-07-02 19:28:36] Siklus Menit Baru. Harga BTC Terakhir (OKX): $61240.20
[ANALIS] State: SIDEWAYS | EMA13/34: $61248.9/$61275.4 | VWAP Sesi: $60556.00 | Vol Surge: 0.1x | BB50: [$61199.82 - $61378.35] | Tren 15m: BEARISH
[ANALIS-SIDEWAYS] WAIT - Lebar BB sempit (0.292%).
[2026-07-02 19:28:36] Keputusan analis: Wait
[2026-07-02 19:28:36] Validasi gagal / keputusan WAIT. Tidak ada eksekusi.
[2026-07-02 19:29:36] Siklus Menit Baru. Harga BTC Terakhir (OKX): $61329.80
[ANALIS] State: SIDEWAYS | EMA13/34: $61262.7/$61278.4 | VWAP Sesi: $60556.76 | Vol Surge: 1.2x | BB50: [$61200.83 - $61379.28] | Tren 15m: BEARISH
[ANALIS-SIDEWAYS] WAIT - Lebar BB sempit (0.291%).
[2026-07-02 19:29:36] Keputusan analis: Wait
[2026-07-02 19:29:36] Validasi gagal / keputusan WAIT. Tidak ada eksekusi.
[2026-07-02 19:30:37] Siklus Menit Baru. Harga BTC Terakhir (OKX): $61542.20
[ANALIS] State: BULLISH | EMA13/34: $61304.9/$61295.5 | VWAP Sesi: $60567.88 | Vol Surge: 10.8x | BB50: [$61181.41 - $61409.92] | Tren 15m: BULLISH
[ANALIS] ⚡ DETEKSI BREAKOUT PUMP! Masuk pasar segera.
[2026-07-02 19:30:37] Keputusan analis: Buy(0.004056558003367856, "[Breakout] Pump Mendadak")
[2026-07-02 19:30:37] Mengeksekusi transaksi...
[2026-07-02 19:30:37] Eksekusi sukses. Saldo: $748.70, BTC: 0.0041
[2026-07-02 19:31:37] Siklus Menit Baru. Harga BTC Terakhir (OKX): $61386.00
[ANALIS] State: BULLISH | EMA13/34: $61316.0/$61299.5 | VWAP Sesi: $60571.25 | Vol Surge: 2.7x | BB50: [$61181.24 - $61413.38] | Tren 15m: BULLISH
[ANALIS] ⚠️ DETEKSI DUMP MENDADAK! Mengamankan aset, JUAL semua.
[2026-07-02 19:31:37] Keputusan analis: Sell(0.004056558003367856, "[Darurat] Deteksi Dump Mendadak")
[2026-07-02 19:31:37] Mengeksekusi transaksi...
[2026-07-02 19:31:37] Eksekusi sukses. Saldo: $997.47, BTC: 0.0000
[2026-07-02 19:32:37] Siklus Menit Baru. Harga BTC Terakhir (OKX): $61429.50
[ANALIS] State: BULLISH | EMA13/34: $61325.4/$61305.3 | VWAP Sesi: $60572.68 | Vol Surge: 1.2x | BB50: [$61180.85 - $61417.67] | Tren 15m: BULLISH
[DEBUG] EMA streak: 0 | EMA13: 61325.40 | EMA34: 61305.26 | Selisih: 20.14
[ANALIS-TRENDING] Quant Golden Cross (EMA13 > EMA34), Di atas VWAP ($60572.68), & Tren 15m Bullish. Sinyal BUY.
[2026-07-02 19:32:37] Keputusan analis: Buy(0.0032475137062349057, "[Trending] Quant EMA13/34 Buy (Vol 1.2x)")
[2026-07-02 19:32:37] Mengeksekusi transaksi...
[2026-07-02 19:32:37] Eksekusi sukses. Saldo: $797.77, BTC: 0.0032
[2026-07-02 19:33:37] Siklus Menit Baru. Harga BTC Terakhir (OKX): $61290.40
[ANALIS] State: BULLISH | EMA13/34: $61321.1/$61304.6 | VWAP Sesi: $60573.15 | Vol Surge: 0.4x | BB50: [$61180.28 - $61417.94] | Tren 15m: BEARISH
[DEBUG] EMA streak: 0 | EMA13: 61321.11 | EMA34: 61304.62 | Selisih: 16.50
[ANALIS-TRENDING] Menunggu konfirmasi streak 2 menit. Saat ini: 1 menit.
[2026-07-02 19:33:37] Keputusan analis: Wait
[2026-07-02 19:33:37] Validasi gagal / keputusan WAIT. Tidak ada eksekusi.
[2026-07-02 19:34:37] Siklus Menit Baru. Harga BTC Terakhir (OKX): $61244.30
[ANALIS] State: BULLISH | EMA13/34: $61302.5/$61297.9 | VWAP Sesi: $60574.41 | Vol Surge: 0.8x | BB50: [$61175.34 - $61418.09] | Tren 15m: BULLISH
[DEBUG] EMA streak: 1 | EMA13: 61302.53 | EMA34: 61297.86 | Selisih: 4.66
[ANALIS-TRENDING] Quant Golden Cross (EMA13 > EMA34), Di atas VWAP ($60574.41), & Tren 15m Bullish. Sinyal BUY.
[2026-07-02 19:34:37] Keputusan analis: Buy(0.0026052157661216185, "[Trending] Quant EMA13/34 Buy (Vol 0.8x)")
Mencegah transaksi berulang (Cool-down aktif). Aksi terakhir BUY pada 19:32:37 (2 menit lalu)
[2026-07-02 19:34:37] Validasi gagal / keputusan WAIT. Tidak ada eksekusi.
[2026-07-02 19:35:38] Siklus Menit Baru. Harga BTC Terakhir (OKX): $61349.20
[ANALIS] State: BULLISH | EMA13/34: $61322.2/$61305.8 | VWAP Sesi: $60575.94 | Vol Surge: 1.4x | BB50: [$61177.49 - $61421.98] | Tren 15m: BULLISH
[DEBUG] EMA streak: 0 | EMA13: 61322.25 | EMA34: 61305.83 | Selisih: 16.41
[ANALIS-TRENDING] Quant Golden Cross (EMA13 > EMA34), Di atas VWAP ($60575.94), & Tren 15m Bullish. Sinyal BUY.
[2026-07-02 19:35:38] Keputusan analis: Buy(0.002600761150024487, "[Trending] Quant EMA13/34 Buy (Vol 1.4x)")
Mencegah transaksi berulang (Cool-down aktif). Aksi terakhir BUY pada 19:32:37 (3 menit lalu)
[2026-07-02 19:35:38] Validasi gagal / keputusan WAIT. Tidak ada eksekusi.
[2026-07-02 19:36:38] Siklus Menit Baru. Harga BTC Terakhir (OKX): $61374.90
[ANALIS] State: BULLISH | EMA13/34: $61330.3/$61309.9 | VWAP Sesi: $60576.37 | Vol Surge: 0.4x | BB50: [$61177.27 - $61425.69] | Tren 15m: BULLISH
[DEBUG] EMA streak: 0 | EMA13: 61330.31 | EMA34: 61309.87 | Selisih: 20.44
[ANALIS-TRENDING] Quant Golden Cross (EMA13 > EMA34), Di atas VWAP ($60576.37), & Tren 15m Bullish. Sinyal BUY.
[2026-07-02 19:36:38] Keputusan analis: Buy(0.0025996721126239266, "[Trending] Quant EMA13/34 Buy (Vol 0.4x)")
Mencegah transaksi berulang (Cool-down aktif). Aksi terakhir BUY pada 19:32:37 (4 menit lalu)
[2026-07-02 19:36:38] Validasi gagal / keputusan WAIT. Tidak ada eksekusi.
[2026-07-02 19:37:38] Siklus Menit Baru. Harga BTC Terakhir (OKX): $61407.40
[ANALIS] State: BULLISH | EMA13/34: $61343.5/$61316.7 | VWAP Sesi: $60576.65 | Vol Surge: 0.2x | BB50: [$61175.58 - $61432.89] | Tren 15m: BULLISH
[DEBUG] EMA streak: 0 | EMA13: 61343.46 | EMA34: 61316.74 | Selisih: 26.72
[ANALIS-TRENDING] Quant Golden Cross (EMA13 > EMA34), Di atas VWAP ($60576.65), & Tren 15m Bullish. Sinyal BUY.
[2026-07-02 19:37:38] Keputusan analis: Buy(0.0025982962305045034, "[Trending] Quant EMA13/34 Buy (Vol 0.2x)")
[2026-07-02 19:37:38] Mengeksekusi transaksi...
[2026-07-02 19:37:38] Eksekusi sukses. Saldo: $638.06, BTC: 0.0058
[2026-07-02 19:38:38] Siklus Menit Baru. Harga BTC Terakhir (OKX): $61377.90
[ANALIS] State: BULLISH | EMA13/34: $61357.5/$61323.8 | VWAP Sesi: $60577.31 | Vol Surge: 0.1x | BB50: [$61171.67 - $61443.07] | Tren 15m: BULLISH
[DEBUG] EMA streak: 0 | EMA13: 61357.46 | EMA34: 61323.80 | Selisih: 33.66
[ANALIS-TRENDING] Quant Golden Cross (EMA13 > EMA34), Di atas VWAP ($60577.31), & Tren 15m Bullish. Sinyal BUY.
[2026-07-02 19:38:38] Keputusan analis: Buy(0.00207911612865342, "[Trending] Quant EMA13/34 Buy (Vol 0.1x)")
Mencegah transaksi berulang (Cool-down aktif). Aksi terakhir BUY pada 19:37:38 (1 menit lalu)
[2026-07-02 19:38:38] Validasi gagal / keputusan WAIT. Tidak ada eksekusi.
[2026-07-02 19:39:38] Siklus Menit Baru. Harga BTC Terakhir (OKX): $61407.10
[ANALIS] State: BULLISH | EMA13/34: $61366.3/$61329.1 | VWAP Sesi: $60577.55 | Vol Surge: 0.2x | BB50: [$61171.00 - $61449.09] | Tren 15m: BULLISH
[DEBUG] EMA streak: 0 | EMA13: 61366.26 | EMA34: 61329.12 | Selisih: 37.14
[ANALIS-TRENDING] Quant Golden Cross (EMA13 > EMA34), Di atas VWAP ($60577.55), & Tren 15m Bullish. Sinyal BUY.
[2026-07-02 19:39:38] Keputusan analis: Buy(0.002078127477651229, "[Trending] Quant EMA13/34 Buy (Vol 0.2x)")
Mencegah transaksi berulang (Cool-down aktif). Aksi terakhir BUY pada 19:37:38 (2 menit lalu)
[2026-07-02 19:39:38] Validasi gagal / keputusan WAIT. Tidak ada eksekusi.
[2026-07-02 19:40:38] Siklus Menit Baru. Harga BTC Terakhir (OKX): $61349.90
[ANALIS] State: BULLISH | EMA13/34: $61365.3/$61331.4 | VWAP Sesi: $60577.93 | Vol Surge: 0.2x | BB50: [$61171.67 - $61451.56] | Tren 15m: BULLISH
[DEBUG] EMA streak: 0 | EMA13: 61365.35 | EMA34: 61331.40 | Selisih: 33.95
[ANALIS-TRENDING] Quant Golden Cross (EMA13 > EMA34), Di atas VWAP ($60577.93), & Tren 15m Bullish. Sinyal BUY.
[2026-07-02 19:40:38] Keputusan analis: Buy(0.0020800650340567265, "[Trending] Quant EMA13/34 Buy (Vol 0.2x)")
Mencegah transaksi berulang (Cool-down aktif). Aksi terakhir BUY pada 19:37:38 (3 menit lalu)
[2026-07-02 19:40:38] Validasi gagal / keputusan WAIT. Tidak ada eksekusi.
[2026-07-02 19:41:39] Siklus Menit Baru. Harga BTC Terakhir (OKX): $61333.90
[ANALIS] State: BULLISH | EMA13/34: $61362.6/$61331.7 | VWAP Sesi: $60578.60 | Vol Surge: 0.3x | BB50: [$61172.41 - $61453.05] | Tren 15m: BULLISH
[DEBUG] EMA streak: 0 | EMA13: 61362.57 | EMA34: 61331.74 | Selisih: 30.83
[ANALIS-TRENDING] Quant Golden Cross (EMA13 > EMA34), Di atas VWAP ($60578.60), & Tren 15m Bullish. Sinyal BUY.
[2026-07-02 19:41:39] Keputusan analis: Buy(0.002080607654704442, "[Trending] Quant EMA13/34 Buy (Vol 0.3x)")
Mencegah transaksi berulang (Cool-down aktif). Aksi terakhir BUY pada 19:37:38 (4 menit lalu)
[2026-07-02 19:41:39] Validasi gagal / keputusan WAIT. Tidak ada eksekusi.
[2026-07-02 19:42:39] Siklus Menit Baru. Harga BTC Terakhir (OKX): $61329.30
[ANALIS] State: BULLISH | EMA13/34: $61355.5/$61330.5 | VWAP Sesi: $60579.05 | Vol Surge: 0.3x | BB50: [$61173.26 - $61453.33] | Tren 15m: BULLISH
[DEBUG] EMA streak: 0 | EMA13: 61355.50 | EMA34: 61330.48 | Selisih: 25.02
[ANALIS-TRENDING] Quant Golden Cross (EMA13 > EMA34), Di atas VWAP ($60579.05), & Tren 15m Bullish. Sinyal BUY.
[2026-07-02 19:42:39] Keputusan analis: Buy(0.0020807637105409124, "[Trending] Quant EMA13/34 Buy (Vol 0.3x)")
[2026-07-02 19:42:39] Mengeksekusi transaksi...
[2026-07-02 19:42:39] Eksekusi sukses. Saldo: $510.32, BTC: 0.0079
[2026-07-02 19:43:39] Siklus Menit Baru. Harga BTC Terakhir (OKX): $61384.00
[ANALIS] State: BULLISH | EMA13/34: $61360.7/$61333.6 | VWAP Sesi: $60579.57 | Vol Surge: 0.3x | BB50: [$61174.44 - $61456.70] | Tren 15m: BULLISH
[DEBUG] EMA streak: 0 | EMA13: 61360.70 | EMA34: 61333.59 | Selisih: 27.11
[ANALIS-TRENDING] Quant Golden Cross (EMA13 > EMA34), Di atas VWAP ($60579.57), & Tren 15m Bullish. Sinyal BUY.
[2026-07-02 19:43:39] Keputusan analis: Buy(0.001662711832235352, "[Trending] Quant EMA13/34 Buy (Vol 0.3x)")
Mencegah transaksi berulang (Cool-down aktif). Aksi terakhir BUY pada 19:42:39 (1 menit lalu)
[2026-07-02 19:43:39] Validasi gagal / keputusan WAIT. Tidak ada eksekusi.
[2026-07-02 19:44:39] Siklus Menit Baru. Harga BTC Terakhir (OKX): $61362.20
[ANALIS] State: BULLISH | EMA13/34: $61362.6/$61329.6 | VWAP Sesi: $60580.38 | Vol Surge: 0.4x | BB50: [$61176.06 - $61459.24] | Tren 15m: BULLISH
[DEBUG] EMA streak: 0 | EMA13: 61362.55 | EMA34: 61329.59 | Selisih: 32.97
[ANALIS-TRENDING] Quant Golden Cross (EMA13 > EMA34), Di atas VWAP ($60580.38), & Tren 15m Bullish. Sinyal BUY.
[2026-07-02 19:44:39] Keputusan analis: Buy(0.001663302539836167, "[Trending] Quant EMA13/34 Buy (Vol 0.4x)")
Mencegah transaksi berulang (Cool-down aktif). Aksi terakhir BUY pada 19:42:39 (2 menit lalu)
[2026-07-02 19:44:39] Validasi gagal / keputusan WAIT. Tidak ada eksekusi.
[2026-07-02 19:45:39] Siklus Menit Baru. Harga BTC Terakhir (OKX): $61387.80
[ANALIS] State: BULLISH | EMA13/34: $61367.5/$61340.1 | VWAP Sesi: $60581.13 | Vol Surge: 0.5x | BB50: [$61187.68 - $61457.52] | Tren 15m: BEARISH
[DEBUG] EMA streak: 0 | EMA13: 61367.49 | EMA34: 61340.15 | Selisih: 27.34
[ANALIS-TRENDING] Menunggu konfirmasi streak 2 menit. Saat ini: 1 menit.
[2026-07-02 19:45:39] Keputusan analis: Wait
[2026-07-02 19:45:39] Validasi gagal / keputusan WAIT. Tidak ada eksekusi.
[2026-07-02 19:46:39] Siklus Menit Baru. Harga BTC Terakhir (OKX): $61404.00
[ANALIS] State: BULLISH | EMA13/34: $61373.3/$61344.6 | VWAP Sesi: $60581.67 | Vol Surge: 0.3x | BB50: [$61188.87 - $61461.60] | Tren 15m: BULLISH
[DEBUG] EMA streak: 1 | EMA13: 61373.32 | EMA34: 61344.63 | Selisih: 28.69
[ANALIS-TRENDING] Quant Golden Cross (EMA13 > EMA34), Di atas VWAP ($60581.67), & Tren 15m Bullish. Sinyal BUY.
[2026-07-02 19:46:39] Keputusan analis: Buy(0.001662170267571084, "[Trending] Quant EMA13/34 Buy (Vol 0.3x)")
Mencegah transaksi berulang (Cool-down aktif). Aksi terakhir BUY pada 19:42:39 (4 menit lalu)
[2026-07-02 19:46:39] Validasi gagal / keputusan WAIT. Tidak ada eksekusi.
[2026-07-02 19:47:40] Siklus Menit Baru. Harga BTC Terakhir (OKX): $61420.40
[ANALIS] State: BULLISH | EMA13/34: $61381.8/$61351.0 | VWAP Sesi: $60582.38 | Vol Surge: 0.7x | BB50: [$61189.01 - $61467.31] | Tren 15m: BULLISH
[DEBUG] EMA streak: 0 | EMA13: 61381.77 | EMA34: 61350.99 | Selisih: 30.79
[ANALIS-TRENDING] Quant Golden Cross (EMA13 > EMA34), Di atas VWAP ($60582.38), & Tren 15m Bullish. Sinyal BUY.
[2026-07-02 19:47:40] Keputusan analis: Buy(0.0016617264477264042, "[Trending] Quant EMA13/34 Buy (Vol 0.7x)")
Max pyramiding (3 layer) tercapai. Tunggu siklus selesai (posisi aktif saat ini: 3).
[2026-07-02 19:47:40] Validasi gagal / keputusan WAIT. Tidak ada eksekusi.
[2026-07-02 19:48:40] Siklus Menit Baru. Harga BTC Terakhir (OKX): $61434.50
[ANALIS] State: BULLISH | EMA13/34: $61387.8/$61357.2 | VWAP Sesi: $60583.02 | Vol Surge: 0.4x | BB50: [$61188.76 - $61471.94] | Tren 15m: BULLISH
[DEBUG] EMA streak: 0 | EMA13: 61387.75 | EMA34: 61357.16 | Selisih: 30.59
[ANALIS-TRENDING] Quant Golden Cross (EMA13 > EMA34), Di atas VWAP ($60583.02), & Tren 15m Bullish. Sinyal BUY.
[2026-07-02 19:48:40] Keputusan analis: Buy(0.0016613450603477661, "[Trending] Quant EMA13/34 Buy (Vol 0.4x)")
Max pyramiding (3 layer) tercapai. Tunggu siklus selesai (posisi aktif saat ini: 3).
[2026-07-02 19:48:40] Validasi gagal / keputusan WAIT. Tidak ada eksekusi.
[2026-07-02 19:49:40] Siklus Menit Baru. Harga BTC Terakhir (OKX): $61480.00
[ANALIS] State: BULLISH | EMA13/34: $61398.3/$61362.0 | VWAP Sesi: $60583.87 | Vol Surge: 0.6x | BB50: [$61186.24 - $61478.80] | Tren 15m: BULLISH
[DEBUG] EMA streak: 0 | EMA13: 61398.31 | EMA34: 61361.96 | Selisih: 36.35
[ANALIS-TRENDING] Quant Golden Cross (EMA13 > EMA34), Di atas VWAP ($60583.87), & Tren 15m Bullish. Sinyal BUY.
[2026-07-02 19:49:40] Keputusan analis: Buy(0.0016601155352949713, "[Trending] Quant EMA13/34 Buy (Vol 0.6x)")
Max pyramiding (3 layer) tercapai. Tunggu siklus selesai (posisi aktif saat ini: 3).
[2026-07-02 19:49:40] Validasi gagal / keputusan WAIT. Tidak ada eksekusi.
[2026-07-02 19:50:40] Siklus Menit Baru. Harga BTC Terakhir (OKX): $61528.60
[ANALIS] State: BULLISH | EMA13/34: $61420.5/$61372.1 | VWAP Sesi: $60585.26 | Vol Surge: 0.7x | BB50: [$61178.64 - $61495.48] | Tren 15m: BULLISH
[DEBUG] EMA streak: 0 | EMA13: 61420.46 | EMA34: 61372.12 | Selisih: 48.35
[ANALIS-TRENDING] Quant Golden Cross (EMA13 > EMA34), Di atas VWAP ($60585.26), & Tren 15m Bullish. Sinyal BUY.
[2026-07-02 19:50:40] Keputusan analis: Buy(0.0016588042489173302, "[Trending] Quant EMA13/34 Buy (Vol 0.7x)")
Max pyramiding (3 layer) tercapai. Tunggu siklus selesai (posisi aktif saat ini: 3).
[2026-07-02 19:50:40] Validasi gagal / keputusan WAIT. Tidak ada eksekusi.
[2026-07-02 19:51:40] Siklus Menit Baru. Harga BTC Terakhir (OKX): $61521.60
[ANALIS] State: BULLISH | EMA13/34: $61438.0/$61382.0 | VWAP Sesi: $60586.11 | Vol Surge: 0.3x | BB50: [$61172.87 - $61510.61] | Tren 15m: BULLISH
[DEBUG] EMA streak: 0 | EMA13: 61438.02 | EMA34: 61381.97 | Selisih: 56.05
[ANALIS-TRENDING] Quant Golden Cross (EMA13 > EMA34), Di atas VWAP ($60586.11), & Tren 15m Bullish. Sinyal BUY.
[2026-07-02 19:51:40] Keputusan analis: Buy(0.0016589929896155958, "[Trending] Quant EMA13/34 Buy (Vol 0.3x)")
Max pyramiding (3 layer) tercapai. Tunggu siklus selesai (posisi aktif saat ini: 3).
[2026-07-02 19:51:40] Validasi gagal / keputusan WAIT. Tidak ada eksekusi.
[2026-07-02 19:52:40] Siklus Menit Baru. Harga BTC Terakhir (OKX): $61502.70
[ANALIS] State: BULLISH | EMA13/34: $61439.6/$61385.3 | VWAP Sesi: $60586.43 | Vol Surge: 0.2x | BB50: [$61174.08 - $61514.59] | Tren 15m: BULLISH
[DEBUG] EMA streak: 0 | EMA13: 61439.60 | EMA34: 61385.25 | Selisih: 54.34
[ANALIS-TRENDING] Quant Golden Cross (EMA13 > EMA34), Di atas VWAP ($60586.43), & Tren 15m Bullish. Sinyal BUY.
[2026-07-02 19:52:40] Keputusan analis: Buy(0.0016595028041034758, "[Trending] Quant EMA13/34 Buy (Vol 0.2x)")
Max pyramiding (3 layer) tercapai. Tunggu siklus selesai (posisi aktif saat ini: 3).
[2026-07-02 19:52:40] Validasi gagal / keputusan WAIT. Tidak ada eksekusi.
[2026-07-02 19:53:41] Siklus Menit Baru. Harga BTC Terakhir (OKX): $61472.30
[ANALIS] State: BULLISH | EMA13/34: $61445.2/$61390.8 | VWAP Sesi: $60588.28 | Vol Surge: 1.7x | BB50: [$61173.70 - $61521.89] | Tren 15m: BULLISH
[DEBUG] EMA streak: 0 | EMA13: 61445.16 | EMA34: 61390.85 | Selisih: 54.32
[ANALIS-TRENDING] Quant Golden Cross (EMA13 > EMA34), Di atas VWAP ($60588.28), & Tren 15m Bullish. Sinyal BUY.
[2026-07-02 19:53:41] Keputusan analis: Buy(0.0016603234808187563, "[Trending] Quant EMA13/34 Buy (Vol 1.7x)")
Max pyramiding (3 layer) tercapai. Tunggu siklus selesai (posisi aktif saat ini: 3).
[2026-07-02 19:53:41] Validasi gagal / keputusan WAIT. Tidak ada eksekusi.
[2026-07-02 19:54:41] Siklus Menit Baru. Harga BTC Terakhir (OKX): $61558.50
[ANALIS] State: BULLISH | EMA13/34: $61469.7/$61405.2 | VWAP Sesi: $60590.43 | Vol Surge: 0.5x | BB50: [$61166.15 - $61542.09] | Tren 15m: BULLISH
[DEBUG] EMA streak: 0 | EMA13: 61469.74 | EMA34: 61405.16 | Selisih: 64.58
[ANALIS-TRENDING] Quant Golden Cross (EMA13 > EMA34), Di atas VWAP ($60590.43), & Tren 15m Bullish. Sinyal BUY.
[2026-07-02 19:54:41] Keputusan analis: Buy(0.0016579985397619313, "[Trending] Quant EMA13/34 Buy (Vol 0.5x)")
Max pyramiding (3 layer) tercapai. Tunggu siklus selesai (posisi aktif saat ini: 3).
[2026-07-02 19:54:41] Validasi gagal / keputusan WAIT. Tidak ada eksekusi.
[2026-07-02 19:55:41] Siklus Menit Baru. Harga BTC Terakhir (OKX): $61559.40
[ANALIS] State: BULLISH | EMA13/34: $61488.9/$61418.7 | VWAP Sesi: $60592.63 | Vol Surge: 0.4x | BB50: [$61158.73 - $61560.71] | Tren 15m: BULLISH
[DEBUG] EMA streak: 0 | EMA13: 61488.89 | EMA34: 61418.70 | Selisih: 70.19
[ANALIS-TRENDING] Quant Golden Cross (EMA13 > EMA34), Di atas VWAP ($60592.63), & Tren 15m Bullish. Sinyal BUY.
[2026-07-02 19:55:41] Keputusan analis: Buy(0.0016579742997809407, "[Trending] Quant EMA13/34 Buy (Vol 0.4x)")
Max pyramiding (3 layer) tercapai. Tunggu siklus selesai (posisi aktif saat ini: 3).
[2026-07-02 19:55:41] Validasi gagal / keputusan WAIT. Tidak ada eksekusi.
[2026-07-02 19:56:41] Siklus Menit Baru. Harga BTC Terakhir (OKX): $61531.70
[ANALIS] State: BULLISH | EMA13/34: $61495.6/$61422.7 | VWAP Sesi: $60594.39 | Vol Surge: 1.4x | BB50: [$61156.16 - $61570.00] | Tren 15m: BULLISH
[DEBUG] EMA streak: 0 | EMA13: 61495.63 | EMA34: 61422.74 | Selisih: 72.89
[ANALIS-TRENDING] Quant Golden Cross (EMA13 > EMA34), Di atas VWAP ($60594.39), & Tren 15m Bullish. Sinyal BUY.
[2026-07-02 19:56:41] Keputusan analis: Buy(0.0016587206774708785, "[Trending] Quant EMA13/34 Buy (Vol 1.4x)")
Max pyramiding (3 layer) tercapai. Tunggu siklus selesai (posisi aktif saat ini: 3).
[2026-07-02 19:56:41] Validasi gagal / keputusan WAIT. Tidak ada eksekusi.
[2026-07-02 19:57:41] Siklus Menit Baru. Harga BTC Terakhir (OKX): $61523.20
[ANALIS] State: BULLISH | EMA13/34: $61501.3/$61429.4 | VWAP Sesi: $60595.06 | Vol Surge: 0.4x | BB50: [$61155.27 - $61579.70] | Tren 15m: BULLISH
[DEBUG] EMA streak: 0 | EMA13: 61501.31 | EMA34: 61429.43 | Selisih: 71.88
[ANALIS-TRENDING] Quant Golden Cross (EMA13 > EMA34), Di atas VWAP ($60595.06), & Tren 15m Bullish. Sinyal BUY.
[2026-07-02 19:57:41] Keputusan analis: Buy(0.0016589498450980255, "[Trending] Quant EMA13/34 Buy (Vol 0.4x)")
Max pyramiding (3 layer) tercapai. Tunggu siklus selesai (posisi aktif saat ini: 3).
[2026-07-02 19:57:41] Validasi gagal / keputusan WAIT. Tidak ada eksekusi.
[2026-07-02 19:58:42] Siklus Menit Baru. Harga BTC Terakhir (OKX): $61554.30
[ANALIS] State: BULLISH | EMA13/34: $61512.1/$61438.0 | VWAP Sesi: $60596.15 | Vol Surge: 0.6x | BB50: [$61153.02 - $61592.32] | Tren 15m: BULLISH
[DEBUG] EMA streak: 0 | EMA13: 61512.05 | EMA34: 61438.04 | Selisih: 74.01
[ANALIS-TRENDING] Quant Golden Cross (EMA13 > EMA34), Di atas VWAP ($60596.15), & Tren 15m Bullish. Sinyal BUY.
[2026-07-02 19:58:42] Keputusan analis: Buy(0.0016581116690456204, "[Trending] Quant EMA13/34 Buy (Vol 0.6x)")
Max pyramiding (3 layer) tercapai. Tunggu siklus selesai (posisi aktif saat ini: 3).
[2026-07-02 19:58:42] Validasi gagal / keputusan WAIT. Tidak ada eksekusi.
[2026-07-02 19:59:42] Siklus Menit Baru. Harga BTC Terakhir (OKX): $61531.70
[ANALIS] State: BULLISH | EMA13/34: $61512.7/$61442.4 | VWAP Sesi: $60596.83 | Vol Surge: 0.4x | BB50: [$61154.01 - $61598.91] | Tren 15m: BULLISH
[DEBUG] EMA streak: 0 | EMA13: 61512.69 | EMA34: 61442.39 | Selisih: 70.30
[ANALIS-TRENDING] Quant Golden Cross (EMA13 > EMA34), Di atas VWAP ($60596.83), & Tren 15m Bullish. Sinyal BUY.
[2026-07-02 19:59:42] Keputusan analis: Buy(0.0016587206774708785, "[Trending] Quant EMA13/34 Buy (Vol 0.4x)")
Max pyramiding (3 layer) tercapai. Tunggu siklus selesai (posisi aktif saat ini: 3).
[2026-07-02 19:59:42] Validasi gagal / keputusan WAIT. Tidak ada eksekusi.
[2026-07-02 20:00:42] Siklus Menit Baru. Harga BTC Terakhir (OKX): $61559.70
[ANALIS] State: BULLISH | EMA13/34: $61517.3/$61447.7 | VWAP Sesi: $60598.88 | Vol Surge: 1.8x | BB50: [$61154.09 - $61607.65] | Tren 15m: BULLISH
[DEBUG] EMA streak: 0 | EMA13: 61517.34 | EMA34: 61447.68 | Selisih: 69.66
[ANALIS-TRENDING] Quant Golden Cross (EMA13 > EMA34), Di atas VWAP ($60598.88), & Tren 15m Bullish. Sinyal BUY.
[2026-07-02 20:00:42] Keputusan analis: Buy(0.0016579662199447827, "[Trending] Quant EMA13/34 Buy (Vol 1.8x)")
Max pyramiding (3 layer) tercapai. Tunggu siklus selesai (posisi aktif saat ini: 3).
[2026-07-02 20:00:42] Validasi gagal / keputusan WAIT. Tidak ada eksekusi.
[2026-07-02 20:01:42] Siklus Menit Baru. Harga BTC Terakhir (OKX): $61525.00
[ANALIS] State: BULLISH | EMA13/34: $61516.8/$61451.7 | VWAP Sesi: $60599.90 | Vol Surge: 0.7x | BB50: [$61156.16 - $61613.56] | Tren 15m: BULLISH
[DEBUG] EMA streak: 0 | EMA13: 61516.82 | EMA34: 61451.68 | Selisih: 65.14
[ANALIS-TRENDING] Quant Golden Cross (EMA13 > EMA34), Di atas VWAP ($60599.90), & Tren 15m Bullish. Sinyal BUY.
[2026-07-02 20:01:42] Keputusan analis: Buy(0.001658901310198047, "[Trending] Quant EMA13/34 Buy (Vol 0.7x)")
Max pyramiding (3 layer) tercapai. Tunggu siklus selesai (posisi aktif saat ini: 3).
[2026-07-02 20:01:42] Validasi gagal / keputusan WAIT. Tidak ada eksekusi.
[2026-07-02 20:02:42] Siklus Menit Baru. Harga BTC Terakhir (OKX): $61576.20
[ANALIS] State: BULLISH | EMA13/34: $61524.0/$61458.3 | VWAP Sesi: $60600.13 | Vol Surge: 0.2x | BB50: [$61156.24 - $61623.35] | Tren 15m: BULLISH
[DEBUG] EMA streak: 0 | EMA13: 61523.98 | EMA34: 61458.33 | Selisih: 65.66
[ANALIS-TRENDING] Quant Golden Cross (EMA13 > EMA34), Di atas VWAP ($60600.13), & Tren 15m Bullish. Sinyal BUY.
[2026-07-02 20:02:42] Keputusan analis: Buy(0.0016575219502004807, "[Trending] Quant EMA13/34 Buy (Vol 0.2x)")
Max pyramiding (3 layer) tercapai. Tunggu siklus selesai (posisi aktif saat ini: 3).
[2026-07-02 20:02:42] Validasi gagal / keputusan WAIT. Tidak ada eksekusi.
[2026-07-02 20:03:42] Siklus Menit Baru. Harga BTC Terakhir (OKX): $61599.50
[ANALIS] State: BULLISH | EMA13/34: $61535.7/$61469.1 | VWAP Sesi: $60600.69 | Vol Surge: 0.3x | BB50: [$61155.18 - $61635.87] | Tren 15m: BULLISH
[DEBUG] EMA streak: 0 | EMA13: 61535.66 | EMA34: 61469.12 | Selisih: 66.54
[ANALIS-TRENDING] Quant Golden Cross (EMA13 > EMA34), Di atas VWAP ($60600.69), & Tren 15m Bullish. Sinyal BUY.
[2026-07-02 20:03:42] Keputusan analis: Buy(0.0016568949928154424, "[Trending] Quant EMA13/34 Buy (Vol 0.3x)")
Max pyramiding (3 layer) tercapai. Tunggu siklus selesai (posisi aktif saat ini: 3).
[2026-07-02 20:03:42] Validasi gagal / keputusan WAIT. Tidak ada eksekusi.
[2026-07-02 20:04:42] Siklus Menit Baru. Harga BTC Terakhir (OKX): $61599.10
[ANALIS] State: BULLISH | EMA13/34: $61546.0/$61475.6 | VWAP Sesi: $60600.94 | Vol Surge: 0.2x | BB50: [$61152.92 - $61647.90] | Tren 15m: BULLISH
[DEBUG] EMA streak: 0 | EMA13: 61545.96 | EMA34: 61475.64 | Selisih: 70.32
[ANALIS-TRENDING] Quant Golden Cross (EMA13 > EMA34), Di atas VWAP ($60600.94), & Tren 15m Bullish. Sinyal BUY.
[2026-07-02 20:04:42] Keputusan analis: Buy(0.0016569057520310335, "[Trending] Quant EMA13/34 Buy (Vol 0.2x)")
Max pyramiding (3 layer) tercapai. Tunggu siklus selesai (posisi aktif saat ini: 3).
[2026-07-02 20:04:42] Validasi gagal / keputusan WAIT. Tidak ada eksekusi.
[2026-07-02 20:05:43] Siklus Menit Baru. Harga BTC Terakhir (OKX): $61612.70
[ANALIS] State: BULLISH | EMA13/34: $61554.8/$61483.0 | VWAP Sesi: $60602.23 | Vol Surge: 0.8x | BB50: [$61152.33 - $61659.25] | Tren 15m: BULLISH
[DEBUG] EMA streak: 0 | EMA13: 61554.81 | EMA34: 61482.99 | Selisih: 71.83
[ANALIS-TRENDING] Quant Golden Cross (EMA13 > EMA34), Di atas VWAP ($60602.23), & Tren 15m Bullish. Sinyal BUY.
[2026-07-02 20:05:43] Keputusan analis: Buy(0.0016565400170733444, "[Trending] Quant EMA13/34 Buy (Vol 0.8x)")
Max pyramiding (3 layer) tercapai. Tunggu siklus selesai (posisi aktif saat ini: 3).
[2026-07-02 20:05:43] Validasi gagal / keputusan WAIT. Tidak ada eksekusi.
[2026-07-02 20:06:43] Siklus Menit Baru. Harga BTC Terakhir (OKX): $61663.30
[ANALIS] State: BULLISH | EMA13/34: $61570.8/$61492.3 | VWAP Sesi: $60603.70 | Vol Surge: 1.0x | BB50: [$61149.61 - $61675.29] | Tren 15m: BULLISH
[DEBUG] EMA streak: 0 | EMA13: 61570.75 | EMA34: 61492.32 | Selisih: 78.43
[ANALIS-TRENDING] Quant Golden Cross (EMA13 > EMA34), Di atas VWAP ($60603.70), & Tren 15m Bullish. Sinyal BUY.
[2026-07-02 20:06:43] Keputusan analis: Buy(0.0016551806846201037, "[Trending] Quant EMA13/34 Buy (Vol 1.0x)")
Max pyramiding (3 layer) tercapai. Tunggu siklus selesai (posisi aktif saat ini: 3).
[2026-07-02 20:06:43] Validasi gagal / keputusan WAIT. Tidak ada eksekusi.
[2026-07-02 20:07:43] Siklus Menit Baru. Harga BTC Terakhir (OKX): $61642.20
[ANALIS] State: BULLISH | EMA13/34: $61578.7/$61500.8 | VWAP Sesi: $60604.42 | Vol Surge: 0.5x | BB50: [$61151.00 - $61686.38] | Tren 15m: BULLISH
[DEBUG] EMA streak: 0 | EMA13: 61578.71 | EMA34: 61500.80 | Selisih: 77.90
[ANALIS-TRENDING] Quant Golden Cross (EMA13 > EMA34), Di atas VWAP ($60604.42), & Tren 15m Bullish. Sinyal BUY.
[2026-07-02 20:07:43] Keputusan analis: Buy(0.0016557472496104104, "[Trending] Quant EMA13/34 Buy (Vol 0.5x)")
Max pyramiding (3 layer) tercapai. Tunggu siklus selesai (posisi aktif saat ini: 3).
[2026-07-02 20:07:43] Validasi gagal / keputusan WAIT. Tidak ada eksekusi.
[2026-07-02 20:08:43] Siklus Menit Baru. Harga BTC Terakhir (OKX): $61584.70
[ANALIS] State: BULLISH | EMA13/34: $61581.5/$61499.6 | VWAP Sesi: $60605.43 | Vol Surge: 0.4x | BB50: [$61152.68 - $61695.57] | Tren 15m: BULLISH
[DEBUG] EMA streak: 0 | EMA13: 61581.45 | EMA34: 61499.63 | Selisih: 81.82
[ANALIS-TRENDING] Quant Golden Cross (EMA13 > EMA34), Di atas VWAP ($60605.43), & Tren 15m Bullish. Sinyal BUY.
[2026-07-02 20:08:43] Keputusan analis: Buy(0.0016572931768756662, "[Trending] Quant EMA13/34 Buy (Vol 0.4x)")
Max pyramiding (3 layer) tercapai. Tunggu siklus selesai (posisi aktif saat ini: 3).
[2026-07-02 20:08:43] Validasi gagal / keputusan WAIT. Tidak ada eksekusi.
[2026-07-02 20:09:43] Siklus Menit Baru. Harga BTC Terakhir (OKX): $61628.40
[ANALIS] State: BULLISH | EMA13/34: $61587.7/$61508.2 | VWAP Sesi: $60606.35 | Vol Surge: 0.6x | BB50: [$61163.18 - $61702.07] | Tren 15m: BULLISH
[DEBUG] EMA streak: 0 | EMA13: 61587.70 | EMA34: 61508.25 | Selisih: 79.46
[ANALIS-TRENDING] Quant Golden Cross (EMA13 > EMA34), Di atas VWAP ($60606.35), & Tren 15m Bullish. Sinyal BUY.
[2026-07-02 20:09:43] Keputusan analis: Buy(0.001656118009066191, "[Trending] Quant EMA13/34 Buy (Vol 0.6x)")
Max pyramiding (3 layer) tercapai. Tunggu siklus selesai (posisi aktif saat ini: 3).
[2026-07-02 20:09:43] Validasi gagal / keputusan WAIT. Tidak ada eksekusi.
[2026-07-02 20:10:44] Siklus Menit Baru. Harga BTC Terakhir (OKX): $61616.80
[ANALIS] State: BULLISH | EMA13/34: $61591.3/$61513.5 | VWAP Sesi: $60606.86 | Vol Surge: 0.2x | BB50: [$61172.79 - $61707.87] | Tren 15m: BULLISH
[DEBUG] EMA streak: 0 | EMA13: 61591.34 | EMA34: 61513.54 | Selisih: 77.80
[ANALIS-TRENDING] Quant Golden Cross (EMA13 > EMA34), Di atas VWAP ($60606.86), & Tren 15m Bullish. Sinyal BUY.
[2026-07-02 20:10:44] Keputusan analis: Buy(0.0016564297904132451, "[Trending] Quant EMA13/34 Buy (Vol 0.2x)")
Max pyramiding (3 layer) tercapai. Tunggu siklus selesai (posisi aktif saat ini: 3).
[2026-07-02 20:10:44] Validasi gagal / keputusan WAIT. Tidak ada eksekusi.
[2026-07-02 20:11:44] Siklus Menit Baru. Harga BTC Terakhir (OKX): $61657.70
[ANALIS] State: BULLISH | EMA13/34: $61600.5/$61524.5 | VWAP Sesi: $60607.57 | Vol Surge: 0.1x | BB50: [$61182.89 - $61715.40] | Tren 15m: BULLISH
[DEBUG] EMA streak: 0 | EMA13: 61600.54 | EMA34: 61524.53 | Selisih: 76.01
[ANALIS-TRENDING] Quant Golden Cross (EMA13 > EMA34), Di atas VWAP ($60607.57), & Tren 15m Bullish. Sinyal BUY.
[2026-07-02 20:11:44] Keputusan analis: Buy(0.0016553310147789302, "[Trending] Quant EMA13/34 Buy (Vol 0.1x)")
Max pyramiding (3 layer) tercapai. Tunggu siklus selesai (posisi aktif saat ini: 3).
[2026-07-02 20:11:44] Validasi gagal / keputusan WAIT. Tidak ada eksekusi.
[2026-07-02 20:12:44] Siklus Menit Baru. Harga BTC Terakhir (OKX): $61688.10
[ANALIS] State: BULLISH | EMA13/34: $61613.1/$61530.6 | VWAP Sesi: $60608.44 | Vol Surge: 0.7x | BB50: [$61188.08 - $61727.00] | Tren 15m: BULLISH
[DEBUG] EMA streak: 0 | EMA13: 61613.11 | EMA34: 61530.58 | Selisih: 82.53
[ANALIS-TRENDING] Quant Golden Cross (EMA13 > EMA34), Di atas VWAP ($60608.44), & Tren 15m Bullish. Sinyal BUY.
[2026-07-02 20:12:44] Keputusan analis: Buy(0.0016545152648555369, "[Trending] Quant EMA13/34 Buy (Vol 0.7x)")
Max pyramiding (3 layer) tercapai. Tunggu siklus selesai (posisi aktif saat ini: 3).
[2026-07-02 20:12:44] Validasi gagal / keputusan WAIT. Tidak ada eksekusi.
[2026-07-02 20:13:44] Siklus Menit Baru. Harga BTC Terakhir (OKX): $61699.70
[ANALIS] State: BULLISH | EMA13/34: $61628.9/$61541.7 | VWAP Sesi: $60610.30 | Vol Surge: 1.4x | BB50: [$61198.11 - $61737.75] | Tren 15m: BULLISH
[DEBUG] EMA streak: 0 | EMA13: 61628.94 | EMA34: 61541.71 | Selisih: 87.23
[ANALIS-TRENDING] Quant Golden Cross (EMA13 > EMA34), Di atas VWAP ($60610.30), & Tren 15m Bullish. Sinyal BUY.
[2026-07-02 20:13:44] Keputusan analis: Buy(0.0016542042037470985, "[Trending] Quant EMA13/34 Buy (Vol 1.4x)")
Max pyramiding (3 layer) tercapai. Tunggu siklus selesai (posisi aktif saat ini: 3).
[2026-07-02 20:13:44] Validasi gagal / keputusan WAIT. Tidak ada eksekusi.
[2026-07-02 20:14:44] Siklus Menit Baru. Harga BTC Terakhir (OKX): $61674.40
[ANALIS] State: BULLISH | EMA13/34: $61631.6/$61548.6 | VWAP Sesi: $60611.24 | Vol Surge: 0.5x | BB50: [$61213.43 - $61739.88] | Tren 15m: BULLISH
[DEBUG] EMA streak: 0 | EMA13: 61631.62 | EMA34: 61548.58 | Selisih: 83.04
[ANALIS-TRENDING] Quant Golden Cross (EMA13 > EMA34), Di atas VWAP ($60611.24), & Tren 15m Bullish. Sinyal BUY.
[2026-07-02 20:14:44] Keputusan analis: Buy(0.0016548827894545361, "[Trending] Quant EMA13/34 Buy (Vol 0.5x)")
Max pyramiding (3 layer) tercapai. Tunggu siklus selesai (posisi aktif saat ini: 3).
[2026-07-02 20:14:44] Validasi gagal / keputusan WAIT. Tidak ada eksekusi.
[2026-07-02 20:15:45] Siklus Menit Baru. Harga BTC Terakhir (OKX): $61711.80
[ANALIS] State: BULLISH | EMA13/34: $61644.1/$61559.2 | VWAP Sesi: $60611.52 | Vol Surge: 0.2x | BB50: [$61224.79 - $61748.34] | Tren 15m: BULLISH
[DEBUG] EMA streak: 0 | EMA13: 61644.12 | EMA34: 61559.16 | Selisih: 84.96
[ANALIS-TRENDING] Quant Golden Cross (EMA13 > EMA34), Di atas VWAP ($60611.52), & Tren 15m Bullish. Sinyal BUY.
[2026-07-02 20:15:45] Keputusan analis: Buy(0.001653879859442357, "[Trending] Quant EMA13/34 Buy (Vol 0.2x)")
Max pyramiding (3 layer) tercapai. Tunggu siklus selesai (posisi aktif saat ini: 3).
[2026-07-02 20:15:45] Validasi gagal / keputusan WAIT. Tidak ada eksekusi.
[2026-07-02 20:16:45] Siklus Menit Baru. Harga BTC Terakhir (OKX): $61754.70
[ANALIS] State: BULLISH | EMA13/34: $61661.5/$61570.5 | VWAP Sesi: $60612.52 | Vol Surge: 0.5x | BB50: [$61233.57 - $61760.65] | Tren 15m: BULLISH
[DEBUG] EMA streak: 0 | EMA13: 61661.50 | EMA34: 61570.50 | Selisih: 91.00
[ANALIS-TRENDING] Quant Golden Cross (EMA13 > EMA34), Di atas VWAP ($60612.52), & Tren 15m Bullish. Sinyal BUY.
[2026-07-02 20:16:45] Keputusan analis: Buy(0.0016527309356200394, "[Trending] Quant EMA13/34 Buy (Vol 0.5x)")
Max pyramiding (3 layer) tercapai. Tunggu siklus selesai (posisi aktif saat ini: 3).
[2026-07-02 20:16:45] Validasi gagal / keputusan WAIT. Tidak ada eksekusi.
[2026-07-02 20:17:45] Siklus Menit Baru. Harga BTC Terakhir (OKX): $61718.00
[ANALIS] State: BULLISH | EMA13/34: $61670.4/$61580.6 | VWAP Sesi: $60616.05 | Vol Surge: 2.1x | BB50: [$61247.13 - $61766.87] | Tren 15m: BULLISH
[DEBUG] EMA streak: 0 | EMA13: 61670.38 | EMA34: 61580.61 | Selisih: 89.78
[ANALIS-TRENDING] Quant Golden Cross (EMA13 > EMA34), Di atas VWAP ($60616.05), & Tren 15m Bullish. Sinyal BUY.
[2026-07-02 20:17:45] Keputusan analis: Buy(0.0016537137157706802, "[Trending] Quant EMA13/34 Buy (Vol 2.1x)")
Max pyramiding (3 layer) tercapai. Tunggu siklus selesai (posisi aktif saat ini: 3).
[2026-07-02 20:17:45] Validasi gagal / keputusan WAIT. Tidak ada eksekusi.
[2026-07-02 20:18:45] Siklus Menit Baru. Harga BTC Terakhir (OKX): $61762.50
[ANALIS] State: BULLISH | EMA13/34: $61685.2/$61596.6 | VWAP Sesi: $60625.13 | Vol Surge: 5.3x | BB50: [$61257.20 - $61777.63] | Tren 15m: BULLISH
[DEBUG] EMA streak: 0 | EMA13: 61685.21 | EMA34: 61596.61 | Selisih: 88.60
[ANALIS-TRENDING] Quant Golden Cross (EMA13 > EMA34), Di atas VWAP ($60625.13), & Tren 15m Bullish. Sinyal BUY.
[2026-07-02 20:18:45] Keputusan analis: Buy(0.0016525222118588924, "[Trending] Quant EMA13/34 Buy (Vol 5.3x)")
Max pyramiding (3 layer) tercapai. Tunggu siklus selesai (posisi aktif saat ini: 3).
[2026-07-02 20:18:45] Validasi gagal / keputusan WAIT. Tidak ada eksekusi.
[2026-07-02 20:19:45] Siklus Menit Baru. Harga BTC Terakhir (OKX): $61799.10
[ANALIS] State: BULLISH | EMA13/34: $61703.6/$61619.0 | VWAP Sesi: $60628.31 | Vol Surge: 1.7x | BB50: [$61258.29 - $61795.25] | Tren 15m: BULLISH
[DEBUG] EMA streak: 0 | EMA13: 61703.59 | EMA34: 61618.97 | Selisih: 84.62
[ANALIS-TRENDING] Quant Golden Cross (EMA13 > EMA34), Di atas VWAP ($60628.31), & Tren 15m Bullish. Sinyal BUY.
[2026-07-02 20:19:45] Keputusan analis: Buy(0.00165154351940295, "[Trending] Quant EMA13/34 Buy (Vol 1.7x)")
Max pyramiding (3 layer) tercapai. Tunggu siklus selesai (posisi aktif saat ini: 3).
[2026-07-02 20:19:45] Validasi gagal / keputusan WAIT. Tidak ada eksekusi.
[2026-07-02 20:20:45] Siklus Menit Baru. Harga BTC Terakhir (OKX): $61777.00
[ANALIS] State: BULLISH | EMA13/34: $61713.7/$61618.7 | VWAP Sesi: $60639.78 | Vol Surge: 5.7x | BB50: [$61254.28 - $61808.82] | Tren 15m: BULLISH
[DEBUG] EMA streak: 0 | EMA13: 61713.68 | EMA34: 61618.72 | Selisih: 94.96
[ANALIS-TRENDING] Quant Golden Cross (EMA13 > EMA34), Di atas VWAP ($60639.78), & Tren 15m Bullish. Sinyal BUY.
[2026-07-02 20:20:45] Keputusan analis: Buy(0.0016521343398017846, "[Trending] Quant EMA13/34 Buy (Vol 5.7x)")
Max pyramiding (3 layer) tercapai. Tunggu siklus selesai (posisi aktif saat ini: 3).
[2026-07-02 20:20:45] Validasi gagal / keputusan WAIT. Tidak ada eksekusi.
[2026-07-02 20:21:46] Siklus Menit Baru. Harga BTC Terakhir (OKX): $61807.00
[ANALIS] State: BULLISH | EMA13/34: $61726.0/$61631.6 | VWAP Sesi: $60647.02 | Vol Surge: 3.2x | BB50: [$61257.40 - $61823.18] | Tren 15m: BULLISH
[DEBUG] EMA streak: 0 | EMA13: 61725.97 | EMA34: 61631.56 | Selisih: 94.41
[ANALIS-TRENDING] Quant Golden Cross (EMA13 > EMA34), Di atas VWAP ($60647.02), & Tren 15m Bullish. Sinyal BUY.
[2026-07-02 20:21:46] Keputusan analis: Buy(0.0016513324236726397, "[Trending] Quant EMA13/34 Buy (Vol 3.2x)")
Max pyramiding (3 layer) tercapai. Tunggu siklus selesai (posisi aktif saat ini: 3).
[2026-07-02 20:21:46] Validasi gagal / keputusan WAIT. Tidak ada eksekusi.
[2026-07-02 20:22:46] Siklus Menit Baru. Harga BTC Terakhir (OKX): $61827.20
[ANALIS] State: BULLISH | EMA13/34: $61743.4/$61634.5 | VWAP Sesi: $60653.50 | Vol Surge: 3.1x | BB50: [$61255.84 - $61842.45] | Tren 15m: BULLISH
[DEBUG] EMA streak: 0 | EMA13: 61743.42 | EMA34: 61634.52 | Selisih: 108.90
[ANALIS-TRENDING] Quant Golden Cross (EMA13 > EMA34), Di atas VWAP ($60653.50), & Tren 15m Bullish. Sinyal BUY.
[2026-07-02 20:22:46] Keputusan analis: Buy(0.001650792905225125, "[Trending] Quant EMA13/34 Buy (Vol 3.1x)")
Max pyramiding (3 layer) tercapai. Tunggu siklus selesai (posisi aktif saat ini: 3).
[2026-07-02 20:22:46] Validasi gagal / keputusan WAIT. Tidak ada eksekusi.
[2026-07-02 20:23:46] Siklus Menit Baru. Harga BTC Terakhir (OKX): $61865.40
[ANALIS] State: BULLISH | EMA13/34: $61760.4/$61653.1 | VWAP Sesi: $60662.57 | Vol Surge: 3.4x | BB50: [$61270.29 - $61853.32] | Tren 15m: BULLISH
[DEBUG] EMA streak: 0 | EMA13: 61760.41 | EMA34: 61653.07 | Selisih: 107.34
[ANALIS-TRENDING] Quant Golden Cross (EMA13 > EMA34), Di atas VWAP ($60662.57), & Tren 15m Bullish. Sinyal BUY.
[2026-07-02 20:23:46] Keputusan analis: Buy(0.0016497735908914328, "[Trending] Quant EMA13/34 Buy (Vol 3.4x)")
Max pyramiding (3 layer) tercapai. Tunggu siklus selesai (posisi aktif saat ini: 3).
[2026-07-02 20:23:46] Validasi gagal / keputusan WAIT. Tidak ada eksekusi.
[2026-07-02 20:24:46] Siklus Menit Baru. Harga BTC Terakhir (OKX): $61907.50
[ANALIS] State: BULLISH | EMA13/34: $61784.8/$61670.5 | VWAP Sesi: $60670.91 | Vol Surge: 3.1x | BB50: [$61271.84 - $61875.79] | Tren 15m: BULLISH
[DEBUG] EMA streak: 0 | EMA13: 61784.79 | EMA34: 61670.46 | Selisih: 114.33
[ANALIS-TRENDING] Quant Golden Cross (EMA13 > EMA34), Di atas VWAP ($60670.91), & Tren 15m Bullish. Sinyal BUY.
[2026-07-02 20:24:46] Keputusan analis: Buy(0.0016486516675674973, "[Trending] Quant EMA13/34 Buy (Vol 3.1x)")
Max pyramiding (3 layer) tercapai. Tunggu siklus selesai (posisi aktif saat ini: 3).
[2026-07-02 20:24:46] Validasi gagal / keputusan WAIT. Tidak ada eksekusi.
[2026-07-02 20:25:46] Siklus Menit Baru. Harga BTC Terakhir (OKX): $61844.40
[ANALIS] State: BULLISH | EMA13/34: $61791.2/$61682.0 | VWAP Sesi: $60677.72 | Vol Surge: 2.4x | BB50: [$61279.66 - $61886.63] | Tren 15m: BULLISH
[DEBUG] EMA streak: 0 | EMA13: 61791.22 | EMA34: 61681.98 | Selisih: 109.23
[ANALIS-TRENDING] Quant Golden Cross (EMA13 > EMA34), Di atas VWAP ($60677.72), & Tren 15m Bullish. Sinyal BUY.
[2026-07-02 20:25:46] Keputusan analis: Buy(0.0016503337910940173, "[Trending] Quant EMA13/34 Buy (Vol 2.4x)")
Max pyramiding (3 layer) tercapai. Tunggu siklus selesai (posisi aktif saat ini: 3).
[2026-07-02 20:25:46] Validasi gagal / keputusan WAIT. Tidak ada eksekusi.
[2026-07-02 20:26:47] Siklus Menit Baru. Harga BTC Terakhir (OKX): $61873.00
[ANALIS] State: BULLISH | EMA13/34: $61802.7/$61695.9 | VWAP Sesi: $60691.31 | Vol Surge: 4.3x | BB50: [$61282.64 - $61902.15] | Tren 15m: BULLISH
[DEBUG] EMA streak: 0 | EMA13: 61802.71 | EMA34: 61695.93 | Selisih: 106.78
[ANALIS-TRENDING] Quant Golden Cross (EMA13 > EMA34), Di atas VWAP ($60691.31), & Tren 15m Bullish. Sinyal BUY.
[2026-07-02 20:26:47] Keputusan analis: Buy(0.0016495709454840534, "[Trending] Quant EMA13/34 Buy (Vol 4.3x)")
Max pyramiding (3 layer) tercapai. Tunggu siklus selesai (posisi aktif saat ini: 3).
[2026-07-02 20:26:47] Validasi gagal / keputusan WAIT. Tidak ada eksekusi.
[2026-07-02 20:27:47] Siklus Menit Baru. Harga BTC Terakhir (OKX): $61894.00
[ANALIS] State: BULLISH | EMA13/34: $61822.0/$61706.3 | VWAP Sesi: $60698.30 | Vol Surge: 2.3x | BB50: [$61279.17 - $61924.71] | Tren 15m: BULLISH
[DEBUG] EMA streak: 0 | EMA13: 61822.00 | EMA34: 61706.28 | Selisih: 115.72
[ANALIS-TRENDING] Quant Golden Cross (EMA13 > EMA34), Di atas VWAP ($60698.30), & Tren 15m Bullish. Sinyal BUY.
[2026-07-02 20:27:47] Keputusan analis: Buy(0.0016490112629646628, "[Trending] Quant EMA13/34 Buy (Vol 2.3x)")
Max pyramiding (3 layer) tercapai. Tunggu siklus selesai (posisi aktif saat ini: 3).
[2026-07-02 20:27:47] Validasi gagal / keputusan WAIT. Tidak ada eksekusi.
[2026-07-02 20:28:47] Siklus Menit Baru. Harga BTC Terakhir (OKX): $61729.00
[ANALIS] State: BULLISH | EMA13/34: $61807.5/$61708.2 | VWAP Sesi: $60712.72 | Vol Surge: 5.0x | BB50: [$61289.81 - $61926.94] | Tren 15m: BULLISH
[DEBUG] EMA streak: 0 | EMA13: 61807.48 | EMA34: 61708.16 | Selisih: 99.32
[ANALIS-TRENDING] Quant Golden Cross (EMA13 > EMA34), Di atas VWAP ($60712.72), & Tren 15m Bullish. Sinyal BUY.
[2026-07-02 20:28:47] Keputusan analis: Buy(0.001653419026874481, "[Trending] Quant EMA13/34 Buy (Vol 5.0x)")
Max pyramiding (3 layer) tercapai. Tunggu siklus selesai (posisi aktif saat ini: 3).
[2026-07-02 20:28:47] Validasi gagal / keputusan WAIT. Tidak ada eksekusi.
[2026-07-02 20:29:47] Siklus Menit Baru. Harga BTC Terakhir (OKX): $61681.80
[ANALIS] State: BULLISH | EMA13/34: $61786.7/$61702.5 | VWAP Sesi: $60723.37 | Vol Surge: 3.6x | BB50: [$61299.27 - $61927.09] | Tren 15m: BEARISH
[DEBUG] EMA streak: 0 | EMA13: 61786.68 | EMA34: 61702.53 | Selisih: 84.15
[ANALIS-TRENDING] Menunggu konfirmasi streak 2 menit. Saat ini: 1 menit.
[2026-07-02 20:29:47] Keputusan analis: Wait
[2026-07-02 20:29:47] Validasi gagal / keputusan WAIT. Tidak ada eksekusi.
[2026-07-02 20:30:47] Siklus Menit Baru. Harga BTC Terakhir (OKX): $61618.60
[ANALIS] State: BULLISH | EMA13/34: $61762.9/$61695.1 | VWAP Sesi: $60735.92 | Vol Surge: 4.2x | BB50: [$61312.11 - $61924.66] | Tren 15m: BEARISH
[DEBUG] EMA streak: 1 | EMA13: 61762.94 | EMA34: 61695.13 | Selisih: 67.81
[ANALIS-TRENDING] Sinyal melemah/Death Cross terkonfirmasi 2 menit berturut. Sinyal SELL.
[2026-07-02 20:30:47] Keputusan analis: Sell(0.00792657364728032, "[Trending] Quant EMA13/34 Sell Confirmed (2m streak)")
[2026-07-02 20:30:47] Mengeksekusi transaksi...
[2026-07-02 20:30:47] Eksekusi sukses. Saldo: $998.26, BTC: 0.0000
[2026-07-02 20:31:47] Siklus Menit Baru. Harga BTC Terakhir (OKX): $61780.00
[ANALIS] State: BULLISH | EMA13/34: $61772.9/$61705.3 | VWAP Sesi: $60744.74 | Vol Surge: 2.4x | BB50: [$61332.68 - $61925.38] | Tren 15m: BULLISH
[DEBUG] EMA streak: 0 | EMA13: 61772.88 | EMA34: 61705.29 | Selisih: 67.59
[ANALIS-TRENDING] Quant Golden Cross (EMA13 > EMA34), Di atas VWAP ($60744.74), & Tren 15m Bullish. Sinyal BUY.
[2026-07-02 20:31:47] Keputusan analis: Buy(0.003231646041181739, "[Trending] Quant EMA13/34 Buy (Vol 2.4x)")
[2026-07-02 20:31:47] Mengeksekusi transaksi...
[2026-07-02 20:31:47] Eksekusi sukses. Saldo: $798.40, BTC: 0.0032
[2026-07-02 20:32:48] Siklus Menit Baru. Harga BTC Terakhir (OKX): $61751.60
[ANALIS] State: BULLISH | EMA13/34: $61787.2/$61717.8 | VWAP Sesi: $60765.46 | Vol Surge: 4.8x | BB50: [$61344.83 - $61935.07] | Tren 15m: BULLISH
[DEBUG] EMA streak: 0 | EMA13: 61787.22 | EMA34: 61717.76 | Selisih: 69.46
[ANALIS-TRENDING] Quant Golden Cross (EMA13 > EMA34), Di atas VWAP ($60765.46), & Tren 15m Bullish. Sinyal BUY.
[2026-07-02 20:32:48] Keputusan analis: Buy(0.0025858592120832726, "[Trending] Quant EMA13/34 Buy (Vol 4.8x)")
Mencegah transaksi berulang (Cool-down aktif). Aksi terakhir BUY pada 20:31:47 (1 menit lalu)
[2026-07-02 20:32:48] Validasi gagal / keputusan WAIT. Tidak ada eksekusi.
[2026-07-02 20:33:48] Siklus Menit Baru. Harga BTC Terakhir (OKX): $61834.50
[ANALIS] State: BULLISH | EMA13/34: $61795.6/$61724.5 | VWAP Sesi: $60772.94 | Vol Surge: 1.8x | BB50: [$61357.47 - $61940.77] | Tren 15m: BULLISH
[DEBUG] EMA streak: 0 | EMA13: 61795.63 | EMA34: 61724.50 | Selisih: 71.13
[ANALIS-TRENDING] Quant Golden Cross (EMA13 > EMA34), Di atas VWAP ($60772.94), & Tren 15m Bullish. Sinyal BUY.
[2026-07-02 20:33:48] Keputusan analis: Buy(0.0025823924139579263, "[Trending] Quant EMA13/34 Buy (Vol 1.8x)")
Mencegah transaksi berulang (Cool-down aktif). Aksi terakhir BUY pada 20:31:47 (2 menit lalu)
[2026-07-02 20:33:48] Validasi gagal / keputusan WAIT. Tidak ada eksekusi.
[2026-07-02 20:34:48] Siklus Menit Baru. Harga BTC Terakhir (OKX): $61934.20
[ANALIS] State: BULLISH | EMA13/34: $61811.8/$61735.7 | VWAP Sesi: $60780.81 | Vol Surge: 1.7x | BB50: [$61369.23 - $61950.12] | Tren 15m: BULLISH
[DEBUG] EMA streak: 0 | EMA13: 61811.84 | EMA34: 61735.74 | Selisih: 76.11
[ANALIS-TRENDING] Quant Golden Cross (EMA13 > EMA34), Di atas VWAP ($60780.81), & Tren 15m Bullish. Sinyal BUY.
[2026-07-02 20:34:48] Keputusan analis: Buy(0.002578235348496976, "[Trending] Quant EMA13/34 Buy (Vol 1.7x)")
Mencegah transaksi berulang (Cool-down aktif). Aksi terakhir BUY pada 20:31:47 (3 menit lalu)
[2026-07-02 20:34:48] Validasi gagal / keputusan WAIT. Tidak ada eksekusi.
[2026-07-02 20:35:48] Siklus Menit Baru. Harga BTC Terakhir (OKX): $61882.50
[ANALIS] State: BULLISH | EMA13/34: $61825.2/$61746.9 | VWAP Sesi: $60791.87 | Vol Surge: 2.1x | BB50: [$61380.30 - $61959.85] | Tren 15m: BULLISH
[DEBUG] EMA streak: 0 | EMA13: 61825.23 | EMA34: 61746.92 | Selisih: 78.32
[ANALIS-TRENDING] Quant Golden Cross (EMA13 > EMA34), Di atas VWAP ($60791.87), & Tren 15m Bullish. Sinyal BUY.
[2026-07-02 20:35:48] Keputusan analis: Buy(0.0025803893462753025, "[Trending] Quant EMA13/34 Buy (Vol 2.1x)")
Mencegah transaksi berulang (Cool-down aktif). Aksi terakhir BUY pada 20:31:47 (4 menit lalu)
[2026-07-02 20:35:48] Validasi gagal / keputusan WAIT. Tidak ada eksekusi.
[2026-07-02 20:36:48] Siklus Menit Baru. Harga BTC Terakhir (OKX): $61986.90
[ANALIS] State: BULLISH | EMA13/34: $61856.0/$61763.5 | VWAP Sesi: $60794.53 | Vol Surge: 0.5x | BB50: [$61385.06 - $61980.28] | Tren 15m: BULLISH
[DEBUG] EMA streak: 0 | EMA13: 61855.97 | EMA34: 61763.53 | Selisih: 92.44
[ANALIS-TRENDING] Quant Golden Cross (EMA13 > EMA34), Di atas VWAP ($60794.53), & Tren 15m Bullish. Sinyal BUY.
[2026-07-02 20:36:48] Keputusan analis: Buy(0.0025760433853101446, "[Trending] Quant EMA13/34 Buy (Vol 0.5x)")
[2026-07-02 20:36:48] Mengeksekusi transaksi...
[2026-07-02 20:36:48] Eksekusi sukses. Saldo: $638.56, BTC: 0.0058
[2026-07-02 20:37:48] Siklus Menit Baru. Harga BTC Terakhir (OKX): $61993.10
[ANALIS] State: BULLISH | EMA13/34: $61879.6/$61779.3 | VWAP Sesi: $60799.52 | Vol Surge: 0.7x | BB50: [$61392.37 - $61997.69] | Tren 15m: BULLISH
[DEBUG] EMA streak: 0 | EMA13: 61879.65 | EMA34: 61779.27 | Selisih: 100.37
[ANALIS-TRENDING] Quant Golden Cross (EMA13 > EMA34), Di atas VWAP ($60799.52), & Tren 15m Bullish. Sinyal BUY.
[2026-07-02 20:37:48] Keputusan analis: Buy(0.0020601134446891823, "[Trending] Quant EMA13/34 Buy (Vol 0.7x)")
Mencegah transaksi berulang (Cool-down aktif). Aksi terakhir BUY pada 20:36:48 (1 menit lalu)
[2026-07-02 20:37:48] Validasi gagal / keputusan WAIT. Tidak ada eksekusi.
[2026-07-02 20:38:49] Siklus Menit Baru. Harga BTC Terakhir (OKX): $61908.70
[ANALIS] State: BULLISH | EMA13/34: $61884.0/$61790.7 | VWAP Sesi: $60802.75 | Vol Surge: 0.3x | BB50: [$61406.18 - $62003.30] | Tren 15m: BULLISH
[DEBUG] EMA streak: 0 | EMA13: 61883.96 | EMA34: 61790.66 | Selisih: 93.30
[ANALIS-TRENDING] Quant Golden Cross (EMA13 > EMA34), Di atas VWAP ($60802.75), & Tren 15m Bullish. Sinyal BUY.
[2026-07-02 20:38:49] Keputusan analis: Buy(0.0020629219929987376, "[Trending] Quant EMA13/34 Buy (Vol 0.3x)")
Mencegah transaksi berulang (Cool-down aktif). Aksi terakhir BUY pada 20:36:48 (2 menit lalu)
[2026-07-02 20:38:49] Validasi gagal / keputusan WAIT. Tidak ada eksekusi.
[2026-07-02 20:39:49] Siklus Menit Baru. Harga BTC Terakhir (OKX): $61926.30
[ANALIS] State: BULLISH | EMA13/34: $61892.5/$61802.4 | VWAP Sesi: $60811.02 | Vol Surge: 1.3x | BB50: [$61413.63 - $62013.75] | Tren 15m: BULLISH
[DEBUG] EMA streak: 0 | EMA13: 61892.53 | EMA34: 61802.40 | Selisih: 90.13
[ANALIS-TRENDING] Quant Golden Cross (EMA13 > EMA34), Di atas VWAP ($60811.02), & Tren 15m Bullish. Sinyal BUY.
[2026-07-02 20:39:49] Keputusan analis: Buy(0.0020623356923950074, "[Trending] Quant EMA13/34 Buy (Vol 1.3x)")
Mencegah transaksi berulang (Cool-down aktif). Aksi terakhir BUY pada 20:36:48 (3 menit lalu)
[2026-07-02 20:39:49] Validasi gagal / keputusan WAIT. Tidak ada eksekusi.
[2026-07-02 20:40:49] Siklus Menit Baru. Harga BTC Terakhir (OKX): $61896.20
[ANALIS] State: BULLISH | EMA13/34: $61894.4/$61803.8 | VWAP Sesi: $60814.83 | Vol Surge: 0.8x | BB50: [$61419.34 - $62022.16] | Tren 15m: BULLISH
[DEBUG] EMA streak: 0 | EMA13: 61894.36 | EMA34: 61803.80 | Selisih: 90.55
[ANALIS-TRENDING] Quant Golden Cross (EMA13 > EMA34), Di atas VWAP ($60814.83), & Tren 15m Bullish. Sinyal BUY.
[2026-07-02 20:40:49] Keputusan analis: Buy(0.00206333860217527, "[Trending] Quant EMA13/34 Buy (Vol 0.8x)")
Mencegah transaksi berulang (Cool-down aktif). Aksi terakhir BUY pada 20:36:48 (4 menit lalu)
[2026-07-02 20:40:49] Validasi gagal / keputusan WAIT. Tidak ada eksekusi.
[2026-07-02 20:41:49] Siklus Menit Baru. Harga BTC Terakhir (OKX): $61879.60
[ANALIS] State: BULLISH | EMA13/34: $61887.7/$61808.0 | VWAP Sesi: $60815.47 | Vol Surge: 0.1x | BB50: [$61433.99 - $62022.53] | Tren 15m: BEARISH
[DEBUG] EMA streak: 0 | EMA13: 61887.69 | EMA34: 61807.96 | Selisih: 79.73
[ANALIS-TRENDING] Menunggu konfirmasi streak 2 menit. Saat ini: 1 menit.
[2026-07-02 20:41:49] Keputusan analis: Wait
[2026-07-02 20:41:49] Validasi gagal / keputusan WAIT. Tidak ada eksekusi.
[2026-07-02 20:42:49] Siklus Menit Baru. Harga BTC Terakhir (OKX): $61907.00
[ANALIS] State: BULLISH | EMA13/34: $61889.7/$61815.4 | VWAP Sesi: $60821.38 | Vol Surge: 1.3x | BB50: [$61445.28 - $62027.21] | Tren 15m: BULLISH
[DEBUG] EMA streak: 1 | EMA13: 61889.74 | EMA34: 61815.38 | Selisih: 74.37
[ANALIS-TRENDING] Quant Golden Cross (EMA13 > EMA34), Di atas VWAP ($60821.38), & Tren 15m Bullish. Sinyal BUY.
[2026-07-02 20:42:49] Keputusan analis: Buy(0.0020629786419623136, "[Trending] Quant EMA13/34 Buy (Vol 1.3x)")
[2026-07-02 20:42:49] Mengeksekusi transaksi...
[2026-07-02 20:42:49] Eksekusi sukses. Saldo: $510.72, BTC: 0.0079
[2026-07-02 20:43:49] Siklus Menit Baru. Harga BTC Terakhir (OKX): $61977.90
[ANALIS] State: BULLISH | EMA13/34: $61906.0/$61829.7 | VWAP Sesi: $60823.00 | Vol Surge: 0.3x | BB50: [$61450.77 - $62040.30] | Tren 15m: BULLISH
[DEBUG] EMA streak: 0 | EMA13: 61906.03 | EMA34: 61829.66 | Selisih: 76.37
[ANALIS-TRENDING] Quant Golden Cross (EMA13 > EMA34), Di atas VWAP ($60823.00), & Tren 15m Bullish. Sinyal BUY.
[2026-07-02 20:43:49] Keputusan analis: Buy(0.001648082824145561, "[Trending] Quant EMA13/34 Buy (Vol 0.3x)")
Mencegah transaksi berulang (Cool-down aktif). Aksi terakhir BUY pada 20:42:49 (1 menit lalu)
[2026-07-02 20:43:49] Validasi gagal / keputusan WAIT. Tidak ada eksekusi.
[2026-07-02 20:44:50] Siklus Menit Baru. Harga BTC Terakhir (OKX): $61975.00
[ANALIS] State: BULLISH | EMA13/34: $61919.3/$61837.0 | VWAP Sesi: $60823.88 | Vol Surge: 0.1x | BB50: [$61452.61 - $62054.33] | Tren 15m: BULLISH
[DEBUG] EMA streak: 0 | EMA13: 61919.34 | EMA34: 61837.00 | Selisih: 82.34
[ANALIS-TRENDING] Quant Golden Cross (EMA13 > EMA34), Di atas VWAP ($60823.88), & Tren 15m Bullish. Sinyal BUY.
[2026-07-02 20:44:50] Keputusan analis: Buy(0.0016481599429868684, "[Trending] Quant EMA13/34 Buy (Vol 0.1x)")
Mencegah transaksi berulang (Cool-down aktif). Aksi terakhir BUY pada 20:42:49 (2 menit lalu)
[2026-07-02 20:44:50] Validasi gagal / keputusan WAIT. Tidak ada eksekusi.
[2026-07-02 20:45:50] Siklus Menit Baru. Harga BTC Terakhir (OKX): $61864.10
[ANALIS] State: BULLISH | EMA13/34: $61912.5/$61838.7 | VWAP Sesi: $60824.90 | Vol Surge: 0.2x | BB50: [$61462.18 - $62057.27] | Tren 15m: BULLISH
[DEBUG] EMA streak: 0 | EMA13: 61912.51 | EMA34: 61838.65 | Selisih: 73.86
[ANALIS-TRENDING] Quant Golden Cross (EMA13 > EMA34), Di atas VWAP ($60824.90), & Tren 15m Bullish. Sinyal BUY.
[2026-07-02 20:45:50] Keputusan analis: Buy(0.0016511144988225993, "[Trending] Quant EMA13/34 Buy (Vol 0.2x)")
Mencegah transaksi berulang (Cool-down aktif). Aksi terakhir BUY pada 20:42:49 (3 menit lalu)
[2026-07-02 20:45:50] Validasi gagal / keputusan WAIT. Tidak ada eksekusi.
[2026-07-02 20:46:50] Siklus Menit Baru. Harga BTC Terakhir (OKX): $61914.60
[ANALIS] State: BULLISH | EMA13/34: $61918.1/$61845.1 | VWAP Sesi: $60825.91 | Vol Surge: 0.2x | BB50: [$61471.74 - $62063.89] | Tren 15m: BEARISH
[DEBUG] EMA streak: 0 | EMA13: 61918.05 | EMA34: 61845.10 | Selisih: 72.95
[ANALIS-TRENDING] Menunggu konfirmasi streak 2 menit. Saat ini: 1 menit.
[2026-07-02 20:46:50] Keputusan analis: Wait
[2026-07-02 20:46:50] Validasi gagal / keputusan WAIT. Tidak ada eksekusi.
[2026-07-02 20:47:50] Siklus Menit Baru. Harga BTC Terakhir (OKX): $62017.00
[ANALIS] State: BULLISH | EMA13/34: $61931.4/$61853.1 | VWAP Sesi: $60826.92 | Vol Surge: 0.2x | BB50: [$61480.06 - $62074.09] | Tren 15m: BULLISH
[DEBUG] EMA streak: 1 | EMA13: 61931.40 | EMA34: 61853.07 | Selisih: 78.33
[ANALIS-TRENDING] Quant Golden Cross (EMA13 > EMA34), Di atas VWAP ($60826.92), & Tren 15m Bullish. Sinyal BUY.
[2026-07-02 20:47:50] Keputusan analis: Buy(0.0016470437535935497, "[Trending] Quant EMA13/34 Buy (Vol 0.2x)")
Max pyramiding (3 layer) tercapai. Tunggu siklus selesai (posisi aktif saat ini: 3).
[2026-07-02 20:47:50] Validasi gagal / keputusan WAIT. Tidak ada eksekusi.
[2026-07-02 20:48:50] Siklus Menit Baru. Harga BTC Terakhir (OKX): $61941.10
[ANALIS] State: BULLISH | EMA13/34: $61935.7/$61860.2 | VWAP Sesi: $60827.76 | Vol Surge: 0.2x | BB50: [$61493.48 - $62078.42] | Tren 15m: BULLISH
[DEBUG] EMA streak: 0 | EMA13: 61935.73 | EMA34: 61860.21 | Selisih: 75.52
[ANALIS-TRENDING] Quant Golden Cross (EMA13 > EMA34), Di atas VWAP ($60827.76), & Tren 15m Bullish. Sinyal BUY.
[2026-07-02 20:48:50] Keputusan analis: Buy(0.0016490619712373718, "[Trending] Quant EMA13/34 Buy (Vol 0.2x)")
Max pyramiding (3 layer) tercapai. Tunggu siklus selesai (posisi aktif saat ini: 3).
[2026-07-02 20:48:50] Validasi gagal / keputusan WAIT. Tidak ada eksekusi.
[2026-07-02 20:49:50] Siklus Menit Baru. Harga BTC Terakhir (OKX): $61959.10
[ANALIS] State: BULLISH | EMA13/34: $61934.9/$61864.3 | VWAP Sesi: $60828.81 | Vol Surge: 0.2x | BB50: [$61507.49 - $62079.94] | Tren 15m: BEARISH
[DEBUG] EMA streak: 0 | EMA13: 61934.89 | EMA34: 61864.25 | Selisih: 70.64
[ANALIS-TRENDING] Menunggu konfirmasi streak 2 menit. Saat ini: 1 menit.
[2026-07-02 20:49:51] Keputusan analis: Wait
[2026-07-02 20:49:51] Validasi gagal / keputusan WAIT. Tidak ada eksekusi.
[2026-07-02 20:50:51] Siklus Menit Baru. Harga BTC Terakhir (OKX): $61903.90
[ANALIS] State: BULLISH | EMA13/34: $61931.1/$61865.4 | VWAP Sesi: $60829.61 | Vol Surge: 0.1x | BB50: [$61522.49 - $62079.64] | Tren 15m: BULLISH
[DEBUG] EMA streak: 1 | EMA13: 61931.12 | EMA34: 61865.36 | Selisih: 65.76
[ANALIS-TRENDING] Quant Golden Cross (EMA13 > EMA34), Di atas VWAP ($60829.61), & Tren 15m Bullish. Sinyal BUY.
[2026-07-02 20:50:51] Keputusan analis: Buy(0.0016500529444285605, "[Trending] Quant EMA13/34 Buy (Vol 0.1x)")
Max pyramiding (3 layer) tercapai. Tunggu siklus selesai (posisi aktif saat ini: 3).
[2026-07-02 20:50:51] Validasi gagal / keputusan WAIT. Tidak ada eksekusi.
[2026-07-02 20:51:51] Siklus Menit Baru. Harga BTC Terakhir (OKX): $61938.00
[ANALIS] State: BULLISH | EMA13/34: $61929.4/$61872.0 | VWAP Sesi: $60833.37 | Vol Surge: 0.4x | BB50: [$61541.04 - $62077.22] | Tren 15m: BEARISH
[DEBUG] EMA streak: 0 | EMA13: 61929.43 | EMA34: 61872.02 | Selisih: 57.41
[ANALIS-TRENDING] Menunggu konfirmasi streak 2 menit. Saat ini: 1 menit.
[2026-07-02 20:51:51] Keputusan analis: Wait
[2026-07-02 20:51:51] Validasi gagal / keputusan WAIT. Tidak ada eksekusi.
[2026-07-02 20:52:51] Siklus Menit Baru. Harga BTC Terakhir (OKX): $61912.80
[ANALIS] State: BULLISH | EMA13/34: $61929.5/$61876.9 | VWAP Sesi: $60834.05 | Vol Surge: 0.1x | BB50: [$61553.56 - $62078.71] | Tren 15m: BEARISH
[DEBUG] EMA streak: 1 | EMA13: 61929.47 | EMA34: 61876.85 | Selisih: 52.62
[ANALIS-TRENDING] Sinyal melemah/Death Cross terkonfirmasi 2 menit berturut. Sinyal SELL.
[2026-07-02 20:52:51] Keputusan analis: Sell(0.007870668068454196, "[Trending] Quant EMA13/34 Sell Confirmed (2m streak)")
Mencegah Whipsaw (Holding time < 15 menit). Beli terakhir 10 menit lalu. Sinyal normal ([Trending] Quant EMA13/34 Sell Confirmed (2m streak)) diabaikan.
[2026-07-02 20:52:51] Validasi gagal / keputusan WAIT. Tidak ada eksekusi.
[2026-07-02 20:53:51] Siklus Menit Baru. Harga BTC Terakhir (OKX): $61827.40
[ANALIS] State: BULLISH | EMA13/34: $61913.1/$61872.0 | VWAP Sesi: $60835.71 | Vol Surge: 0.4x | BB50: [$61564.75 - $62075.61] | Tren 15m: BEARISH
[DEBUG] EMA streak: 0 | EMA13: 61913.08 | EMA34: 61872.03 | Selisih: 41.05
[ANALIS-TRENDING] Menunggu konfirmasi streak 2 menit. Saat ini: 1 menit.
[2026-07-02 20:53:51] Keputusan analis: Wait
[2026-07-02 20:53:51] Validasi gagal / keputusan WAIT. Tidak ada eksekusi.
[2026-07-02 20:54:51] Siklus Menit Baru. Harga BTC Terakhir (OKX): $61884.40
[ANALIS] State: BULLISH | EMA13/34: $61907.4/$61873.9 | VWAP Sesi: $60837.05 | Vol Surge: 0.3x | BB50: [$61578.68 - $62073.05] | Tren 15m: BEARISH
[DEBUG] EMA streak: 1 | EMA13: 61907.44 | EMA34: 61873.86 | Selisih: 33.58
[ANALIS-TRENDING] Sinyal melemah/Death Cross terkonfirmasi 2 menit berturut. Sinyal SELL.
[2026-07-02 20:54:51] Keputusan analis: Sell(0.007870668068454196, "[Trending] Quant EMA13/34 Sell Confirmed (2m streak)")
Mencegah Whipsaw (Holding time < 15 menit). Beli terakhir 12 menit lalu. Sinyal normal ([Trending] Quant EMA13/34 Sell Confirmed (2m streak)) diabaikan.
[2026-07-02 20:54:51] Validasi gagal / keputusan WAIT. Tidak ada eksekusi.
[2026-07-02 20:55:52] Siklus Menit Baru. Harga BTC Terakhir (OKX): $61865.80
[ANALIS] State: BULLISH | EMA13/34: $61901.0/$61874.6 | VWAP Sesi: $60838.08 | Vol Surge: 0.2x | BB50: [$61590.33 - $62070.99] | Tren 15m: BEARISH
[DEBUG] EMA streak: 0 | EMA13: 61900.97 | EMA34: 61874.59 | Selisih: 26.38
[ANALIS-TRENDING] Menunggu konfirmasi streak 2 menit. Saat ini: 1 menit.
[2026-07-02 20:55:52] Keputusan analis: Wait
[2026-07-02 20:55:52] Validasi gagal / keputusan WAIT. Tidak ada eksekusi.
[2026-07-02 20:56:52] Siklus Menit Baru. Harga BTC Terakhir (OKX): $61839.60
[ANALIS] State: BULLISH | EMA13/34: $61893.2/$61873.3 | VWAP Sesi: $60838.25 | Vol Surge: 0.0x | BB50: [$61599.93 - $62069.31] | Tren 15m: BEARISH
[DEBUG] EMA streak: 1 | EMA13: 61893.17 | EMA34: 61873.31 | Selisih: 19.86
[ANALIS-TRENDING] Sinyal melemah/Death Cross terkonfirmasi 2 menit berturut. Sinyal SELL.
[2026-07-02 20:56:52] Keputusan analis: Sell(0.007870668068454196, "[Trending] Quant EMA13/34 Sell Confirmed (2m streak)")
Mencegah Whipsaw (Holding time < 15 menit). Beli terakhir 14 menit lalu. Sinyal normal ([Trending] Quant EMA13/34 Sell Confirmed (2m streak)) diabaikan.
[2026-07-02 20:56:52] Validasi gagal / keputusan WAIT. Tidak ada eksekusi.
[2026-07-02 20:57:52] Siklus Menit Baru. Harga BTC Terakhir (OKX): $61879.90
[ANALIS] State: BULLISH | EMA13/34: $61890.1/$61869.3 | VWAP Sesi: $60838.91 | Vol Surge: 0.0x | BB50: [$61609.59 - $62068.26] | Tren 15m: BEARISH
[DEBUG] EMA streak: 0 | EMA13: 61890.06 | EMA34: 61869.25 | Selisih: 20.81
[ANALIS-TRENDING] Menunggu konfirmasi streak 2 menit. Saat ini: 1 menit.
[2026-07-02 20:57:52] Keputusan analis: Wait
[2026-07-02 20:57:52] Validasi gagal / keputusan WAIT. Tidak ada eksekusi.
[2026-07-02 20:58:52] Siklus Menit Baru. Harga BTC Terakhir (OKX): $61918.30
[ANALIS] State: BULLISH | EMA13/34: $61891.6/$61873.2 | VWAP Sesi: $60839.61 | Vol Surge: 0.1x | BB50: [$61627.31 - $62063.21] | Tren 15m: BEARISH
[DEBUG] EMA streak: 1 | EMA13: 61891.60 | EMA34: 61873.24 | Selisih: 18.37
[ANALIS-TRENDING] Sinyal melemah/Death Cross terkonfirmasi 2 menit berturut. Sinyal SELL.
[2026-07-02 20:58:52] Keputusan analis: Sell(0.007870668068454196, "[Trending] Quant EMA13/34 Sell Confirmed (2m streak)")
[2026-07-02 20:58:52] Mengeksekusi transaksi...
[2026-07-02 20:58:52] Eksekusi sukses. Saldo: $997.57, BTC: 0.0000
[2026-07-02 20:59:52] Siklus Menit Baru. Harga BTC Terakhir (OKX): $61932.10
[ANALIS] State: BULLISH | EMA13/34: $61896.8/$61875.8 | VWAP Sesi: $60840.56 | Vol Surge: 0.2x | BB50: [$61641.55 - $62061.09] | Tren 15m: BEARISH
[DEBUG] EMA streak: 0 | EMA13: 61896.82 | EMA34: 61875.81 | Selisih: 21.01
[2026-07-02 20:59:52] Keputusan analis: Wait
[2026-07-02 20:59:52] Validasi gagal / keputusan WAIT. Tidak ada eksekusi.
[2026-07-02 21:00:52] Siklus Menit Baru. Harga BTC Terakhir (OKX): $61899.30
[ANALIS] State: BULLISH | EMA13/34: $61898.9/$61880.2 | VWAP Sesi: $60841.32 | Vol Surge: 0.2x | BB50: [$61658.05 - $62056.50] | Tren 15m: BEARISH
[DEBUG] EMA streak: 0 | EMA13: 61898.89 | EMA34: 61880.19 | Selisih: 18.70
[2026-07-02 21:00:52] Keputusan analis: Wait
[2026-07-02 21:00:52] Validasi gagal / keputusan WAIT. Tidak ada eksekusi.
[2026-07-02 21:01:53] Siklus Menit Baru. Harga BTC Terakhir (OKX): $62063.20
[ANALIS] State: BULLISH | EMA13/34: $61923.1/$61893.0 | VWAP Sesi: $60843.59 | Vol Surge: 0.5x | BB50: [$61666.24 - $62064.72] | Tren 15m: BULLISH
[DEBUG] EMA streak: 0 | EMA13: 61923.07 | EMA34: 61892.98 | Selisih: 30.09
[ANALIS-TRENDING] Quant Golden Cross (EMA13 > EMA34), Di atas VWAP ($60843.59), & Tren 15m Bullish. Sinyal BUY.
[2026-07-02 21:01:53] Keputusan analis: Buy(0.003214705689069724, "[Trending] Quant EMA13/34 Buy (Vol 0.5x)")
[2026-07-02 21:01:53] Mengeksekusi transaksi...
[2026-07-02 21:01:53] Eksekusi sukses. Saldo: $797.86, BTC: 0.0032
[2026-07-02 21:02:53] Siklus Menit Baru. Harga BTC Terakhir (OKX): $62068.80
[ANALIS] State: BULLISH | EMA13/34: $61946.9/$61903.7 | VWAP Sesi: $60845.88 | Vol Surge: 0.2x | BB50: [$61670.18 - $62076.64] | Tren 15m: BULLISH
[DEBUG] EMA streak: 0 | EMA13: 61946.89 | EMA34: 61903.73 | Selisih: 43.15
[ANALIS-TRENDING] Quant Golden Cross (EMA13 > EMA34), Di atas VWAP ($60845.88), & Tren 15m Bullish. Sinyal BUY.
[2026-07-02 21:02:53] Keputusan analis: Buy(0.002570889637194102, "[Trending] Quant EMA13/34 Buy (Vol 0.2x)")
Mencegah transaksi berulang (Cool-down aktif). Aksi terakhir BUY pada 21:01:53 (1 menit lalu)
[2026-07-02 21:02:53] Validasi gagal / keputusan WAIT. Tidak ada eksekusi.
[2026-07-02 21:03:53] Siklus Menit Baru. Harga BTC Terakhir (OKX): $61935.50
[ANALIS] State: BULLISH | EMA13/34: $61946.2/$61905.8 | VWAP Sesi: $60847.15 | Vol Surge: 0.2x | BB50: [$61681.22 - $62075.91] | Tren 15m: BULLISH
[DEBUG] EMA streak: 0 | EMA13: 61946.16 | EMA34: 61905.83 | Selisih: 40.33
[ANALIS-TRENDING] Quant Golden Cross (EMA13 > EMA34), Di atas VWAP ($60847.15), & Tren 15m Bullish. Sinyal BUY.
[2026-07-02 21:03:53] Keputusan analis: Buy(0.0025764228061947235, "[Trending] Quant EMA13/34 Buy (Vol 0.2x)")
Mencegah transaksi berulang (Cool-down aktif). Aksi terakhir BUY pada 21:01:53 (2 menit lalu)
[2026-07-02 21:03:53] Validasi gagal / keputusan WAIT. Tidak ada eksekusi.
[2026-07-02 21:04:53] Siklus Menit Baru. Harga BTC Terakhir (OKX): $61886.80
[ANALIS] State: BULLISH | EMA13/34: $61932.7/$61904.8 | VWAP Sesi: $60849.16 | Vol Surge: 0.5x | BB50: [$61693.05 - $62070.69] | Tren 15m: BEARISH
[DEBUG] EMA streak: 0 | EMA13: 61932.73 | EMA34: 61904.82 | Selisih: 27.90
[ANALIS-TRENDING] Menunggu konfirmasi streak 2 menit. Saat ini: 1 menit.
[2026-07-02 21:04:53] Keputusan analis: Wait
[2026-07-02 21:04:53] Validasi gagal / keputusan WAIT. Tidak ada eksekusi.
[2026-07-02 21:05:53] Siklus Menit Baru. Harga BTC Terakhir (OKX): $61892.30
[ANALIS] State: BULLISH | EMA13/34: $61927.5/$61906.3 | VWAP Sesi: $60849.74 | Vol Surge: 0.1x | BB50: [$61701.94 - $62068.71] | Tren 15m: BEARISH
[DEBUG] EMA streak: 1 | EMA13: 61927.45 | EMA34: 61906.30 | Selisih: 21.16
[ANALIS-TRENDING] Sinyal melemah/Death Cross terkonfirmasi 2 menit berturut. Sinyal SELL.
[2026-07-02 21:05:53] Keputusan analis: Sell(0.003214705689069724, "[Trending] Quant EMA13/34 Sell Confirmed (2m streak)")
Mencegah Whipsaw (Holding time < 15 menit). Beli terakhir 4 menit lalu. Sinyal normal ([Trending] Quant EMA13/34 Sell Confirmed (2m streak)) diabaikan.
[2026-07-02 21:05:54] Validasi gagal / keputusan WAIT. Tidak ada eksekusi.
[2026-07-02 21:06:54] Siklus Menit Baru. Harga BTC Terakhir (OKX): $61941.00
[ANALIS] State: BULLISH | EMA13/34: $61933.7/$61908.6 | VWAP Sesi: $60849.93 | Vol Surge: 0.0x | BB50: [$61708.86 - $62070.39] | Tren 15m: BEARISH
[DEBUG] EMA streak: 0 | EMA13: 61933.71 | EMA34: 61908.59 | Selisih: 25.12
[ANALIS-TRENDING] Menunggu konfirmasi streak 2 menit. Saat ini: 1 menit.
[2026-07-02 21:06:54] Keputusan analis: Wait
[2026-07-02 21:06:54] Validasi gagal / keputusan WAIT. Tidak ada eksekusi.
[2026-07-02 21:07:54] Siklus Menit Baru. Harga BTC Terakhir (OKX): $61973.50
[ANALIS] State: BULLISH | EMA13/34: $61934.8/$61912.8 | VWAP Sesi: $60851.11 | Vol Surge: 0.3x | BB50: [$61717.79 - $62069.65] | Tren 15m: BULLISH
[DEBUG] EMA streak: 1 | EMA13: 61934.80 | EMA34: 61912.80 | Selisih: 22.00
[ANALIS-TRENDING] Quant Golden Cross (EMA13 > EMA34), Di atas VWAP ($60851.11), & Tren 15m Bullish. Sinyal BUY.
[2026-07-02 21:07:54] Keputusan analis: Buy(0.002574843033120177, "[Trending] Quant EMA13/34 Buy (Vol 0.3x)")
[2026-07-02 21:07:54] Mengeksekusi transaksi...
[2026-07-02 21:07:54] Eksekusi sukses. Saldo: $638.13, BTC: 0.0058
[2026-07-02 21:08:54] Siklus Menit Baru. Harga BTC Terakhir (OKX): $61970.50
[ANALIS] State: BULLISH | EMA13/34: $61940.6/$61917.3 | VWAP Sesi: $60851.52 | Vol Surge: 0.1x | BB50: [$61723.36 - $62071.97] | Tren 15m: BULLISH
[DEBUG] EMA streak: 0 | EMA13: 61940.61 | EMA34: 61917.33 | Selisih: 23.28
[ANALIS-TRENDING] Quant Golden Cross (EMA13 > EMA34), Di atas VWAP ($60851.52), & Tren 15m Bullish. Sinyal BUY.
[2026-07-02 21:08:54] Keputusan analis: Buy(0.0020594591517498814, "[Trending] Quant EMA13/34 Buy (Vol 0.1x)")
Mencegah transaksi berulang (Cool-down aktif). Aksi terakhir BUY pada 21:07:54 (1 menit lalu)
[2026-07-02 21:08:54] Validasi gagal / keputusan WAIT. Tidak ada eksekusi.
[2026-07-02 21:09:54] Siklus Menit Baru. Harga BTC Terakhir (OKX): $61888.10
[ANALIS] State: BULLISH | EMA13/34: $61930.8/$61913.6 | VWAP Sesi: $60855.67 | Vol Surge: 1.1x | BB50: [$61727.74 - $62070.51] | Tren 15m: BULLISH
[DEBUG] EMA streak: 0 | EMA13: 61930.82 | EMA34: 61913.61 | Selisih: 17.21
[ANALIS-TRENDING] Quant Golden Cross (EMA13 > EMA34), Di atas VWAP ($60855.67), & Tren 15m Bullish. Sinyal BUY.
[2026-07-02 21:09:54] Keputusan analis: Buy(0.002062201188330487, "[Trending] Quant EMA13/34 Buy (Vol 1.1x)")
Mencegah transaksi berulang (Cool-down aktif). Aksi terakhir BUY pada 21:07:54 (2 menit lalu)
[2026-07-02 21:09:54] Validasi gagal / keputusan WAIT. Tidak ada eksekusi.
[2026-07-02 21:10:54] Siklus Menit Baru. Harga BTC Terakhir (OKX): $61872.40
[ANALIS] State: BULLISH | EMA13/34: $61922.1/$61913.6 | VWAP Sesi: $60856.59 | Vol Surge: 0.2x | BB50: [$61732.99 - $62068.97] | Tren 15m: BULLISH
[DEBUG] EMA streak: 0 | EMA13: 61922.13 | EMA34: 61913.65 | Selisih: 8.48
[ANALIS-TRENDING] Quant Golden Cross (EMA13 > EMA34), Di atas VWAP ($60856.59), & Tren 15m Bullish. Sinyal BUY.
[2026-07-02 21:10:54] Keputusan analis: Buy(0.002062724467832442, "[Trending] Quant EMA13/34 Buy (Vol 0.2x)")
Mencegah transaksi berulang (Cool-down aktif). Aksi terakhir BUY pada 21:07:54 (3 menit lalu)
[2026-07-02 21:10:54] Validasi gagal / keputusan WAIT. Tidak ada eksekusi.
[2026-07-02 21:11:54] Siklus Menit Baru. Harga BTC Terakhir (OKX): $61943.30
[ANALIS] State: BULLISH | EMA13/34: $61928.5/$61916.8 | VWAP Sesi: $60857.19 | Vol Surge: 0.1x | BB50: [$61737.16 - $62070.64] | Tren 15m: BULLISH
[DEBUG] EMA streak: 0 | EMA13: 61928.53 | EMA34: 61916.76 | Selisih: 11.77
[ANALIS-TRENDING] Quant Golden Cross (EMA13 > EMA34), Di atas VWAP ($60857.19), & Tren 15m Bullish. Sinyal BUY.
[2026-07-02 21:11:54] Keputusan analis: Buy(0.0020603634834359167, "[Trending] Quant EMA13/34 Buy (Vol 0.1x)")
Mencegah transaksi berulang (Cool-down aktif). Aksi terakhir BUY pada 21:07:54 (4 menit lalu)
[2026-07-02 21:11:54] Validasi gagal / keputusan WAIT. Tidak ada eksekusi.
[2026-07-02 21:12:55] Siklus Menit Baru. Harga BTC Terakhir (OKX): $62068.50
[ANALIS] State: BULLISH | EMA13/34: $61949.5/$61929.4 | VWAP Sesi: $60858.13 | Vol Surge: 0.2x | BB50: [$61737.71 - $62080.22] | Tren 15m: BULLISH
[DEBUG] EMA streak: 0 | EMA13: 61949.51 | EMA34: 61929.39 | Selisih: 20.13
[ANALIS-TRENDING] Quant Golden Cross (EMA13 > EMA34), Di atas VWAP ($60858.13), & Tren 15m Bullish. Sinyal BUY.
[2026-07-02 21:12:55] Keputusan analis: Buy(0.0020562074701904512, "[Trending] Quant EMA13/34 Buy (Vol 0.2x)")
[2026-07-02 21:12:55] Mengeksekusi transaksi...
[2026-07-02 21:12:55] Eksekusi sukses. Saldo: $510.38, BTC: 0.0078
[2026-07-02 21:13:55] Siklus Menit Baru. Harga BTC Terakhir (OKX): $62193.40
[ANALIS] State: BULLISH | EMA13/34: $61988.8/$61946.3 | VWAP Sesi: $60862.99 | Vol Surge: 1.0x | BB50: [$61724.48 - $62107.03] | Tren 15m: BULLISH
[DEBUG] EMA streak: 0 | EMA13: 61988.78 | EMA34: 61946.35 | Selisih: 42.43
[ANALIS-TRENDING] Quant Golden Cross (EMA13 > EMA34), Di atas VWAP ($60862.99), & Tren 15m Bullish. Sinyal BUY.
[2026-07-02 21:13:55] Keputusan analis: Buy(0.0016412520548505162, "[Trending] Quant EMA13/34 Buy (Vol 1.0x)")
Mencegah transaksi berulang (Cool-down aktif). Aksi terakhir BUY pada 21:12:55 (1 menit lalu)
[2026-07-02 21:13:55] Validasi gagal / keputusan WAIT. Tidak ada eksekusi.
[2026-07-02 21:14:55] Siklus Menit Baru. Harga BTC Terakhir (OKX): $62103.90
[ANALIS] State: BULLISH | EMA13/34: $62002.7/$61951.7 | VWAP Sesi: $60864.81 | Vol Surge: 0.4x | BB50: [$61723.61 - $62115.70] | Tren 15m: BULLISH
[DEBUG] EMA streak: 0 | EMA13: 62002.73 | EMA34: 61951.66 | Selisih: 51.08
[ANALIS-TRENDING] Quant Golden Cross (EMA13 > EMA34), Di atas VWAP ($60864.81), & Tren 15m Bullish. Sinyal BUY.
[2026-07-02 21:14:55] Keputusan analis: Buy(0.0016436173178840635, "[Trending] Quant EMA13/34 Buy (Vol 0.4x)")
Mencegah transaksi berulang (Cool-down aktif). Aksi terakhir BUY pada 21:12:55 (2 menit lalu)
[2026-07-02 21:14:55] Validasi gagal / keputusan WAIT. Tidak ada eksekusi.
[2026-07-02 21:15:55] Siklus Menit Baru. Harga BTC Terakhir (OKX): $62122.10
[ANALIS] State: BULLISH | EMA13/34: $62019.3/$61965.9 | VWAP Sesi: $60865.34 | Vol Surge: 0.1x | BB50: [$61722.86 - $62127.58] | Tren 15m: BULLISH
[DEBUG] EMA streak: 0 | EMA13: 62019.30 | EMA34: 61965.92 | Selisih: 53.38
[ANALIS-TRENDING] Quant Golden Cross (EMA13 > EMA34), Di atas VWAP ($60865.34), & Tren 15m Bullish. Sinyal BUY.
[2026-07-02 21:15:55] Keputusan analis: Buy(0.001643135784980548, "[Trending] Quant EMA13/34 Buy (Vol 0.1x)")
Mencegah transaksi berulang (Cool-down aktif). Aksi terakhir BUY pada 21:12:55 (3 menit lalu)
[2026-07-02 21:15:55] Validasi gagal / keputusan WAIT. Tidak ada eksekusi.
[2026-07-02 21:16:55] Siklus Menit Baru. Harga BTC Terakhir (OKX): $62018.20
[ANALIS] State: BULLISH | EMA13/34: $62018.7/$61966.3 | VWAP Sesi: $60866.92 | Vol Surge: 0.4x | BB50: [$61723.17 - $62130.67] | Tren 15m: BEARISH
[DEBUG] EMA streak: 0 | EMA13: 62018.68 | EMA34: 61966.30 | Selisih: 52.38
[ANALIS-TRENDING] Menunggu konfirmasi streak 2 menit. Saat ini: 1 menit.
[2026-07-02 21:16:55] Keputusan analis: Wait
[2026-07-02 21:16:55] Validasi gagal / keputusan WAIT. Tidak ada eksekusi.
[2026-07-02 21:17:56] Siklus Menit Baru. Harga BTC Terakhir (OKX): $62010.70
[ANALIS] State: BULLISH | EMA13/34: $62014.7/$61958.3 | VWAP Sesi: $60869.27 | Vol Surge: 0.6x | BB50: [$61724.99 - $62133.03] | Tren 15m: BEARISH
[DEBUG] EMA streak: 1 | EMA13: 62014.70 | EMA34: 61958.25 | Selisih: 56.45
[ANALIS-TRENDING] Sinyal melemah/Death Cross terkonfirmasi 2 menit berturut. Sinyal SELL.
[2026-07-02 21:17:56] Keputusan analis: Sell(0.007845756192380352, "[Trending] Quant EMA13/34 Sell Confirmed (2m streak)")
Mencegah Whipsaw (Holding time < 15 menit). Beli terakhir 5 menit lalu. Sinyal normal ([Trending] Quant EMA13/34 Sell Confirmed (2m streak)) diabaikan.
[2026-07-02 21:17:56] Validasi gagal / keputusan WAIT. Tidak ada eksekusi.
[2026-07-02 21:18:56] Siklus Menit Baru. Harga BTC Terakhir (OKX): $61914.20
[ANALIS] State: BULLISH | EMA13/34: $61998.7/$61955.0 | VWAP Sesi: $60870.35 | Vol Surge: 0.4x | BB50: [$61739.68 - $62126.08] | Tren 15m: BULLISH
[DEBUG] EMA streak: 0 | EMA13: 61998.72 | EMA34: 61955.01 | Selisih: 43.70
[ANALIS-TRENDING] Quant Golden Cross (EMA13 > EMA34), Di atas VWAP ($60870.35), & Tren 15m Bullish. Sinyal BUY.
[2026-07-02 21:18:56] Keputusan analis: Buy(0.0016486532257243105, "[Trending] Quant EMA13/34 Buy (Vol 0.4x)")
Max pyramiding (3 layer) tercapai. Tunggu siklus selesai (posisi aktif saat ini: 3).
[2026-07-02 21:18:56] Validasi gagal / keputusan WAIT. Tidak ada eksekusi.
[2026-07-02 21:19:56] Siklus Menit Baru. Harga BTC Terakhir (OKX): $61849.90
[ANALIS] State: BULLISH | EMA13/34: $61976.6/$61946.5 | VWAP Sesi: $60872.71 | Vol Surge: 0.9x | BB50: [$61751.98 - $62119.15] | Tren 15m: BEARISH
[DEBUG] EMA streak: 0 | EMA13: 61976.58 | EMA34: 61946.54 | Selisih: 30.04
[ANALIS-TRENDING] Menunggu konfirmasi streak 2 menit. Saat ini: 1 menit.
[2026-07-02 21:19:56] Keputusan analis: Wait
[2026-07-02 21:19:56] Validasi gagal / keputusan WAIT. Tidak ada eksekusi.
[2026-07-02 21:20:56] Siklus Menit Baru. Harga BTC Terakhir (OKX): $61714.30
[ANALIS] State: BEARISH | EMA13/34: $61940.3/$61946.8 | VWAP Sesi: $60876.19 | Vol Surge: 1.7x | BB50: [$61758.34 - $62114.99] | Tren 15m: BEARISH
[DEBUG] EMA streak: 1 | EMA13: 61940.34 | EMA34: 61946.79 | Selisih: -6.45
[ANALIS-TRENDING] Sinyal melemah/Death Cross terkonfirmasi 2 menit berturut. Sinyal SELL.
[2026-07-02 21:20:56] Keputusan analis: Sell(0.007845756192380352, "[Trending] Quant EMA13/34 Sell Confirmed (2m streak)")
Mencegah Whipsaw (Holding time < 15 menit). Beli terakhir 8 menit lalu. Sinyal normal ([Trending] Quant EMA13/34 Sell Confirmed (2m streak)) diabaikan.
[2026-07-02 21:20:56] Validasi gagal / keputusan WAIT. Tidak ada eksekusi.
[2026-07-02 21:21:56] Siklus Menit Baru. Harga BTC Terakhir (OKX): $61784.30
[ANALIS] State: BEARISH | EMA13/34: $61920.0/$61930.0 | VWAP Sesi: $60876.85 | Vol Surge: 0.3x | BB50: [$61752.64 - $62116.11] | Tren 15m: BEARISH
[DEBUG] EMA streak: 0 | EMA13: 61920.02 | EMA34: 61930.02 | Selisih: -10.00
[ANALIS-TRENDING] Menunggu konfirmasi streak 2 menit. Saat ini: 1 menit.
[2026-07-02 21:21:56] Keputusan analis: Wait
[2026-07-02 21:21:56] Validasi gagal / keputusan WAIT. Tidak ada eksekusi.
[2026-07-02 21:22:57] Siklus Menit Baru. Harga BTC Terakhir (OKX): $61733.10
[ANALIS] State: BEARISH | EMA13/34: $61894.1/$61922.0 | VWAP Sesi: $60877.61 | Vol Surge: 0.4x | BB50: [$61750.74 - $62117.32] | Tren 15m: BEARISH
[DEBUG] EMA streak: 1 | EMA13: 61894.08 | EMA34: 61922.03 | Selisih: -27.95
[ANALIS-TRENDING] Sinyal melemah/Death Cross terkonfirmasi 2 menit berturut. Sinyal SELL.
[2026-07-02 21:22:57] Keputusan analis: Sell(0.007845756192380352, "[Trending] Quant EMA13/34 Sell Confirmed (2m streak)")
Mencegah Whipsaw (Holding time < 15 menit). Beli terakhir 10 menit lalu. Sinyal normal ([Trending] Quant EMA13/34 Sell Confirmed (2m streak)) diabaikan.
[2026-07-02 21:22:57] Validasi gagal / keputusan WAIT. Tidak ada eksekusi.
[2026-07-02 21:23:57] Siklus Menit Baru. Harga BTC Terakhir (OKX): $61719.50
[ANALIS] State: BEARISH | EMA13/34: $61876.0/$61922.5 | VWAP Sesi: $60878.71 | Vol Surge: 0.7x | BB50: [$61747.56 - $62118.90] | Tren 15m: BEARISH
[DEBUG] EMA streak: 0 | EMA13: 61876.04 | EMA34: 61922.54 | Selisih: -46.50
[ANALIS-TRENDING] Menunggu konfirmasi streak 2 menit. Saat ini: 1 menit.
[2026-07-02 21:23:57] Keputusan analis: Wait
[2026-07-02 21:23:57] Validasi gagal / keputusan WAIT. Tidak ada eksekusi.
[2026-07-02 21:24:57] Siklus Menit Baru. Harga BTC Terakhir (OKX): $61708.20
[ANALIS] State: BEARISH | EMA13/34: $61850.7/$61905.1 | VWAP Sesi: $60878.94 | Vol Surge: 0.1x | BB50: [$61731.25 - $62123.69] | Tren 15m: BEARISH
[DEBUG] EMA streak: 1 | EMA13: 61850.73 | EMA34: 61905.15 | Selisih: -54.42
[ANALIS-TRENDING] Sinyal melemah/Death Cross terkonfirmasi 2 menit berturut. Sinyal SELL.
[2026-07-02 21:24:57] Keputusan analis: Sell(0.007845756192380352, "[Trending] Quant EMA13/34 Sell Confirmed (2m streak)")
Mencegah Whipsaw (Holding time < 15 menit). Beli terakhir 12 menit lalu. Sinyal normal ([Trending] Quant EMA13/34 Sell Confirmed (2m streak)) diabaikan.
[2026-07-02 21:24:57] Validasi gagal / keputusan WAIT. Tidak ada eksekusi.
[2026-07-02 21:25:57] Siklus Menit Baru. Harga BTC Terakhir (OKX): $61717.30
[ANALIS] State: BEARISH | EMA13/34: $61832.2/$61902.4 | VWAP Sesi: $60879.24 | Vol Surge: 0.2x | BB50: [$61719.48 - $62128.34] | Tren 15m: BEARISH
[DEBUG] EMA streak: 0 | EMA13: 61832.17 | EMA34: 61902.39 | Selisih: -70.22
[ANALIS-TRENDING] Menunggu konfirmasi streak 2 menit. Saat ini: 1 menit.
[2026-07-02 21:25:57] Keputusan analis: Wait
[2026-07-02 21:25:57] Validasi gagal / keputusan WAIT. Tidak ada eksekusi.
[2026-07-02 21:26:57] Siklus Menit Baru. Harga BTC Terakhir (OKX): $61753.00
[ANALIS] State: BEARISH | EMA13/34: $61822.8/$61891.9 | VWAP Sesi: $60879.66 | Vol Surge: 0.3x | BB50: [$61712.71 - $62124.00] | Tren 15m: BEARISH
[DEBUG] EMA streak: 1 | EMA13: 61822.81 | EMA34: 61891.86 | Selisih: -69.05
[ANALIS-TRENDING] Sinyal melemah/Death Cross terkonfirmasi 2 menit berturut. Sinyal SELL.
[2026-07-02 21:26:57] Keputusan analis: Sell(0.007845756192380352, "[Trending] Quant EMA13/34 Sell Confirmed (2m streak)")
Mencegah Whipsaw (Holding time < 15 menit). Beli terakhir 14 menit lalu. Sinyal normal ([Trending] Quant EMA13/34 Sell Confirmed (2m streak)) diabaikan.
[2026-07-02 21:26:57] Validasi gagal / keputusan WAIT. Tidak ada eksekusi.
[2026-07-02 21:27:57] Siklus Menit Baru. Harga BTC Terakhir (OKX): $61609.20
[ANALIS] State: BEARISH | EMA13/34: $61792.3/$61872.1 | VWAP Sesi: $60880.67 | Vol Surge: 1.0x | BB50: [$61688.64 - $62132.79] | Tren 15m: BEARISH
[DEBUG] EMA streak: 0 | EMA13: 61792.33 | EMA34: 61872.15 | Selisih: -79.82
[ANALIS-TRENDING] Menunggu konfirmasi streak 2 menit. Saat ini: 1 menit.
[2026-07-02 21:27:57] Keputusan analis: Wait
[2026-07-02 21:27:57] Validasi gagal / keputusan WAIT. Tidak ada eksekusi.
[2026-07-02 21:28:58] Siklus Menit Baru. Harga BTC Terakhir (OKX): $61681.80
[ANALIS] State: BEARISH | EMA13/34: $61777.0/$61862.3 | VWAP Sesi: $60881.68 | Vol Surge: 0.8x | BB50: [$61675.26 - $62136.64] | Tren 15m: BEARISH
[DEBUG] EMA streak: 1 | EMA13: 61777.02 | EMA34: 61862.30 | Selisih: -85.28
[ANALIS-TRENDING] Sinyal melemah/Death Cross terkonfirmasi 2 menit berturut. Sinyal SELL.
[2026-07-02 21:28:58] Keputusan analis: Sell(0.007845756192380352, "[Trending] Quant EMA13/34 Sell Confirmed (2m streak)")
[2026-07-02 21:28:58] Mengeksekusi transaksi...
[2026-07-02 21:28:58] Eksekusi sukses. Saldo: $993.83, BTC: 0.0000
[2026-07-02 21:29:58] Siklus Menit Baru. Harga BTC Terakhir (OKX): $61684.60
[ANALIS] State: BEARISH | EMA13/34: $61761.8/$61847.4 | VWAP Sesi: $60881.93 | Vol Surge: 0.3x | BB50: [$61660.64 - $62140.41] | Tren 15m: BEARISH
[DEBUG] EMA streak: 0 | EMA13: 61761.78 | EMA34: 61847.39 | Selisih: -85.61
[2026-07-02 21:29:58] Keputusan analis: Wait
[2026-07-02 21:29:58] Validasi gagal / keputusan WAIT. Tidak ada eksekusi.
[2026-07-02 21:30:58] Siklus Menit Baru. Harga BTC Terakhir (OKX): $61720.60
[ANALIS] State: BEARISH | EMA13/34: $61756.6/$61840.5 | VWAP Sesi: $60882.19 | Vol Surge: 0.2x | BB50: [$61652.88 - $62142.51] | Tren 15m: BEARISH
[DEBUG] EMA streak: 0 | EMA13: 61756.65 | EMA34: 61840.51 | Selisih: -83.86
[2026-07-02 21:30:58] Keputusan analis: Wait
[2026-07-02 21:30:58] Validasi gagal / keputusan WAIT. Tidak ada eksekusi.
[2026-07-02 21:31:58] Siklus Menit Baru. Harga BTC Terakhir (OKX): $61772.30
[ANALIS] State: BEARISH | EMA13/34: $61757.0/$61838.5 | VWAP Sesi: $60882.63 | Vol Surge: 0.4x | BB50: [$61647.30 - $62143.63] | Tren 15m: BEARISH
[DEBUG] EMA streak: 0 | EMA13: 61757.05 | EMA34: 61838.52 | Selisih: -81.48
[2026-07-02 21:31:58] Keputusan analis: Wait
[2026-07-02 21:31:58] Validasi gagal / keputusan WAIT. Tidak ada eksekusi.
[2026-07-02 21:32:58] Siklus Menit Baru. Harga BTC Terakhir (OKX): $61680.00
[ANALIS] State: BEARISH | EMA13/34: $61745.6/$61834.6 | VWAP Sesi: $60882.86 | Vol Surge: 0.3x | BB50: [$61635.20 - $62145.97] | Tren 15m: BEARISH
[DEBUG] EMA streak: 0 | EMA13: 61745.64 | EMA34: 61834.63 | Selisih: -88.99
[2026-07-02 21:32:58] Keputusan analis: Wait
[2026-07-02 21:32:58] Validasi gagal / keputusan WAIT. Tidak ada eksekusi.
[2026-07-02 21:33:58] Siklus Menit Baru. Harga BTC Terakhir (OKX): $61693.20
[ANALIS] State: BEARISH | EMA13/34: $61739.0/$61824.6 | VWAP Sesi: $60883.03 | Vol Surge: 0.2x | BB50: [$61626.13 - $62142.16] | Tren 15m: BEARISH
[DEBUG] EMA streak: 0 | EMA13: 61739.02 | EMA34: 61824.57 | Selisih: -85.55
[2026-07-02 21:33:58] Keputusan analis: Wait
[2026-07-02 21:33:58] Validasi gagal / keputusan WAIT. Tidak ada eksekusi.
[2026-07-02 21:34:59] Siklus Menit Baru. Harga BTC Terakhir (OKX): $61610.00
[ANALIS] State: BEARISH | EMA13/34: $61720.7/$61808.9 | VWAP Sesi: $60883.26 | Vol Surge: 0.3x | BB50: [$61609.22 - $62144.41] | Tren 15m: BEARISH
[DEBUG] EMA streak: 0 | EMA13: 61720.71 | EMA34: 61808.86 | Selisih: -88.15
[2026-07-02 21:34:59] Keputusan analis: Wait
[2026-07-02 21:34:59] Validasi gagal / keputusan WAIT. Tidak ada eksekusi.
[2026-07-02 21:35:59] Siklus Menit Baru. Harga BTC Terakhir (OKX): $61533.00
[ANALIS] State: BEARISH | EMA13/34: $61693.5/$61793.2 | VWAP Sesi: $60885.05 | Vol Surge: 2.4x | BB50: [$61584.78 - $62153.59] | Tren 15m: BEARISH
[DEBUG] EMA streak: 0 | EMA13: 61693.47 | EMA34: 61793.24 | Selisih: -99.77
[2026-07-02 21:35:59] Keputusan analis: Wait
[2026-07-02 21:35:59] Validasi gagal / keputusan WAIT. Tidak ada eksekusi.
[2026-07-02 21:36:59] Siklus Menit Baru. Harga BTC Terakhir (OKX): $61652.20
[ANALIS] State: BEARISH | EMA13/34: $61686.5/$61790.3 | VWAP Sesi: $60885.62 | Vol Surge: 0.7x | BB50: [$61572.65 - $62154.76] | Tren 15m: BEARISH
[DEBUG] EMA streak: 0 | EMA13: 61686.48 | EMA34: 61790.35 | Selisih: -103.87
[2026-07-02 21:36:59] Keputusan analis: Wait
[2026-07-02 21:36:59] Validasi gagal / keputusan WAIT. Tidak ada eksekusi.
[2026-07-02 21:37:59] Siklus Menit Baru. Harga BTC Terakhir (OKX): $61723.90
[ANALIS] State: BEARISH | EMA13/34: $61692.4/$61780.7 | VWAP Sesi: $60886.09 | Vol Surge: 0.5x | BB50: [$61568.13 - $62147.47] | Tren 15m: BEARISH
[DEBUG] EMA streak: 0 | EMA13: 61692.37 | EMA34: 61780.74 | Selisih: -88.36
[2026-07-02 21:37:59] Keputusan analis: Wait
[2026-07-02 21:37:59] Validasi gagal / keputusan WAIT. Tidak ada eksekusi.
[2026-07-02 21:38:59] Siklus Menit Baru. Harga BTC Terakhir (OKX): $61626.30
[ANALIS] State: BEARISH | EMA13/34: $61682.9/$61774.6 | VWAP Sesi: $60886.37 | Vol Surge: 0.3x | BB50: [$61555.73 - $62148.55] | Tren 15m: BEARISH
[DEBUG] EMA streak: 0 | EMA13: 61682.94 | EMA34: 61774.59 | Selisih: -91.64
[2026-07-02 21:38:59] Keputusan analis: Wait
[2026-07-02 21:38:59] Validasi gagal / keputusan WAIT. Tidak ada eksekusi.
[2026-07-02 21:40:00] Siklus Menit Baru. Harga BTC Terakhir (OKX): $61585.60
[ANALIS] State: BEARISH | EMA13/34: $61670.1/$61761.1 | VWAP Sesi: $60887.37 | Vol Surge: 1.3x | BB50: [$61541.32 - $62148.25] | Tren 15m: BEARISH
[DEBUG] EMA streak: 0 | EMA13: 61670.08 | EMA34: 61761.07 | Selisih: -90.99
[2026-07-02 21:40:00] Keputusan analis: Wait
[2026-07-02 21:40:00] Validasi gagal / keputusan WAIT. Tidak ada eksekusi.
[2026-07-02 21:41:00] Siklus Menit Baru. Harga BTC Terakhir (OKX): $61533.30
[ANALIS] State: BEARISH | EMA13/34: $61649.4/$61750.5 | VWAP Sesi: $60887.52 | Vol Surge: 0.2x | BB50: [$61521.39 - $62153.08] | Tren 15m: BEARISH
[DEBUG] EMA streak: 0 | EMA13: 61649.38 | EMA34: 61750.48 | Selisih: -101.09
[2026-07-02 21:41:00] Keputusan analis: Wait
[2026-07-02 21:41:00] Validasi gagal / keputusan WAIT. Tidak ada eksekusi.
[2026-07-02 21:42:00] Siklus Menit Baru. Harga BTC Terakhir (OKX): $61454.00
[ANALIS] State: BEARISH | EMA13/34: $61622.1/$61730.1 | VWAP Sesi: $60889.69 | Vol Surge: 3.4x | BB50: [$61496.12 - $62158.41] | Tren 15m: BEARISH
[DEBUG] EMA streak: 0 | EMA13: 61622.14 | EMA34: 61730.06 | Selisih: -107.92
[2026-07-02 21:42:00] Keputusan analis: Wait
[2026-07-02 21:42:00] Validasi gagal / keputusan WAIT. Tidak ada eksekusi.
[2026-07-02 21:43:00] Siklus Menit Baru. Harga BTC Terakhir (OKX): $61462.50
[ANALIS] State: BEARISH | EMA13/34: $61595.7/$61709.8 | VWAP Sesi: $60890.56 | Vol Surge: 1.3x | BB50: [$61470.05 - $62166.50] | Tren 15m: BEARISH
[DEBUG] EMA streak: 0 | EMA13: 61595.72 | EMA34: 61709.76 | Selisih: -114.04
[2026-07-02 21:43:00] Keputusan analis: Wait
[2026-07-02 21:43:00] Validasi gagal / keputusan WAIT. Tidak ada eksekusi.
[2026-07-02 21:44:00] Siklus Menit Baru. Harga BTC Terakhir (OKX): $61472.00
[ANALIS] State: BEARISH | EMA13/34: $61579.0/$61699.9 | VWAP Sesi: $60891.46 | Vol Surge: 1.3x | BB50: [$61450.78 - $62172.25] | Tren 15m: BEARISH
[DEBUG] EMA streak: 0 | EMA13: 61579.03 | EMA34: 61699.86 | Selisih: -120.83
[2026-07-02 21:44:00] Keputusan analis: Wait
[2026-07-02 21:44:00] Validasi gagal / keputusan WAIT. Tidak ada eksekusi.
[2026-07-02 21:45:00] Siklus Menit Baru. Harga BTC Terakhir (OKX): $61432.60
[ANALIS] State: BEARISH | EMA13/34: $61558.9/$61684.3 | VWAP Sesi: $60892.30 | Vol Surge: 1.3x | BB50: [$61427.78 - $62177.62] | Tren 15m: BEARISH
[DEBUG] EMA streak: 0 | EMA13: 61558.92 | EMA34: 61684.35 | Selisih: -125.43
[2026-07-02 21:45:00] Keputusan analis: Wait
[2026-07-02 21:45:00] Validasi gagal / keputusan WAIT. Tidak ada eksekusi.
[2026-07-02 21:46:01] Siklus Menit Baru. Harga BTC Terakhir (OKX): $61499.70
[ANALIS] State: BEARISH | EMA13/34: $61537.2/$61661.1 | VWAP Sesi: $60894.37 | Vol Surge: 0.0x | BB50: [$61392.46 - $62183.09] | Tren 15m: BEARISH
[DEBUG] EMA streak: 0 | EMA13: 61537.15 | EMA34: 61661.07 | Selisih: -123.92
[2026-07-02 21:46:01] Keputusan analis: Wait
[2026-07-02 21:46:01] Validasi gagal / keputusan WAIT. Tidak ada eksekusi.
[2026-07-02 21:47:01] Siklus Menit Baru. Harga BTC Terakhir (OKX): $61528.60
[ANALIS] State: BEARISH | EMA13/34: $61542.9/$61663.4 | VWAP Sesi: $60894.97 | Vol Surge: 0.8x | BB50: [$61395.63 - $62181.53] | Tren 15m: BEARISH
[DEBUG] EMA streak: 0 | EMA13: 61542.92 | EMA34: 61663.38 | Selisih: -120.46
[2026-07-02 21:47:01] Keputusan analis: Wait
[2026-07-02 21:47:01] Validasi gagal / keputusan WAIT. Tidak ada eksekusi.
[2026-07-02 21:48:01] Siklus Menit Baru. Harga BTC Terakhir (OKX): $61531.00
[ANALIS] State: BEARISH | EMA13/34: $61538.3/$61652.1 | VWAP Sesi: $60895.36 | Vol Surge: 0.0x | BB50: [$61370.31 - $62177.97] | Tren 15m: BEARISH
[DEBUG] EMA streak: 0 | EMA13: 61538.29 | EMA34: 61652.06 | Selisih: -113.77
[2026-07-02 21:48:01] Keputusan analis: Wait
[2026-07-02 21:48:01] Validasi gagal / keputusan WAIT. Tidak ada eksekusi.
[2026-07-02 21:49:01] Siklus Menit Baru. Harga BTC Terakhir (OKX): $61501.60
[ANALIS] State: BEARISH | EMA13/34: $61529.7/$61640.4 | VWAP Sesi: $60895.78 | Vol Surge: 0.0x | BB50: [$61355.46 - $62174.14] | Tren 15m: BEARISH
[DEBUG] EMA streak: 0 | EMA13: 61529.71 | EMA34: 61640.44 | Selisih: -110.72
[2026-07-02 21:49:01] Keputusan analis: Wait
[2026-07-02 21:49:01] Validasi gagal / keputusan WAIT. Tidak ada eksekusi.
[2026-07-02 21:50:01] Siklus Menit Baru. Harga BTC Terakhir (OKX): $61644.00
[ANALIS] State: BEARISH | EMA13/34: $61564.4/$61658.0 | VWAP Sesi: $60896.59 | Vol Surge: 0.0x | BB50: [$61359.34 - $62165.52] | Tren 15m: BULLISH
[DEBUG] EMA streak: 0 | EMA13: 61564.37 | EMA34: 61657.96 | Selisih: -93.59
[2026-07-02 21:50:01] Keputusan analis: Wait
[2026-07-02 21:50:01] Validasi gagal / keputusan WAIT. Tidak ada eksekusi.
[2026-07-02 21:51:01] Siklus Menit Baru. Harga BTC Terakhir (OKX): $61648.70
[ANALIS] State: BEARISH | EMA13/34: $61566.3/$61658.7 | VWAP Sesi: $60897.17 | Vol Surge: 0.6x | BB50: [$61359.92 - $62165.49] | Tren 15m: BULLISH
[DEBUG] EMA streak: 0 | EMA13: 61566.32 | EMA34: 61658.74 | Selisih: -92.42
[2026-07-02 21:51:01] Keputusan analis: Wait
[2026-07-02 21:51:01] Validasi gagal / keputusan WAIT. Tidak ada eksekusi.
[2026-07-02 21:52:02] Siklus Menit Baru. Harga BTC Terakhir (OKX): $61708.80
[ANALIS] State: BEARISH | EMA13/34: $61608.2/$61656.5 | VWAP Sesi: $60897.73 | Vol Surge: 0.1x | BB50: [$61367.27 - $62129.54] | Tren 15m: BEARISH
[DEBUG] EMA streak: 0 | EMA13: 61608.19 | EMA34: 61656.54 | Selisih: -48.34
[2026-07-02 21:52:02] Keputusan analis: Wait
[2026-07-02 21:52:02] Validasi gagal / keputusan WAIT. Tidak ada eksekusi.
[2026-07-02 21:53:02] Siklus Menit Baru. Harga BTC Terakhir (OKX): $61576.00
[ANALIS] State: BEARISH | EMA13/34: $61588.7/$61644.4 | VWAP Sesi: $60898.00 | Vol Surge: 0.0x | BB50: [$61355.67 - $62123.04] | Tren 15m: BEARISH
[DEBUG] EMA streak: 0 | EMA13: 61588.70 | EMA34: 61644.40 | Selisih: -55.71
[2026-07-02 21:53:02] Keputusan analis: Wait
[2026-07-02 21:53:02] Validasi gagal / keputusan WAIT. Tidak ada eksekusi.
[2026-07-02 21:54:02] Siklus Menit Baru. Harga BTC Terakhir (OKX): $61582.80
[ANALIS] State: BEARISH | EMA13/34: $61590.4/$61643.7 | VWAP Sesi: $60898.21 | Vol Surge: 0.0x | BB50: [$61350.51 - $62116.80] | Tren 15m: BEARISH
[DEBUG] EMA streak: 0 | EMA13: 61590.35 | EMA34: 61643.70 | Selisih: -53.35
[2026-07-02 21:54:02] Keputusan analis: Wait
[2026-07-02 21:54:02] Validasi gagal / keputusan WAIT. Tidak ada eksekusi.
[2026-07-02 21:55:02] Siklus Menit Baru. Harga BTC Terakhir (OKX): $61575.70
[ANALIS] State: BEARISH | EMA13/34: $61585.5/$61637.8 | VWAP Sesi: $60898.51 | Vol Surge: 0.0x | BB50: [$61343.75 - $62108.87] | Tren 15m: BULLISH
[DEBUG] EMA streak: 0 | EMA13: 61585.55 | EMA34: 61637.80 | Selisih: -52.25
[2026-07-02 21:55:02] Keputusan analis: Wait
[2026-07-02 21:55:02] Validasi gagal / keputusan WAIT. Tidak ada eksekusi.
[2026-07-02 21:56:03] Siklus Menit Baru. Harga BTC Terakhir (OKX): $61560.80
[ANALIS] State: BEARISH | EMA13/34: $61582.1/$61637.2 | VWAP Sesi: $60898.89 | Vol Surge: 0.0x | BB50: [$61337.61 - $62101.25] | Tren 15m: BULLISH
[DEBUG] EMA streak: 0 | EMA13: 61582.08 | EMA34: 61637.24 | Selisih: -55.15
[2026-07-02 21:56:03] Keputusan analis: Wait
[2026-07-02 21:56:03] Validasi gagal / keputusan WAIT. Tidak ada eksekusi.
[2026-07-02 21:57:03] Siklus Menit Baru. Harga BTC Terakhir (OKX): $61612.50
[ANALIS] State: BEARISH | EMA13/34: $61594.3/$61637.9 | VWAP Sesi: $60899.06 | Vol Surge: 0.0x | BB50: [$61339.34 - $62087.47] | Tren 15m: BULLISH
[DEBUG] EMA streak: 0 | EMA13: 61594.27 | EMA34: 61637.92 | Selisih: -43.66
[2026-07-02 21:57:03] Keputusan analis: Wait
[2026-07-02 21:57:03] Validasi gagal / keputusan WAIT. Tidak ada eksekusi.
[2026-07-02 21:58:03] Siklus Menit Baru. Harga BTC Terakhir (OKX): $61614.00
[ANALIS] State: BEARISH | EMA13/34: $61598.2/$61633.5 | VWAP Sesi: $60899.19 | Vol Surge: 0.0x | BB50: [$61338.25 - $62075.41] | Tren 15m: BULLISH
[DEBUG] EMA streak: 0 | EMA13: 61598.17 | EMA34: 61633.52 | Selisih: -35.35
[2026-07-02 21:58:03] Keputusan analis: Wait
[2026-07-02 21:58:03] Validasi gagal / keputusan WAIT. Tidak ada eksekusi.
[2026-07-02 21:59:03] Siklus Menit Baru. Harga BTC Terakhir (OKX): $61650.10
[ANALIS] State: BEARISH | EMA13/34: $61605.0/$61635.0 | VWAP Sesi: $60899.34 | Vol Surge: 0.0x | BB50: [$61336.64 - $62067.45] | Tren 15m: BULLISH
[DEBUG] EMA streak: 0 | EMA13: 61604.97 | EMA34: 61635.00 | Selisih: -30.03
[2026-07-02 21:59:03] Keputusan analis: Wait
[2026-07-02 21:59:03] Validasi gagal / keputusan WAIT. Tidak ada eksekusi.
[2026-07-02 22:00:03] Siklus Menit Baru. Harga BTC Terakhir (OKX): $61684.30
[ANALIS] State: BEARISH | EMA13/34: $61622.5/$61643.6 | VWAP Sesi: $60899.91 | Vol Surge: 0.1x | BB50: [$61338.02 - $62059.49] | Tren 15m: BULLISH
[DEBUG] EMA streak: 0 | EMA13: 61622.53 | EMA34: 61643.57 | Selisih: -21.03
[2026-07-02 22:00:03] Keputusan analis: Wait
[2026-07-02 22:00:03] Validasi gagal / keputusan WAIT. Tidak ada eksekusi.
[2026-07-02 22:01:04] Siklus Menit Baru. Harga BTC Terakhir (OKX): $61722.50
[ANALIS] State: BEARISH | EMA13/34: $61643.5/$61658.5 | VWAP Sesi: $60900.45 | Vol Surge: 0.0x | BB50: [$61341.77 - $62048.53] | Tren 15m: BULLISH
[DEBUG] EMA streak: 0 | EMA13: 61643.52 | EMA34: 61658.55 | Selisih: -15.03
[2026-07-02 22:01:04] Keputusan analis: Wait
[2026-07-02 22:01:04] Validasi gagal / keputusan WAIT. Tidak ada eksekusi.
[2026-07-02 22:02:04] Siklus Menit Baru. Harga BTC Terakhir (OKX): $61727.30
[ANALIS] State: BEARISH | EMA13/34: $61653.9/$61665.6 | VWAP Sesi: $60901.29 | Vol Surge: 0.0x | BB50: [$61353.41 - $62021.46] | Tren 15m: BULLISH
[DEBUG] EMA streak: 0 | EMA13: 61653.90 | EMA34: 61665.62 | Selisih: -11.72
[2026-07-02 22:02:04] Keputusan analis: Wait
[2026-07-02 22:02:04] Validasi gagal / keputusan WAIT. Tidak ada eksekusi.
[2026-07-02 22:03:04] Siklus Menit Baru. Harga BTC Terakhir (OKX): $61730.30
[ANALIS] State: BEARISH | EMA13/34: $61662.2/$61664.3 | VWAP Sesi: $60901.56 | Vol Surge: 0.0x | BB50: [$61374.17 - $61982.16] | Tren 15m: BULLISH
[DEBUG] EMA streak: 0 | EMA13: 61662.22 | EMA34: 61664.33 | Selisih: -2.11
[2026-07-02 22:03:04] Keputusan analis: Wait
[2026-07-02 22:03:04] Validasi gagal / keputusan WAIT. Tidak ada eksekusi.
[2026-07-02 22:04:04] Siklus Menit Baru. Harga BTC Terakhir (OKX): $61676.40
[ANALIS] State: BEARISH | EMA13/34: $61654.5/$61661.8 | VWAP Sesi: $60901.92 | Vol Surge: 0.0x | BB50: [$61389.55 - $61946.74] | Tren 15m: BULLISH
[DEBUG] EMA streak: 0 | EMA13: 61654.50 | EMA34: 61661.79 | Selisih: -7.29
[2026-07-02 22:04:04] Keputusan analis: Wait
[2026-07-02 22:04:04] Validasi gagal / keputusan WAIT. Tidak ada eksekusi.
[2026-07-02 22:05:05] Siklus Menit Baru. Harga BTC Terakhir (OKX): $61633.40
[ANALIS] State: BEARISH | EMA13/34: $61644.0/$61650.4 | VWAP Sesi: $60902.16 | Vol Surge: 0.0x | BB50: [$61409.58 - $61904.89] | Tren 15m: BEARISH
[DEBUG] EMA streak: 0 | EMA13: 61644.05 | EMA34: 61650.43 | Selisih: -6.39
[2026-07-02 22:05:05] Keputusan analis: Wait
[2026-07-02 22:05:05] Validasi gagal / keputusan WAIT. Tidak ada eksekusi.
[2026-07-02 22:06:05] Siklus Menit Baru. Harga BTC Terakhir (OKX): $61540.80
[ANALIS] State: BEARISH | EMA13/34: $61620.4/$61639.8 | VWAP Sesi: $60902.59 | Vol Surge: 0.1x | BB50: [$61415.35 - $61878.02] | Tren 15m: BEARISH
[DEBUG] EMA streak: 0 | EMA13: 61620.37 | EMA34: 61639.79 | Selisih: -19.42
[2026-07-02 22:06:05] Keputusan analis: Wait
[2026-07-02 22:06:05] Validasi gagal / keputusan WAIT. Tidak ada eksekusi.
[2026-07-02 22:07:05] Siklus Menit Baru. Harga BTC Terakhir (OKX): $61472.90
[ANALIS] State: BEARISH | EMA13/34: $61595.1/$61624.1 | VWAP Sesi: $60903.12 | Vol Surge: 0.1x | BB50: [$61419.22 - $61852.18] | Tren 15m: BEARISH
[DEBUG] EMA streak: 0 | EMA13: 61595.05 | EMA34: 61624.07 | Selisih: -29.02
[2026-07-02 22:07:05] Keputusan analis: Wait
[2026-07-02 22:07:05] Validasi gagal / keputusan WAIT. Tidak ada eksekusi.
[2026-07-02 22:08:05] Siklus Menit Baru. Harga BTC Terakhir (OKX): $61465.90
[ANALIS] State: BEARISH | EMA13/34: $61574.4/$61612.1 | VWAP Sesi: $60904.57 | Vol Surge: 0.0x | BB50: [$61418.02 - $61835.09] | Tren 15m: BEARISH
[DEBUG] EMA streak: 0 | EMA13: 61574.44 | EMA34: 61612.11 | Selisih: -37.67
[2026-07-02 22:08:05] Keputusan analis: Wait
[2026-07-02 22:08:05] Validasi gagal / keputusan WAIT. Tidak ada eksekusi.
[2026-07-02 22:09:05] Siklus Menit Baru. Harga BTC Terakhir (OKX): $61522.00
[ANALIS] State: BEARISH | EMA13/34: $61574.0/$61602.9 | VWAP Sesi: $60904.77 | Vol Surge: 0.0x | BB50: [$61424.98 - $61816.62] | Tren 15m: BEARISH
[DEBUG] EMA streak: 0 | EMA13: 61574.02 | EMA34: 61602.88 | Selisih: -28.86
[2026-07-02 22:09:05] Keputusan analis: Wait
[2026-07-02 22:09:05] Validasi gagal / keputusan WAIT. Tidak ada eksekusi.
[2026-07-02 22:10:05] Siklus Menit Baru. Harga BTC Terakhir (OKX): $61525.60
[ANALIS] State: BEARISH | EMA13/34: $61569.4/$61602.6 | VWAP Sesi: $60904.88 | Vol Surge: 0.0x | BB50: [$61422.69 - $61811.42] | Tren 15m: BEARISH
[DEBUG] EMA streak: 0 | EMA13: 61569.38 | EMA34: 61602.57 | Selisih: -33.19
[2026-07-02 22:10:06] Keputusan analis: Wait
[2026-07-02 22:10:06] Validasi gagal / keputusan WAIT. Tidak ada eksekusi.
[2026-07-02 22:11:06] Siklus Menit Baru. Harga BTC Terakhir (OKX): $61572.50
[ANALIS] State: BEARISH | EMA13/34: $61568.8/$61599.3 | VWAP Sesi: $60905.04 | Vol Surge: 0.1x | BB50: [$61424.14 - $61800.98] | Tren 15m: BEARISH
[DEBUG] EMA streak: 0 | EMA13: 61568.76 | EMA34: 61599.28 | Selisih: -30.52
[2026-07-02 22:11:06] Keputusan analis: Wait
[2026-07-02 22:11:06] Validasi gagal / keputusan WAIT. Tidak ada eksekusi.
[2026-07-02 22:12:06] Siklus Menit Baru. Harga BTC Terakhir (OKX): $61621.40
[ANALIS] State: BEARISH | EMA13/34: $61581.8/$61601.0 | VWAP Sesi: $60905.41 | Vol Surge: 0.0x | BB50: [$61427.86 - $61793.17] | Tren 15m: BEARISH
[DEBUG] EMA streak: 0 | EMA13: 61581.75 | EMA34: 61600.97 | Selisih: -19.22
[2026-07-02 22:12:06] Keputusan analis: Wait
[2026-07-02 22:12:06] Validasi gagal / keputusan WAIT. Tidak ada eksekusi.
[2026-07-02 22:13:06] Siklus Menit Baru. Harga BTC Terakhir (OKX): $61606.30
[ANALIS] State: BEARISH | EMA13/34: $61582.0/$61598.6 | VWAP Sesi: $60905.50 | Vol Surge: 0.0x | BB50: [$61428.09 - $61786.89] | Tren 15m: BEARISH
[DEBUG] EMA streak: 0 | EMA13: 61581.97 | EMA34: 61598.65 | Selisih: -16.68
[2026-07-02 22:13:06] Keputusan analis: Wait
[2026-07-02 22:13:06] Validasi gagal / keputusan WAIT. Tidak ada eksekusi.
[2026-07-02 22:14:06] Siklus Menit Baru. Harga BTC Terakhir (OKX): $61601.20
[ANALIS] State: BEARISH | EMA13/34: $61585.7/$61600.5 | VWAP Sesi: $60905.54 | Vol Surge: 0.0x | BB50: [$61428.36 - $61782.58] | Tren 15m: BEARISH
[DEBUG] EMA streak: 0 | EMA13: 61585.72 | EMA34: 61600.48 | Selisih: -14.76
[2026-07-02 22:14:06] Keputusan analis: Wait
[2026-07-02 22:14:06] Validasi gagal / keputusan WAIT. Tidak ada eksekusi.
[2026-07-02 22:15:06] Siklus Menit Baru. Harga BTC Terakhir (OKX): $61619.40
[ANALIS] State: BEARISH | EMA13/34: $61587.4/$61601.4 | VWAP Sesi: $60905.60 | Vol Surge: 0.0x | BB50: [$61429.30 - $61776.04] | Tren 15m: BEARISH
[DEBUG] EMA streak: 0 | EMA13: 61587.36 | EMA34: 61601.44 | Selisih: -14.08
[2026-07-02 22:15:06] Keputusan analis: Wait
[2026-07-02 22:15:06] Validasi gagal / keputusan WAIT. Tidak ada eksekusi.
[2026-07-02 22:16:07] Siklus Menit Baru. Harga BTC Terakhir (OKX): $61631.80
[ANALIS] State: BULLISH | EMA13/34: $61597.9/$61597.2 | VWAP Sesi: $60906.44 | Vol Surge: 0.2x | BB50: [$61432.38 - $61769.30] | Tren 15m: BEARISH
[DEBUG] EMA streak: 0 | EMA13: 61597.87 | EMA34: 61597.22 | Selisih: 0.65
[2026-07-02 22:16:07] Keputusan analis: Wait
[2026-07-02 22:16:07] Validasi gagal / keputusan WAIT. Tidak ada eksekusi.
[2026-07-02 22:17:07] Siklus Menit Baru. Harga BTC Terakhir (OKX): $61566.70
[ANALIS] State: BEARISH | EMA13/34: $61582.9/$61593.8 | VWAP Sesi: $60906.71 | Vol Surge: 0.1x | BB50: [$61429.15 - $61767.39] | Tren 15m: BEARISH
[DEBUG] EMA streak: 0 | EMA13: 61582.93 | EMA34: 61593.76 | Selisih: -10.83
[2026-07-02 22:17:07] Keputusan analis: Wait
[2026-07-02 22:17:07] Validasi gagal / keputusan WAIT. Tidak ada eksekusi.
[2026-07-02 22:18:07] Siklus Menit Baru. Harga BTC Terakhir (OKX): $61494.90
[ANALIS] State: BEARISH | EMA13/34: $61563.4/$61585.8 | VWAP Sesi: $60907.07 | Vol Surge: 0.0x | BB50: [$61421.78 - $61765.68] | Tren 15m: BEARISH
[DEBUG] EMA streak: 0 | EMA13: 61563.42 | EMA34: 61585.78 | Selisih: -22.36
[2026-07-02 22:18:07] Keputusan analis: Wait
[2026-07-02 22:18:07] Validasi gagal / keputusan WAIT. Tidak ada eksekusi.
[2026-07-02 22:19:07] Siklus Menit Baru. Harga BTC Terakhir (OKX): $61535.80
[ANALIS] State: BEARISH | EMA13/34: $61567.8/$61588.3 | VWAP Sesi: $60907.87 | Vol Surge: 0.0x | BB50: [$61423.19 - $61761.28] | Tren 15m: BEARISH
[DEBUG] EMA streak: 0 | EMA13: 61567.82 | EMA34: 61588.31 | Selisih: -20.50
[2026-07-02 22:19:07] Keputusan analis: Wait
[2026-07-02 22:19:07] Validasi gagal / keputusan WAIT. Tidak ada eksekusi.
[2026-07-02 22:20:07] Siklus Menit Baru. Harga BTC Terakhir (OKX): $61541.40
[ANALIS] State: BEARISH | EMA13/34: $61560.5/$61587.3 | VWAP Sesi: $60908.22 | Vol Surge: 0.1x | BB50: [$61421.27 - $61755.26] | Tren 15m: BEARISH
[DEBUG] EMA streak: 0 | EMA13: 61560.50 | EMA34: 61587.30 | Selisih: -26.80
[2026-07-02 22:20:07] Keputusan analis: Wait
[2026-07-02 22:20:07] Validasi gagal / keputusan WAIT. Tidak ada eksekusi.
[2026-07-02 22:21:07] Siklus Menit Baru. Harga BTC Terakhir (OKX): $61603.30
[ANALIS] State: BEARISH | EMA13/34: $61574.3/$61587.0 | VWAP Sesi: $60908.41 | Vol Surge: 0.0x | BB50: [$61428.09 - $61744.23] | Tren 15m: BULLISH
[DEBUG] EMA streak: 0 | EMA13: 61574.33 | EMA34: 61587.00 | Selisih: -12.67
[2026-07-02 22:21:07] Keputusan analis: Wait
[2026-07-02 22:21:07] Validasi gagal / keputusan WAIT. Tidak ada eksekusi.
[2026-07-02 22:22:08] Siklus Menit Baru. Harga BTC Terakhir (OKX): $61641.20
[ANALIS] State: BEARISH | EMA13/34: $61585.9/$61591.5 | VWAP Sesi: $60908.58 | Vol Surge: 0.0x | BB50: [$61429.13 - $61742.17] | Tren 15m: BULLISH
[DEBUG] EMA streak: 0 | EMA13: 61585.89 | EMA34: 61591.49 | Selisih: -5.60
[2026-07-02 22:22:08] Keputusan analis: Wait
[2026-07-02 22:22:08] Validasi gagal / keputusan WAIT. Tidak ada eksekusi.
[2026-07-02 22:23:08] Siklus Menit Baru. Harga BTC Terakhir (OKX): $61617.90
[ANALIS] State: BULLISH | EMA13/34: $61592.5/$61589.5 | VWAP Sesi: $60908.70 | Vol Surge: 0.0x | BB50: [$61430.19 - $61738.76] | Tren 15m: BULLISH
[DEBUG] EMA streak: 0 | EMA13: 61592.47 | EMA34: 61589.52 | Selisih: 2.96
[ANALIS-TRENDING] Quant Golden Cross (EMA13 > EMA34), Di atas VWAP ($60908.70), & Tren 15m Bullish. Sinyal BUY.
[2026-07-02 22:23:08] Keputusan analis: Buy(0.0032257887778829194, "[Trending] Quant EMA13/34 Buy (Vol 0.0x)")
[2026-07-02 22:23:08] Mengeksekusi transaksi...
[2026-07-02 22:23:08] Eksekusi sukses. Saldo: $794.87, BTC: 0.0032
[2026-07-02 22:24:08] Siklus Menit Baru. Harga BTC Terakhir (OKX): $61668.30
[ANALIS] State: BULLISH | EMA13/34: $61607.9/$61591.8 | VWAP Sesi: $60908.82 | Vol Surge: 0.0x | BB50: [$61429.50 - $61743.31] | Tren 15m: BULLISH
[DEBUG] EMA streak: 0 | EMA13: 61607.94 | EMA34: 61591.82 | Selisih: 16.12
[ANALIS-TRENDING] Quant Golden Cross (EMA13 > EMA34), Di atas VWAP ($60908.82), & Tren 15m Bullish. Sinyal BUY.
[2026-07-02 22:24:08] Keputusan analis: Buy(0.0025778773049249326, "[Trending] Quant EMA13/34 Buy (Vol 0.0x)")
Mencegah transaksi berulang (Cool-down aktif). Aksi terakhir BUY pada 22:23:08 (1 menit lalu)
[2026-07-02 22:24:08] Validasi gagal / keputusan WAIT. Tidak ada eksekusi.
[2026-07-02 22:25:08] Siklus Menit Baru. Harga BTC Terakhir (OKX): $61721.50
[ANALIS] State: BULLISH | EMA13/34: $61628.8/$61607.7 | VWAP Sesi: $60909.10 | Vol Surge: 0.0x | BB50: [$61428.71 - $61753.30] | Tren 15m: BULLISH
[DEBUG] EMA streak: 0 | EMA13: 61628.82 | EMA34: 61607.74 | Selisih: 21.08
[ANALIS-TRENDING] Quant Golden Cross (EMA13 > EMA34), Di atas VWAP ($60909.10), & Tren 15m Bullish. Sinyal BUY.
[2026-07-02 22:25:08] Keputusan analis: Buy(0.0025756553389548573, "[Trending] Quant EMA13/34 Buy (Vol 0.0x)")
Mencegah transaksi berulang (Cool-down aktif). Aksi terakhir BUY pada 22:23:08 (2 menit lalu)
[2026-07-02 22:25:08] Validasi gagal / keputusan WAIT. Tidak ada eksekusi.
[2026-07-02 22:26:08] Siklus Menit Baru. Harga BTC Terakhir (OKX): $61722.70
[ANALIS] State: BULLISH | EMA13/34: $61639.4/$61616.8 | VWAP Sesi: $60909.15 | Vol Surge: 0.0x | BB50: [$61427.70 - $61756.20] | Tren 15m: BULLISH
[DEBUG] EMA streak: 0 | EMA13: 61639.36 | EMA34: 61616.83 | Selisih: 22.53
[ANALIS-TRENDING] Quant Golden Cross (EMA13 > EMA34), Di atas VWAP ($60909.15), & Tren 15m Bullish. Sinyal BUY.
[2026-07-02 22:26:08] Keputusan analis: Buy(0.0025756052635951157, "[Trending] Quant EMA13/34 Buy (Vol 0.0x)")
Mencegah transaksi berulang (Cool-down aktif). Aksi terakhir BUY pada 22:23:08 (3 menit lalu)
[2026-07-02 22:26:08] Validasi gagal / keputusan WAIT. Tidak ada eksekusi.
[2026-07-02 22:27:09] Siklus Menit Baru. Harga BTC Terakhir (OKX): $61788.20
[ANALIS] State: BULLISH | EMA13/34: $61667.3/$61624.1 | VWAP Sesi: $60909.63 | Vol Surge: 0.1x | BB50: [$61421.09 - $61767.58] | Tren 15m: BULLISH
[DEBUG] EMA streak: 0 | EMA13: 61667.31 | EMA34: 61624.11 | Selisih: 43.21
[ANALIS-TRENDING] Quant Golden Cross (EMA13 > EMA34), Di atas VWAP ($60909.63), & Tren 15m Bullish. Sinyal BUY.
[2026-07-02 22:27:09] Keputusan analis: Buy(0.0025728749341023404, "[Trending] Quant EMA13/34 Buy (Vol 0.1x)")
Mencegah transaksi berulang (Cool-down aktif). Aksi terakhir BUY pada 22:23:08 (4 menit lalu)
[2026-07-02 22:27:09] Validasi gagal / keputusan WAIT. Tidak ada eksekusi.
[2026-07-02 22:28:09] Siklus Menit Baru. Harga BTC Terakhir (OKX): $61777.90
[ANALIS] State: BULLISH | EMA13/34: $61682.0/$61630.6 | VWAP Sesi: $60910.21 | Vol Surge: 0.4x | BB50: [$61417.48 - $61777.14] | Tren 15m: BULLISH
[DEBUG] EMA streak: 0 | EMA13: 61681.99 | EMA34: 61630.58 | Selisih: 51.41
[ANALIS-TRENDING] Quant Golden Cross (EMA13 > EMA34), Di atas VWAP ($60910.21), & Tren 15m Bullish. Sinyal BUY.
[2026-07-02 22:28:09] Keputusan analis: Buy(0.0025733038999917806, "[Trending] Quant EMA13/34 Buy (Vol 0.4x)")
[2026-07-02 22:28:09] Mengeksekusi transaksi...
[2026-07-02 22:28:09] Eksekusi sukses. Saldo: $635.73, BTC: 0.0058
[2026-07-02 22:29:09] Siklus Menit Baru. Harga BTC Terakhir (OKX): $61813.60
[ANALIS] State: BULLISH | EMA13/34: $61704.0/$61639.7 | VWAP Sesi: $60910.61 | Vol Surge: 0.3x | BB50: [$61410.58 - $61794.22] | Tren 15m: BULLISH
[DEBUG] EMA streak: 0 | EMA13: 61704.01 | EMA34: 61639.71 | Selisih: 64.30
[ANALIS-TRENDING] Quant Golden Cross (EMA13 > EMA34), Di atas VWAP ($60910.61), & Tren 15m Bullish. Sinyal BUY.
[2026-07-02 22:29:09] Keputusan analis: Buy(0.0020569398019277493, "[Trending] Quant EMA13/34 Buy (Vol 0.3x)")
Mencegah transaksi berulang (Cool-down aktif). Aksi terakhir BUY pada 22:28:09 (1 menit lalu)
[2026-07-02 22:29:09] Validasi gagal / keputusan WAIT. Tidak ada eksekusi.
[2026-07-02 22:30:09] Siklus Menit Baru. Harga BTC Terakhir (OKX): $61708.50
[ANALIS] State: BULLISH | EMA13/34: $61693.4/$61634.5 | VWAP Sesi: $60911.31 | Vol Surge: 0.3x | BB50: [$61417.35 - $61790.76] | Tren 15m: BULLISH
[DEBUG] EMA streak: 0 | EMA13: 61693.43 | EMA34: 61634.50 | Selisih: 58.93
[ANALIS-TRENDING] Quant Golden Cross (EMA13 > EMA34), Di atas VWAP ($60911.31), & Tren 15m Bullish. Sinyal BUY.
[2026-07-02 22:30:09] Keputusan analis: Buy(0.002060443117892043, "[Trending] Quant EMA13/34 Buy (Vol 0.3x)")
Mencegah transaksi berulang (Cool-down aktif). Aksi terakhir BUY pada 22:28:09 (2 menit lalu)
[2026-07-02 22:30:09] Validasi gagal / keputusan WAIT. Tidak ada eksekusi.
[2026-07-02 22:31:09] Siklus Menit Baru. Harga BTC Terakhir (OKX): $61708.00
[ANALIS] State: BULLISH | EMA13/34: $61695.1/$61638.8 | VWAP Sesi: $60912.00 | Vol Surge: 0.0x | BB50: [$61425.31 - $61792.84] | Tren 15m: BULLISH
[DEBUG] EMA streak: 0 | EMA13: 61695.15 | EMA34: 61638.80 | Selisih: 56.34
[ANALIS-TRENDING] Quant Golden Cross (EMA13 > EMA34), Di atas VWAP ($60912.00), & Tren 15m Bullish. Sinyal BUY.
[2026-07-02 22:31:09] Keputusan analis: Buy(0.0020604598129973606, "[Trending] Quant EMA13/34 Buy (Vol 0.0x)")
Mencegah transaksi berulang (Cool-down aktif). Aksi terakhir BUY pada 22:28:09 (3 menit lalu)
[2026-07-02 22:31:09] Validasi gagal / keputusan WAIT. Tidak ada eksekusi.
[2026-07-02 22:32:09] Siklus Menit Baru. Harga BTC Terakhir (OKX): $61772.80
[ANALIS] State: BULLISH | EMA13/34: $61712.3/$61649.8 | VWAP Sesi: $60912.16 | Vol Surge: 0.2x | BB50: [$61429.59 - $61803.08] | Tren 15m: BULLISH
[DEBUG] EMA streak: 0 | EMA13: 61712.27 | EMA34: 61649.80 | Selisih: 62.47
[ANALIS-TRENDING] Quant Golden Cross (EMA13 > EMA34), Di atas VWAP ($60912.16), & Tren 15m Bullish. Sinyal BUY.
[2026-07-02 22:32:09] Keputusan analis: Buy(0.002058298379552831, "[Trending] Quant EMA13/34 Buy (Vol 0.2x)")
Mencegah transaksi berulang (Cool-down aktif). Aksi terakhir BUY pada 22:28:09 (4 menit lalu)
[2026-07-02 22:32:09] Validasi gagal / keputusan WAIT. Tidak ada eksekusi.
[2026-07-02 22:33:10] Siklus Menit Baru. Harga BTC Terakhir (OKX): $61771.00
[ANALIS] State: BULLISH | EMA13/34: $61720.5/$61654.6 | VWAP Sesi: $60912.32 | Vol Surge: 0.0x | BB50: [$61435.36 - $61809.21] | Tren 15m: BULLISH
[DEBUG] EMA streak: 0 | EMA13: 61720.46 | EMA34: 61654.57 | Selisih: 65.89
[ANALIS-TRENDING] Quant Golden Cross (EMA13 > EMA34), Di atas VWAP ($60912.32), & Tren 15m Bullish. Sinyal BUY.
[2026-07-02 22:33:10] Keputusan analis: Buy(0.0020583583581363606, "[Trending] Quant EMA13/34 Buy (Vol 0.0x)")
[2026-07-02 22:33:10] Mengeksekusi transaksi...
[2026-07-02 22:33:10] Eksekusi sukses. Saldo: $508.46, BTC: 0.0079
[2026-07-02 22:34:10] Siklus Menit Baru. Harga BTC Terakhir (OKX): $61764.50
[ANALIS] State: BULLISH | EMA13/34: $61720.9/$61660.5 | VWAP Sesi: $60913.73 | Vol Surge: 0.1x | BB50: [$61447.41 - $61808.53] | Tren 15m: BULLISH
[DEBUG] EMA streak: 0 | EMA13: 61720.94 | EMA34: 61660.45 | Selisih: 60.49
[ANALIS-TRENDING] Quant Golden Cross (EMA13 > EMA34), Di atas VWAP ($60913.73), & Tren 15m Bullish. Sinyal BUY.
[2026-07-02 22:34:10] Keputusan analis: Buy(0.0016464482662617652, "[Trending] Quant EMA13/34 Buy (Vol 0.1x)")
Mencegah transaksi berulang (Cool-down aktif). Aksi terakhir BUY pada 22:33:10 (1 menit lalu)
[2026-07-02 22:34:10] Validasi gagal / keputusan WAIT. Tidak ada eksekusi.
[2026-07-02 22:35:10] Siklus Menit Baru. Harga BTC Terakhir (OKX): $61755.80
[ANALIS] State: BULLISH | EMA13/34: $61724.4/$61667.6 | VWAP Sesi: $60913.85 | Vol Surge: 0.0x | BB50: [$61455.53 - $61811.18] | Tren 15m: BULLISH
[DEBUG] EMA streak: 0 | EMA13: 61724.36 | EMA34: 61667.65 | Selisih: 56.72
[ANALIS-TRENDING] Quant Golden Cross (EMA13 > EMA34), Di atas VWAP ($60913.85), & Tren 15m Bullish. Sinyal BUY.
[2026-07-02 22:35:10] Keputusan analis: Buy(0.0016466802137050252, "[Trending] Quant EMA13/34 Buy (Vol 0.0x)")
Mencegah transaksi berulang (Cool-down aktif). Aksi terakhir BUY pada 22:33:10 (2 menit lalu)
[2026-07-02 22:35:10] Validasi gagal / keputusan WAIT. Tidak ada eksekusi.
[2026-07-02 22:36:10] Siklus Menit Baru. Harga BTC Terakhir (OKX): $61820.40
[ANALIS] State: BULLISH | EMA13/34: $61747.2/$61680.4 | VWAP Sesi: $60914.16 | Vol Surge: 0.0x | BB50: [$61453.67 - $61827.98] | Tren 15m: BULLISH
[DEBUG] EMA streak: 0 | EMA13: 61747.17 | EMA34: 61680.41 | Selisih: 66.76
[ANALIS-TRENDING] Quant Golden Cross (EMA13 > EMA34), Di atas VWAP ($60914.16), & Tren 15m Bullish. Sinyal BUY.
[2026-07-02 22:36:10] Keputusan analis: Buy(0.001644959494625153, "[Trending] Quant EMA13/34 Buy (Vol 0.0x)")
Mencegah transaksi berulang (Cool-down aktif). Aksi terakhir BUY pada 22:33:10 (3 menit lalu)
[2026-07-02 22:36:10] Validasi gagal / keputusan WAIT. Tidak ada eksekusi.
[2026-07-02 22:37:10] Siklus Menit Baru. Harga BTC Terakhir (OKX): $61604.30
[ANALIS] State: BULLISH | EMA13/34: $61701.2/$61663.8 | VWAP Sesi: $60917.01 | Vol Surge: 0.1x | BB50: [$61461.60 - $61815.03] | Tren 15m: BEARISH
[DEBUG] EMA streak: 0 | EMA13: 61701.25 | EMA34: 61663.79 | Selisih: 37.45
[ANALIS-TRENDING] Menunggu konfirmasi streak 2 menit. Saat ini: 1 menit.
[2026-07-02 22:37:10] Keputusan analis: Wait
[2026-07-02 22:37:10] Validasi gagal / keputusan WAIT. Tidak ada eksekusi.
[2026-07-02 22:38:11] Siklus Menit Baru. Harga BTC Terakhir (OKX): $61630.10
[ANALIS] State: BULLISH | EMA13/34: $61695.5/$61671.6 | VWAP Sesi: $60917.65 | Vol Surge: 0.5x | BB50: [$61469.54 - $61813.63] | Tren 15m: BEARISH
[DEBUG] EMA streak: 1 | EMA13: 61695.51 | EMA34: 61671.62 | Selisih: 23.89
[ANALIS-TRENDING] Sinyal melemah/Death Cross terkonfirmasi 2 menit berturut. Sinyal SELL.
[2026-07-02 22:38:11] Keputusan analis: Sell(0.00785745103601106, "[Trending] Quant EMA13/34 Sell Confirmed (2m streak)")
Mencegah Whipsaw (Holding time < 15 menit). Beli terakhir 5 menit lalu. Sinyal normal ([Trending] Quant EMA13/34 Sell Confirmed (2m streak)) diabaikan.
[2026-07-02 22:38:11] Validasi gagal / keputusan WAIT. Tidak ada eksekusi.
[2026-07-02 22:39:11] Siklus Menit Baru. Harga BTC Terakhir (OKX): $61644.50
[ANALIS] State: BULLISH | EMA13/34: $61689.9/$61671.2 | VWAP Sesi: $60917.78 | Vol Surge: 0.1x | BB50: [$61469.71 - $61813.76] | Tren 15m: BEARISH
[DEBUG] EMA streak: 0 | EMA13: 61689.91 | EMA34: 61671.19 | Selisih: 18.72
[ANALIS-TRENDING] Menunggu konfirmasi streak 2 menit. Saat ini: 1 menit.
[2026-07-02 22:39:11] Keputusan analis: Wait
[2026-07-02 22:39:11] Validasi gagal / keputusan WAIT. Tidak ada eksekusi.
[2026-07-02 22:40:11] Siklus Menit Baru. Harga BTC Terakhir (OKX): $61682.70
[ANALIS] State: BULLISH | EMA13/34: $61692.1/$61677.5 | VWAP Sesi: $60917.83 | Vol Surge: 0.0x | BB50: [$61470.22 - $61815.30] | Tren 15m: BEARISH
[DEBUG] EMA streak: 1 | EMA13: 61692.13 | EMA34: 61677.46 | Selisih: 14.68
[ANALIS-TRENDING] Sinyal melemah/Death Cross terkonfirmasi 2 menit berturut. Sinyal SELL.
[2026-07-02 22:40:11] Keputusan analis: Sell(0.00785745103601106, "[Trending] Quant EMA13/34 Sell Confirmed (2m streak)")
Mencegah Whipsaw (Holding time < 15 menit). Beli terakhir 7 menit lalu. Sinyal normal ([Trending] Quant EMA13/34 Sell Confirmed (2m streak)) diabaikan.
[2026-07-02 22:40:11] Validasi gagal / keputusan WAIT. Tidak ada eksekusi.
[2026-07-02 22:41:11] Siklus Menit Baru. Harga BTC Terakhir (OKX): $61742.30
[ANALIS] State: BULLISH | EMA13/34: $61707.1/$61676.5 | VWAP Sesi: $60917.99 | Vol Surge: 0.0x | BB50: [$61469.27 - $61819.02] | Tren 15m: BEARISH
[DEBUG] EMA streak: 0 | EMA13: 61707.09 | EMA34: 61676.51 | Selisih: 30.59
[ANALIS-TRENDING] Menunggu konfirmasi streak 2 menit. Saat ini: 1 menit.
[2026-07-02 22:41:11] Keputusan analis: Wait
[2026-07-02 22:41:11] Validasi gagal / keputusan WAIT. Tidak ada eksekusi.
[2026-07-02 22:42:11] Siklus Menit Baru. Harga BTC Terakhir (OKX): $61696.70
[ANALIS] State: BULLISH | EMA13/34: $61700.5/$61676.5 | VWAP Sesi: $60918.11 | Vol Surge: 0.2x | BB50: [$61472.39 - $61818.80] | Tren 15m: BEARISH
[DEBUG] EMA streak: 1 | EMA13: 61700.46 | EMA34: 61676.49 | Selisih: 23.96
[ANALIS-TRENDING] Sinyal melemah/Death Cross terkonfirmasi 2 menit berturut. Sinyal SELL.
[2026-07-02 22:42:11] Keputusan analis: Sell(0.00785745103601106, "[Trending] Quant EMA13/34 Sell Confirmed (2m streak)")
Mencegah Whipsaw (Holding time < 15 menit). Beli terakhir 9 menit lalu. Sinyal normal ([Trending] Quant EMA13/34 Sell Confirmed (2m streak)) diabaikan.
[2026-07-02 22:42:11] Validasi gagal / keputusan WAIT. Tidak ada eksekusi.
[2026-07-02 22:43:12] Siklus Menit Baru. Harga BTC Terakhir (OKX): $61717.90
[ANALIS] State: BULLISH | EMA13/34: $61705.2/$61677.6 | VWAP Sesi: $60918.15 | Vol Surge: 0.0x | BB50: [$61473.87 - $61822.62] | Tren 15m: BEARISH
[DEBUG] EMA streak: 0 | EMA13: 61705.17 | EMA34: 61677.58 | Selisih: 27.59
[ANALIS-TRENDING] Menunggu konfirmasi streak 2 menit. Saat ini: 1 menit.
[2026-07-02 22:43:12] Keputusan analis: Wait
[2026-07-02 22:43:12] Validasi gagal / keputusan WAIT. Tidak ada eksekusi.
[2026-07-02 22:44:12] Siklus Menit Baru. Harga BTC Terakhir (OKX): $61721.70
[ANALIS] State: BULLISH | EMA13/34: $61710.7/$61682.3 | VWAP Sesi: $60918.25 | Vol Surge: 0.0x | BB50: [$61477.35 - $61826.59] | Tren 15m: BULLISH
[DEBUG] EMA streak: 1 | EMA13: 61710.66 | EMA34: 61682.27 | Selisih: 28.39
[ANALIS-TRENDING] Quant Golden Cross (EMA13 > EMA34), Di atas VWAP ($60918.25), & Tren 15m Bullish. Sinyal BUY.
[2026-07-02 22:44:12] Keputusan analis: Buy(0.0016475899714610066, "[Trending] Quant EMA13/34 Buy (Vol 0.0x)")
Max pyramiding (3 layer) tercapai. Tunggu siklus selesai (posisi aktif saat ini: 3).
[2026-07-02 22:44:12] Validasi gagal / keputusan WAIT. Tidak ada eksekusi.
[2026-07-02 22:45:12] Siklus Menit Baru. Harga BTC Terakhir (OKX): $61733.00
[ANALIS] State: BULLISH | EMA13/34: $61711.6/$61686.8 | VWAP Sesi: $60918.33 | Vol Surge: 0.0x | BB50: [$61480.56 - $61828.93] | Tren 15m: BULLISH
[DEBUG] EMA streak: 0 | EMA13: 61711.62 | EMA34: 61686.76 | Selisih: 24.86
[ANALIS-TRENDING] Quant Golden Cross (EMA13 > EMA34), Di atas VWAP ($60918.33), & Tren 15m Bullish. Sinyal BUY.
[2026-07-02 22:45:12] Keputusan analis: Buy(0.0016472883861390957, "[Trending] Quant EMA13/34 Buy (Vol 0.0x)")
Max pyramiding (3 layer) tercapai. Tunggu siklus selesai (posisi aktif saat ini: 3).
[2026-07-02 22:45:12] Validasi gagal / keputusan WAIT. Tidak ada eksekusi.
[2026-07-02 22:46:12] Siklus Menit Baru. Harga BTC Terakhir (OKX): $61726.60
[ANALIS] State: BULLISH | EMA13/34: $61713.7/$61688.8 | VWAP Sesi: $60918.36 | Vol Surge: 0.0x | BB50: [$61481.66 - $61831.86] | Tren 15m: BEARISH
[DEBUG] EMA streak: 0 | EMA13: 61713.70 | EMA34: 61688.84 | Selisih: 24.86
[ANALIS-TRENDING] Menunggu konfirmasi streak 2 menit. Saat ini: 1 menit.
[2026-07-02 22:46:12] Keputusan analis: Wait
[2026-07-02 22:46:12] Validasi gagal / keputusan WAIT. Tidak ada eksekusi.
[2026-07-02 22:47:12] Siklus Menit Baru. Harga BTC Terakhir (OKX): $61693.20
[ANALIS] State: BULLISH | EMA13/34: $61704.3/$61685.8 | VWAP Sesi: $60918.60 | Vol Surge: 0.1x | BB50: [$61483.07 - $61831.22] | Tren 15m: BEARISH
[DEBUG] EMA streak: 1 | EMA13: 61704.35 | EMA34: 61685.83 | Selisih: 18.52
[ANALIS-TRENDING] Sinyal melemah/Death Cross terkonfirmasi 2 menit berturut. Sinyal SELL.
[2026-07-02 22:47:12] Keputusan analis: Sell(0.00785745103601106, "[Trending] Quant EMA13/34 Sell Confirmed (2m streak)")
Mencegah Whipsaw (Holding time < 15 menit). Beli terakhir 14 menit lalu. Sinyal normal ([Trending] Quant EMA13/34 Sell Confirmed (2m streak)) diabaikan.
[2026-07-02 22:47:12] Validasi gagal / keputusan WAIT. Tidak ada eksekusi.
[2026-07-02 22:48:12] Siklus Menit Baru. Harga BTC Terakhir (OKX): $61650.10
[ANALIS] State: BULLISH | EMA13/34: $61692.9/$61686.7 | VWAP Sesi: $60918.66 | Vol Surge: 0.0x | BB50: [$61483.91 - $61830.61] | Tren 15m: BEARISH
[DEBUG] EMA streak: 0 | EMA13: 61692.85 | EMA34: 61686.73 | Selisih: 6.13
[ANALIS-TRENDING] Menunggu konfirmasi streak 2 menit. Saat ini: 1 menit.
[2026-07-02 22:48:12] Keputusan analis: Wait
[2026-07-02 22:48:12] Validasi gagal / keputusan WAIT. Tidak ada eksekusi.
[2026-07-02 22:49:13] Siklus Menit Baru. Harga BTC Terakhir (OKX): $61642.20
[ANALIS] State: BEARISH | EMA13/34: $61684.1/$61685.3 | VWAP Sesi: $60918.77 | Vol Surge: 0.1x | BB50: [$61482.83 - $61828.87] | Tren 15m: BEARISH
[DEBUG] EMA streak: 1 | EMA13: 61684.14 | EMA34: 61685.34 | Selisih: -1.21
[ANALIS-TRENDING] Sinyal melemah/Death Cross terkonfirmasi 2 menit berturut. Sinyal SELL.
[2026-07-02 22:49:13] Keputusan analis: Sell(0.00785745103601106, "[Trending] Quant EMA13/34 Sell Confirmed (2m streak)")
[2026-07-02 22:49:13] Mengeksekusi transaksi...
[2026-07-02 22:49:13] Eksekusi sukses. Saldo: $992.33, BTC: 0.0000
[2026-07-02 22:50:13] Siklus Menit Baru. Harga BTC Terakhir (OKX): $61584.20
[ANALIS] State: BEARISH | EMA13/34: $61664.6/$61675.9 | VWAP Sesi: $60918.93 | Vol Surge: 0.2x | BB50: [$61478.70 - $61825.24] | Tren 15m: BEARISH
[DEBUG] EMA streak: 0 | EMA13: 61664.61 | EMA34: 61675.89 | Selisih: -11.28
[2026-07-02 22:50:13] Keputusan analis: Wait
[2026-07-02 22:50:13] Validasi gagal / keputusan WAIT. Tidak ada eksekusi.
[2026-07-02 22:51:13] Siklus Menit Baru. Harga BTC Terakhir (OKX): $61555.80
[ANALIS] State: BEARISH | EMA13/34: $61646.8/$61667.9 | VWAP Sesi: $60918.98 | Vol Surge: 0.1x | BB50: [$61473.36 - $61823.69] | Tren 15m: BEARISH
[DEBUG] EMA streak: 0 | EMA13: 61646.77 | EMA34: 61667.92 | Selisih: -21.14
[2026-07-02 22:51:13] Keputusan analis: Wait
[2026-07-02 22:51:13] Validasi gagal / keputusan WAIT. Tidak ada eksekusi.
[2026-07-02 22:52:13] Siklus Menit Baru. Harga BTC Terakhir (OKX): $61587.70
[ANALIS] State: BEARISH | EMA13/34: $61644.1/$61663.6 | VWAP Sesi: $60920.55 | Vol Surge: 0.0x | BB50: [$61473.38 - $61820.78] | Tren 15m: BEARISH
[DEBUG] EMA streak: 0 | EMA13: 61644.09 | EMA34: 61663.60 | Selisih: -19.51
[2026-07-02 22:52:13] Keputusan analis: Wait
[2026-07-02 22:52:13] Validasi gagal / keputusan WAIT. Tidak ada eksekusi.
[2026-07-02 22:53:13] Siklus Menit Baru. Harga BTC Terakhir (OKX): $61568.80
[ANALIS] State: BEARISH | EMA13/34: $61630.2/$61653.6 | VWAP Sesi: $60920.79 | Vol Surge: 0.0x | BB50: [$61468.84 - $61820.48] | Tren 15m: BEARISH
[DEBUG] EMA streak: 0 | EMA13: 61630.18 | EMA34: 61653.62 | Selisih: -23.45
[2026-07-02 22:53:13] Keputusan analis: Wait
[2026-07-02 22:53:13] Validasi gagal / keputusan WAIT. Tidak ada eksekusi.
[2026-07-02 22:54:14] Siklus Menit Baru. Harga BTC Terakhir (OKX): $61544.10
[ANALIS] State: BEARISH | EMA13/34: $61616.8/$61644.7 | VWAP Sesi: $60921.03 | Vol Surge: 0.0x | BB50: [$61465.29 - $61821.31] | Tren 15m: BEARISH
[DEBUG] EMA streak: 0 | EMA13: 61616.83 | EMA34: 61644.68 | Selisih: -27.85
[2026-07-02 22:54:14] Keputusan analis: Wait
[2026-07-02 22:54:14] Validasi gagal / keputusan WAIT. Tidak ada eksekusi.
[2026-07-02 22:55:14] Siklus Menit Baru. Harga BTC Terakhir (OKX): $61588.60
[ANALIS] State: BEARISH | EMA13/34: $61620.8/$61641.8 | VWAP Sesi: $60921.14 | Vol Surge: 0.1x | BB50: [$61470.00 - $61820.30] | Tren 15m: BEARISH
[DEBUG] EMA streak: 0 | EMA13: 61620.82 | EMA34: 61641.77 | Selisih: -20.94
[2026-07-02 22:55:14] Keputusan analis: Wait
[2026-07-02 22:55:14] Validasi gagal / keputusan WAIT. Tidak ada eksekusi.
[2026-07-02 22:56:14] Siklus Menit Baru. Harga BTC Terakhir (OKX): $61584.40
[ANALIS] State: BEARISH | EMA13/34: $61615.7/$61636.3 | VWAP Sesi: $60921.22 | Vol Surge: 0.1x | BB50: [$61475.72 - $61817.95] | Tren 15m: BEARISH
[DEBUG] EMA streak: 0 | EMA13: 61615.67 | EMA34: 61636.33 | Selisih: -20.66
[2026-07-02 22:56:14] Keputusan analis: Wait
[2026-07-02 22:56:14] Validasi gagal / keputusan WAIT. Tidak ada eksekusi.
[2026-07-02 22:57:14] Siklus Menit Baru. Harga BTC Terakhir (OKX): $61589.00
[ANALIS] State: BEARISH | EMA13/34: $61611.6/$61636.9 | VWAP Sesi: $60921.32 | Vol Surge: 0.3x | BB50: [$61485.83 - $61812.90] | Tren 15m: BEARISH
[DEBUG] EMA streak: 0 | EMA13: 61611.61 | EMA34: 61636.94 | Selisih: -25.34
[2026-07-02 22:57:14] Keputusan analis: Wait
[2026-07-02 22:57:14] Validasi gagal / keputusan WAIT. Tidak ada eksekusi.
[2026-07-02 22:58:14] Siklus Menit Baru. Harga BTC Terakhir (OKX): $61590.40
[ANALIS] State: BEARISH | EMA13/34: $61608.4/$61635.0 | VWAP Sesi: $60921.35 | Vol Surge: 0.0x | BB50: [$61490.05 - $61811.24] | Tren 15m: BEARISH
[DEBUG] EMA streak: 0 | EMA13: 61608.40 | EMA34: 61635.02 | Selisih: -26.62
[2026-07-02 22:58:14] Keputusan analis: Wait
[2026-07-02 22:58:14] Validasi gagal / keputusan WAIT. Tidak ada eksekusi.
[2026-07-02 22:59:15] Siklus Menit Baru. Harga BTC Terakhir (OKX): $61635.40
[ANALIS] State: BEARISH | EMA13/34: $61617.2/$61636.5 | VWAP Sesi: $60921.38 | Vol Surge: 0.0x | BB50: [$61496.68 - $61810.04] | Tren 15m: BEARISH
[DEBUG] EMA streak: 0 | EMA13: 61617.23 | EMA34: 61636.52 | Selisih: -19.29
[2026-07-02 22:59:15] Keputusan analis: Wait
[2026-07-02 22:59:15] Validasi gagal / keputusan WAIT. Tidak ada eksekusi.
[2026-07-02 23:00:15] Siklus Menit Baru. Harga BTC Terakhir (OKX): $61650.40
[ANALIS] State: BEARISH | EMA13/34: $61618.5/$61640.1 | VWAP Sesi: $60921.45 | Vol Surge: 0.1x | BB50: [$61502.26 - $61808.24] | Tren 15m: BEARISH
[DEBUG] EMA streak: 0 | EMA13: 61618.51 | EMA34: 61640.09 | Selisih: -21.58
[2026-07-02 23:00:15] Keputusan analis: Wait
[2026-07-02 23:00:15] Validasi gagal / keputusan WAIT. Tidak ada eksekusi.
[2026-07-02 23:01:15] Siklus Menit Baru. Harga BTC Terakhir (OKX): $61621.90
[ANALIS] State: BEARISH | EMA13/34: $61617.3/$61637.6 | VWAP Sesi: $60921.51 | Vol Surge: 0.0x | BB50: [$61502.42 - $61808.07] | Tren 15m: BEARISH
[DEBUG] EMA streak: 0 | EMA13: 61617.27 | EMA34: 61637.56 | Selisih: -20.30
[2026-07-02 23:01:15] Keputusan analis: Wait
[2026-07-02 23:01:15] Validasi gagal / keputusan WAIT. Tidak ada eksekusi.
[2026-07-02 23:02:15] Siklus Menit Baru. Harga BTC Terakhir (OKX): $61570.10
[ANALIS] State: BEARISH | EMA13/34: $61610.8/$61634.0 | VWAP Sesi: $60921.74 | Vol Surge: 0.1x | BB50: [$61501.09 - $61808.51] | Tren 15m: BEARISH
[DEBUG] EMA streak: 0 | EMA13: 61610.82 | EMA34: 61634.02 | Selisih: -23.19
[2026-07-02 23:02:15] Keputusan analis: Wait
[2026-07-02 23:02:15] Validasi gagal / keputusan WAIT. Tidak ada eksekusi.
[2026-07-02 23:03:15] Siklus Menit Baru. Harga BTC Terakhir (OKX): $61505.30
[ANALIS] State: BEARISH | EMA13/34: $61590.2/$61623.7 | VWAP Sesi: $60922.30 | Vol Surge: 0.9x | BB50: [$61491.06 - $61813.00] | Tren 15m: BEARISH
[DEBUG] EMA streak: 0 | EMA13: 61590.18 | EMA34: 61623.73 | Selisih: -33.56
[2026-07-02 23:03:15] Keputusan analis: Wait
[2026-07-02 23:03:15] Validasi gagal / keputusan WAIT. Tidak ada eksekusi.
[2026-07-02 23:04:15] Siklus Menit Baru. Harga BTC Terakhir (OKX): $61543.10
[ANALIS] State: BEARISH | EMA13/34: $61589.3/$61625.1 | VWAP Sesi: $60922.44 | Vol Surge: 0.0x | BB50: [$61491.96 - $61812.18] | Tren 15m: BEARISH
[DEBUG] EMA streak: 0 | EMA13: 61589.35 | EMA34: 61625.13 | Selisih: -35.78
[2026-07-02 23:04:15] Keputusan analis: Wait
[2026-07-02 23:04:15] Validasi gagal / keputusan WAIT. Tidak ada eksekusi.
[2026-07-02 23:05:16] Siklus Menit Baru. Harga BTC Terakhir (OKX): $61652.00
[ANALIS] State: BEARISH | EMA13/34: $61605.9/$61624.3 | VWAP Sesi: $60922.67 | Vol Surge: 0.2x | BB50: [$61495.70 - $61810.85] | Tren 15m: BULLISH
[DEBUG] EMA streak: 0 | EMA13: 61605.86 | EMA34: 61624.32 | Selisih: -18.46
[2026-07-02 23:05:16] Keputusan analis: Wait
[2026-07-02 23:05:16] Validasi gagal / keputusan WAIT. Tidak ada eksekusi.
[2026-07-02 23:06:16] Siklus Menit Baru. Harga BTC Terakhir (OKX): $61598.60
[ANALIS] State: BEARISH | EMA13/34: $61604.5/$61620.6 | VWAP Sesi: $60922.71 | Vol Surge: 0.0x | BB50: [$61498.89 - $61809.66] | Tren 15m: BEARISH
[DEBUG] EMA streak: 0 | EMA13: 61604.47 | EMA34: 61620.62 | Selisih: -16.15
[2026-07-02 23:06:16] Keputusan analis: Wait
[2026-07-02 23:06:16] Validasi gagal / keputusan WAIT. Tidak ada eksekusi.
[2026-07-02 23:07:16] Siklus Menit Baru. Harga BTC Terakhir (OKX): $61631.20
[ANALIS] State: BEARISH | EMA13/34: $61611.7/$61625.8 | VWAP Sesi: $60922.80 | Vol Surge: 0.1x | BB50: [$61508.26 - $61806.38] | Tren 15m: BULLISH
[DEBUG] EMA streak: 0 | EMA13: 61611.69 | EMA34: 61625.84 | Selisih: -14.15
[2026-07-02 23:07:16] Keputusan analis: Wait
[2026-07-02 23:07:16] Validasi gagal / keputusan WAIT. Tidak ada eksekusi.
[2026-07-02 23:08:16] Siklus Menit Baru. Harga BTC Terakhir (OKX): $61610.50
[ANALIS] State: BEARISH | EMA13/34: $61608.5/$61620.8 | VWAP Sesi: $60922.89 | Vol Surge: 0.3x | BB50: [$61509.83 - $61805.62] | Tren 15m: BULLISH
[DEBUG] EMA streak: 0 | EMA13: 61608.52 | EMA34: 61620.78 | Selisih: -12.25
[2026-07-02 23:08:16] Keputusan analis: Wait
[2026-07-02 23:08:16] Validasi gagal / keputusan WAIT. Tidak ada eksekusi.
[2026-07-02 23:09:17] Siklus Menit Baru. Harga BTC Terakhir (OKX): $61626.90
[ANALIS] State: BEARISH | EMA13/34: $61612.5/$61626.7 | VWAP Sesi: $60922.91 | Vol Surge: 0.0x | BB50: [$61518.35 - $61802.15] | Tren 15m: BULLISH
[DEBUG] EMA streak: 0 | EMA13: 61612.51 | EMA34: 61626.67 | Selisih: -14.15
[2026-07-02 23:09:17] Keputusan analis: Wait
[2026-07-02 23:09:17] Validasi gagal / keputusan WAIT. Tidak ada eksekusi.
[2026-07-02 23:10:17] Siklus Menit Baru. Harga BTC Terakhir (OKX): $61626.90
[ANALIS] State: BEARISH | EMA13/34: $61610.2/$61625.8 | VWAP Sesi: $60922.94 | Vol Surge: 0.0x | BB50: [$61517.89 - $61802.16] | Tren 15m: BULLISH
[DEBUG] EMA streak: 0 | EMA13: 61610.19 | EMA34: 61625.82 | Selisih: -15.63
[2026-07-02 23:10:17] Keputusan analis: Wait
[2026-07-02 23:10:17] Validasi gagal / keputusan WAIT. Tidak ada eksekusi.
[2026-07-02 23:11:17] Siklus Menit Baru. Harga BTC Terakhir (OKX): $61689.40
[ANALIS] State: BEARISH | EMA13/34: $61630.0/$61634.6 | VWAP Sesi: $60923.11 | Vol Surge: 0.2x | BB50: [$61521.42 - $61804.01] | Tren 15m: BULLISH
[DEBUG] EMA streak: 0 | EMA13: 61629.95 | EMA34: 61634.61 | Selisih: -4.66
[2026-07-02 23:11:17] Keputusan analis: Wait
[2026-07-02 23:11:17] Validasi gagal / keputusan WAIT. Tidak ada eksekusi.
[2026-07-02 23:12:17] Siklus Menit Baru. Harga BTC Terakhir (OKX): $61681.00
[ANALIS] State: BULLISH | EMA13/34: $61638.5/$61638.1 | VWAP Sesi: $60923.38 | Vol Surge: 0.0x | BB50: [$61522.00 - $61805.05] | Tren 15m: BULLISH
[DEBUG] EMA streak: 0 | EMA13: 61638.52 | EMA34: 61638.09 | Selisih: 0.43
[ANALIS-TRENDING] Quant Golden Cross (EMA13 > EMA34), Di atas VWAP ($60923.38), & Tren 15m Bullish. Sinyal BUY.
[2026-07-02 23:12:17] Keputusan analis: Buy(0.0032176082987998666, "[Trending] Quant EMA13/34 Buy (Vol 0.0x)")
[2026-07-02 23:12:17] Mengeksekusi transaksi...
[2026-07-02 23:12:17] Eksekusi sukses. Saldo: $793.66, BTC: 0.0032
[2026-07-02 23:13:17] Siklus Menit Baru. Harga BTC Terakhir (OKX): $61701.90
[ANALIS] State: BULLISH | EMA13/34: $61652.3/$61646.5 | VWAP Sesi: $60923.44 | Vol Surge: 0.1x | BB50: [$61522.52 - $61807.88] | Tren 15m: BULLISH
[DEBUG] EMA streak: 0 | EMA13: 61652.30 | EMA34: 61646.51 | Selisih: 5.79
[ANALIS-TRENDING] Quant Golden Cross (EMA13 > EMA34), Di atas VWAP ($60923.44), & Tren 15m Bullish. Sinyal BUY.
[2026-07-02 23:13:17] Keputusan analis: Buy(0.002572571426862447, "[Trending] Quant EMA13/34 Buy (Vol 0.1x)")
Mencegah transaksi berulang (Cool-down aktif). Aksi terakhir BUY pada 23:12:17 (1 menit lalu)
[2026-07-02 23:13:17] Validasi gagal / keputusan WAIT. Tidak ada eksekusi.
[2026-07-02 23:14:17] Siklus Menit Baru. Harga BTC Terakhir (OKX): $61737.20
[ANALIS] State: BULLISH | EMA13/34: $61665.4/$61651.7 | VWAP Sesi: $60923.57 | Vol Surge: 0.1x | BB50: [$61522.16 - $61809.76] | Tren 15m: BULLISH
[DEBUG] EMA streak: 0 | EMA13: 61665.40 | EMA34: 61651.71 | Selisih: 13.70
[ANALIS-TRENDING] Quant Golden Cross (EMA13 > EMA34), Di atas VWAP ($60923.57), & Tren 15m Bullish. Sinyal BUY.
[2026-07-02 23:14:17] Keputusan analis: Buy(0.002571100485981289, "[Trending] Quant EMA13/34 Buy (Vol 0.1x)")
Mencegah transaksi berulang (Cool-down aktif). Aksi terakhir BUY pada 23:12:17 (2 menit lalu)
[2026-07-02 23:14:17] Validasi gagal / keputusan WAIT. Tidak ada eksekusi.
[2026-07-02 23:15:18] Siklus Menit Baru. Harga BTC Terakhir (OKX): $61636.30
[ANALIS] State: BULLISH | EMA13/34: $61656.4/$61652.6 | VWAP Sesi: $60923.61 | Vol Surge: 0.0x | BB50: [$61521.37 - $61806.42] | Tren 15m: BEARISH
[DEBUG] EMA streak: 0 | EMA13: 61656.39 | EMA34: 61652.65 | Selisih: 3.74
[ANALIS-TRENDING] Menunggu konfirmasi streak 2 menit. Saat ini: 1 menit.
[2026-07-02 23:15:18] Keputusan analis: Wait
[2026-07-02 23:15:18] Validasi gagal / keputusan WAIT. Tidak ada eksekusi.
[2026-07-02 23:16:18] Siklus Menit Baru. Harga BTC Terakhir (OKX): $61570.70
[ANALIS] State: BEARISH | EMA13/34: $61629.7/$61641.8 | VWAP Sesi: $60924.23 | Vol Surge: 0.1x | BB50: [$61510.96 - $61803.97] | Tren 15m: BEARISH
[DEBUG] EMA streak: 1 | EMA13: 61629.74 | EMA34: 61641.77 | Selisih: -12.03
[ANALIS-TRENDING] Sinyal melemah/Death Cross terkonfirmasi 2 menit berturut. Sinyal SELL.
[2026-07-02 23:16:18] Keputusan analis: Sell(0.0032176082987998666, "[Trending] Quant EMA13/34 Sell Confirmed (2m streak)")
Mencegah Whipsaw (Holding time < 15 menit). Beli terakhir 4 menit lalu. Sinyal normal ([Trending] Quant EMA13/34 Sell Confirmed (2m streak)) diabaikan.
[2026-07-02 23:16:18] Validasi gagal / keputusan WAIT. Tidak ada eksekusi.
[2026-07-02 23:17:18] Siklus Menit Baru. Harga BTC Terakhir (OKX): $61554.80
[ANALIS] State: BEARISH | EMA13/34: $61618.2/$61637.9 | VWAP Sesi: $60924.37 | Vol Surge: 0.1x | BB50: [$61507.37 - $61798.38] | Tren 15m: BULLISH
[DEBUG] EMA streak: 0 | EMA13: 61618.21 | EMA34: 61637.93 | Selisih: -19.72
[2026-07-02 23:17:18] Keputusan analis: Wait
[2026-07-02 23:17:18] Validasi gagal / keputusan WAIT. Tidak ada eksekusi.
[2026-07-02 23:18:18] Siklus Menit Baru. Harga BTC Terakhir (OKX): $61517.20
[ANALIS] State: BEARISH | EMA13/34: $61597.7/$61623.6 | VWAP Sesi: $60924.43 | Vol Surge: 0.0x | BB50: [$61499.26 - $61792.95] | Tren 15m: BEARISH
[DEBUG] EMA streak: 0 | EMA13: 61597.67 | EMA34: 61623.60 | Selisih: -25.93
[ANALIS-TRENDING] Menunggu konfirmasi streak 2 menit. Saat ini: 1 menit.
[2026-07-02 23:18:18] Keputusan analis: Wait
[2026-07-02 23:18:18] Validasi gagal / keputusan WAIT. Tidak ada eksekusi.
[2026-07-02 23:19:18] Siklus Menit Baru. Harga BTC Terakhir (OKX): $61500.10
[ANALIS] State: BEARISH | EMA13/34: $61581.7/$61615.4 | VWAP Sesi: $60924.54 | Vol Surge: 0.1x | BB50: [$61489.30 - $61793.64] | Tren 15m: BEARISH
[DEBUG] EMA streak: 1 | EMA13: 61581.72 | EMA34: 61615.43 | Selisih: -33.71
[ANALIS-TRENDING] Sinyal melemah/Death Cross terkonfirmasi 2 menit berturut. Sinyal SELL.
[2026-07-02 23:19:18] Keputusan analis: Sell(0.0032176082987998666, "[Trending] Quant EMA13/34 Sell Confirmed (2m streak)")
Mencegah Whipsaw (Holding time < 15 menit). Beli terakhir 7 menit lalu. Sinyal normal ([Trending] Quant EMA13/34 Sell Confirmed (2m streak)) diabaikan.
[2026-07-02 23:19:18] Validasi gagal / keputusan WAIT. Tidak ada eksekusi.
[2026-07-02 23:20:19] Siklus Menit Baru. Harga BTC Terakhir (OKX): $61498.60
[ANALIS] State: BEARISH | EMA13/34: $61567.8/$61610.3 | VWAP Sesi: $60924.63 | Vol Surge: 0.1x | BB50: [$61479.69 - $61794.09] | Tren 15m: BEARISH
[DEBUG] EMA streak: 0 | EMA13: 61567.85 | EMA34: 61610.29 | Selisih: -42.44
[ANALIS-TRENDING] Menunggu konfirmasi streak 2 menit. Saat ini: 1 menit.
[2026-07-02 23:20:19] Keputusan analis: Wait
[2026-07-02 23:20:19] Validasi gagal / keputusan WAIT. Tidak ada eksekusi.
[2026-07-02 23:21:19] Siklus Menit Baru. Harga BTC Terakhir (OKX): $61453.00
[ANALIS] State: BEARISH | EMA13/34: $61546.3/$61599.8 | VWAP Sesi: $60924.71 | Vol Surge: 0.0x | BB50: [$61465.20 - $61794.72] | Tren 15m: BEARISH
[DEBUG] EMA streak: 1 | EMA13: 61546.27 | EMA34: 61599.77 | Selisih: -53.50
[ANALIS-TRENDING] Sinyal melemah/Death Cross terkonfirmasi 2 menit berturut. Sinyal SELL.
[2026-07-02 23:21:19] Keputusan analis: Sell(0.0032176082987998666, "[Trending] Quant EMA13/34 Sell Confirmed (2m streak)")
Mencegah Whipsaw (Holding time < 15 menit). Beli terakhir 9 menit lalu. Sinyal normal ([Trending] Quant EMA13/34 Sell Confirmed (2m streak)) diabaikan.
[2026-07-02 23:21:19] Validasi gagal / keputusan WAIT. Tidak ada eksekusi.
[2026-07-02 23:22:19] Siklus Menit Baru. Harga BTC Terakhir (OKX): $61459.10
[ANALIS] State: BEARISH | EMA13/34: $61532.6/$61588.7 | VWAP Sesi: $60924.90 | Vol Surge: 0.9x | BB50: [$61456.20 - $61790.84] | Tren 15m: BEARISH
[DEBUG] EMA streak: 0 | EMA13: 61532.57 | EMA34: 61588.67 | Selisih: -56.10
[ANALIS-TRENDING] Menunggu konfirmasi streak 2 menit. Saat ini: 1 menit.
[2026-07-02 23:22:19] Keputusan analis: Wait
[2026-07-02 23:22:19] Validasi gagal / keputusan WAIT. Tidak ada eksekusi.
[2026-07-02 23:23:19] Siklus Menit Baru. Harga BTC Terakhir (OKX): $61454.20
[ANALIS] State: BEARISH | EMA13/34: $61523.1/$61583.2 | VWAP Sesi: $60924.98 | Vol Surge: 0.2x | BB50: [$61448.04 - $61788.79] | Tren 15m: BEARISH
[DEBUG] EMA streak: 1 | EMA13: 61523.12 | EMA34: 61583.24 | Selisih: -60.12
[ANALIS-TRENDING] Sinyal melemah/Death Cross terkonfirmasi 2 menit berturut. Sinyal SELL.
[2026-07-02 23:23:19] Keputusan analis: Sell(0.0032176082987998666, "[Trending] Quant EMA13/34 Sell Confirmed (2m streak)")
Mencegah Whipsaw (Holding time < 15 menit). Beli terakhir 11 menit lalu. Sinyal normal ([Trending] Quant EMA13/34 Sell Confirmed (2m streak)) diabaikan.
[2026-07-02 23:23:19] Validasi gagal / keputusan WAIT. Tidak ada eksekusi.
[2026-07-02 23:24:19] Siklus Menit Baru. Harga BTC Terakhir (OKX): $61491.70
[ANALIS] State: BEARISH | EMA13/34: $61518.5/$61581.7 | VWAP Sesi: $60925.12 | Vol Surge: 0.0x | BB50: [$61443.82 - $61782.67] | Tren 15m: BEARISH
[DEBUG] EMA streak: 0 | EMA13: 61518.46 | EMA34: 61581.73 | Selisih: -63.27
[ANALIS-TRENDING] Menunggu konfirmasi streak 2 menit. Saat ini: 1 menit.
[2026-07-02 23:24:19] Keputusan analis: Wait
[2026-07-02 23:24:19] Validasi gagal / keputusan WAIT. Tidak ada eksekusi.
[2026-07-02 23:25:19] Siklus Menit Baru. Harga BTC Terakhir (OKX): $61501.20
[ANALIS] State: BEARISH | EMA13/34: $61515.5/$61566.3 | VWAP Sesi: $60925.28 | Vol Surge: 0.1x | BB50: [$61445.38 - $61768.21] | Tren 15m: BEARISH
[DEBUG] EMA streak: 1 | EMA13: 61515.50 | EMA34: 61566.30 | Selisih: -50.80
[ANALIS-TRENDING] Sinyal melemah/Death Cross terkonfirmasi 2 menit berturut. Sinyal SELL.
[2026-07-02 23:25:19] Keputusan analis: Sell(0.0032176082987998666, "[Trending] Quant EMA13/34 Sell Confirmed (2m streak)")
Mencegah Whipsaw (Holding time < 15 menit). Beli terakhir 13 menit lalu. Sinyal normal ([Trending] Quant EMA13/34 Sell Confirmed (2m streak)) diabaikan.
[2026-07-02 23:25:19] Validasi gagal / keputusan WAIT. Tidak ada eksekusi.
[2026-07-02 23:26:20] Siklus Menit Baru. Harga BTC Terakhir (OKX): $61457.10
[ANALIS] State: BEARISH | EMA13/34: $61508.2/$61561.3 | VWAP Sesi: $60925.56 | Vol Surge: 0.4x | BB50: [$61437.46 - $61769.97] | Tren 15m: BEARISH
[DEBUG] EMA streak: 0 | EMA13: 61508.18 | EMA34: 61561.32 | Selisih: -53.15
[ANALIS-TRENDING] Menunggu konfirmasi streak 2 menit. Saat ini: 1 menit.
[2026-07-02 23:26:20] Keputusan analis: Wait
[2026-07-02 23:26:20] Validasi gagal / keputusan WAIT. Tidak ada eksekusi.
[2026-07-02 23:27:20] Siklus Menit Baru. Harga BTC Terakhir (OKX): $61297.50
[ANALIS] State: BEARISH | EMA13/34: $61477.9/$61546.9 | VWAP Sesi: $60927.89 | Vol Surge: 15.8x | BB50: [$61410.06 - $61783.81] | Tren 15m: BEARISH
[DEBUG] EMA streak: 1 | EMA13: 61477.88 | EMA34: 61546.86 | Selisih: -68.99
[ANALIS-TRENDING] Sinyal melemah/Death Cross terkonfirmasi 2 menit berturut. Sinyal SELL.
[2026-07-02 23:27:20] Keputusan analis: Sell(0.0032176082987998666, "[Trending] Quant EMA13/34 Sell Confirmed (2m streak)")
[2026-07-02 23:27:20] Mengeksekusi transaksi...
[2026-07-02 23:27:20] Eksekusi sukses. Saldo: $990.70, BTC: 0.0000
[2026-07-02 23:28:20] Siklus Menit Baru. Harga BTC Terakhir (OKX): $61188.70
[ANALIS] State: BEARISH | EMA13/34: $61426.2/$61523.0 | VWAP Sesi: $60928.29 | Vol Surge: 2.1x | BB50: [$61357.55 - $61814.55] | Tren 15m: BEARISH
[DEBUG] EMA streak: 0 | EMA13: 61426.19 | EMA34: 61523.02 | Selisih: -96.83
[2026-07-02 23:28:20] Keputusan analis: Wait
[2026-07-02 23:28:20] Validasi gagal / keputusan WAIT. Tidak ada eksekusi.
[2026-07-02 23:29:20] Siklus Menit Baru. Harga BTC Terakhir (OKX): $61169.10
[ANALIS] State: BEARISH | EMA13/34: $61391.0/$61507.5 | VWAP Sesi: $60928.68 | Vol Surge: 2.3x | BB50: [$61322.51 - $61830.02] | Tren 15m: BEARISH
[DEBUG] EMA streak: 0 | EMA13: 61391.00 | EMA34: 61507.47 | Selisih: -116.47
[2026-07-02 23:29:20] Keputusan analis: Wait
[2026-07-02 23:29:20] Validasi gagal / keputusan WAIT. Tidak ada eksekusi.
[2026-07-02 23:30:20] Siklus Menit Baru. Harga BTC Terakhir (OKX): $61229.80
[ANALIS] State: BEARISH | EMA13/34: $61371.0/$61490.9 | VWAP Sesi: $60928.94 | Vol Surge: 0.6x | BB50: [$61302.43 - $61830.42] | Tren 15m: BEARISH
[DEBUG] EMA streak: 0 | EMA13: 61371.03 | EMA34: 61490.91 | Selisih: -119.88
[2026-07-02 23:30:20] Keputusan analis: Wait
[2026-07-02 23:30:20] Validasi gagal / keputusan WAIT. Tidak ada eksekusi.
[2026-07-02 23:31:20] Siklus Menit Baru. Harga BTC Terakhir (OKX): $61283.60
[ANALIS] State: BEARISH | EMA13/34: $61358.7/$61479.2 | VWAP Sesi: $60929.12 | Vol Surge: 0.9x | BB50: [$61285.87 - $61830.09] | Tren 15m: BEARISH
[DEBUG] EMA streak: 0 | EMA13: 61358.73 | EMA34: 61479.19 | Selisih: -120.45
[2026-07-02 23:31:20] Keputusan analis: Wait
[2026-07-02 23:31:20] Validasi gagal / keputusan WAIT. Tidak ada eksekusi.
[2026-07-02 23:32:20] Siklus Menit Baru. Harga BTC Terakhir (OKX): $61278.20
[ANALIS] State: BEARISH | EMA13/34: $61348.9/$61470.1 | VWAP Sesi: $60929.50 | Vol Surge: 0.1x | BB50: [$61271.03 - $61828.27] | Tren 15m: BEARISH
[DEBUG] EMA streak: 0 | EMA13: 61348.91 | EMA34: 61470.15 | Selisih: -121.24
[2026-07-02 23:32:21] Keputusan analis: Wait
[2026-07-02 23:32:21] Validasi gagal / keputusan WAIT. Tidak ada eksekusi.
[2026-07-02 23:33:21] Siklus Menit Baru. Harga BTC Terakhir (OKX): $61273.90
[ANALIS] State: BEARISH | EMA13/34: $61340.1/$61457.9 | VWAP Sesi: $60929.69 | Vol Surge: 1.0x | BB50: [$61258.13 - $61823.12] | Tren 15m: BEARISH
[DEBUG] EMA streak: 0 | EMA13: 61340.10 | EMA34: 61457.92 | Selisih: -117.82
[2026-07-02 23:33:21] Keputusan analis: Wait
[2026-07-02 23:33:21] Validasi gagal / keputusan WAIT. Tidak ada eksekusi.
[2026-07-02 23:34:21] Siklus Menit Baru. Harga BTC Terakhir (OKX): $61253.10
[ANALIS] State: BEARISH | EMA13/34: $61326.8/$61447.2 | VWAP Sesi: $60929.74 | Vol Surge: 0.0x | BB50: [$61241.22 - $61821.64] | Tren 15m: BEARISH
[DEBUG] EMA streak: 0 | EMA13: 61326.75 | EMA34: 61447.24 | Selisih: -120.49
[2026-07-02 23:34:21] Keputusan analis: Wait
[2026-07-02 23:34:21] Validasi gagal / keputusan WAIT. Tidak ada eksekusi.
[2026-07-02 23:35:21] Siklus Menit Baru. Harga BTC Terakhir (OKX): $61263.10
[ANALIS] State: BEARISH | EMA13/34: $61319.7/$61434.5 | VWAP Sesi: $60929.78 | Vol Surge: 0.0x | BB50: [$61229.63 - $61815.12] | Tren 15m: BEARISH
[DEBUG] EMA streak: 0 | EMA13: 61319.66 | EMA34: 61434.53 | Selisih: -114.88
[2026-07-02 23:35:21] Keputusan analis: Wait
[2026-07-02 23:35:21] Validasi gagal / keputusan WAIT. Tidak ada eksekusi.
[2026-07-02 23:36:21] Siklus Menit Baru. Harga BTC Terakhir (OKX): $61277.90
[ANALIS] State: BEARISH | EMA13/34: $61316.9/$61426.4 | VWAP Sesi: $60929.79 | Vol Surge: 0.0x | BB50: [$61219.35 - $61810.59] | Tren 15m: BEARISH
[DEBUG] EMA streak: 0 | EMA13: 61316.88 | EMA34: 61426.36 | Selisih: -109.48
[2026-07-02 23:36:21] Keputusan analis: Wait
[2026-07-02 23:36:21] Validasi gagal / keputusan WAIT. Tidak ada eksekusi.
[2026-07-02 23:37:22] Siklus Menit Baru. Harga BTC Terakhir (OKX): $61307.40
[ANALIS] State: BEARISH | EMA13/34: $61316.3/$61418.6 | VWAP Sesi: $60929.88 | Vol Surge: 0.1x | BB50: [$61210.20 - $61805.79] | Tren 15m: BEARISH
[DEBUG] EMA streak: 0 | EMA13: 61316.25 | EMA34: 61418.61 | Selisih: -102.36
[2026-07-02 23:37:22] Keputusan analis: Wait
[2026-07-02 23:37:22] Validasi gagal / keputusan WAIT. Tidak ada eksekusi.
[2026-07-02 23:38:22] Siklus Menit Baru. Harga BTC Terakhir (OKX): $61303.60
[ANALIS] State: BEARISH | EMA13/34: $61312.1/$61409.0 | VWAP Sesi: $60929.91 | Vol Surge: 0.1x | BB50: [$61199.12 - $61802.74] | Tren 15m: BEARISH
[DEBUG] EMA streak: 0 | EMA13: 61312.05 | EMA34: 61408.97 | Selisih: -96.92
[2026-07-02 23:38:22] Keputusan analis: Wait
[2026-07-02 23:38:22] Validasi gagal / keputusan WAIT. Tidak ada eksekusi.
[2026-07-02 23:39:22] Siklus Menit Baru. Harga BTC Terakhir (OKX): $61287.80
[ANALIS] State: BEARISH | EMA13/34: $61309.0/$61400.4 | VWAP Sesi: $60929.93 | Vol Surge: 0.0x | BB50: [$61188.68 - $61800.86] | Tren 15m: BEARISH
[DEBUG] EMA streak: 0 | EMA13: 61308.98 | EMA34: 61400.44 | Selisih: -91.47
[2026-07-02 23:39:22] Keputusan analis: Wait
[2026-07-02 23:39:22] Validasi gagal / keputusan WAIT. Tidak ada eksekusi.
[2026-07-02 23:40:22] Siklus Menit Baru. Harga BTC Terakhir (OKX): $61351.60
[ANALIS] State: BEARISH | EMA13/34: $61321.6/$61402.5 | VWAP Sesi: $60930.00 | Vol Surge: 0.0x | BB50: [$61186.10 - $61797.07] | Tren 15m: BEARISH
[DEBUG] EMA streak: 0 | EMA13: 61321.60 | EMA34: 61402.54 | Selisih: -80.95
[2026-07-02 23:40:22] Keputusan analis: Wait
[2026-07-02 23:40:22] Validasi gagal / keputusan WAIT. Tidak ada eksekusi.
[2026-07-02 23:41:22] Siklus Menit Baru. Harga BTC Terakhir (OKX): $61420.70
[ANALIS] State: BEARISH | EMA13/34: $61341.1/$61403.8 | VWAP Sesi: $60930.23 | Vol Surge: 0.5x | BB50: [$61185.91 - $61791.77] | Tren 15m: BEARISH
[DEBUG] EMA streak: 0 | EMA13: 61341.10 | EMA34: 61403.83 | Selisih: -62.72
[2026-07-02 23:41:22] Keputusan analis: Wait
[2026-07-02 23:41:22] Validasi gagal / keputusan WAIT. Tidak ada eksekusi.
[2026-07-02 23:42:22] Siklus Menit Baru. Harga BTC Terakhir (OKX): $61398.40
[ANALIS] State: BEARISH | EMA13/34: $61348.9/$61403.2 | VWAP Sesi: $60930.40 | Vol Surge: 0.5x | BB50: [$61182.16 - $61788.79] | Tren 15m: BULLISH
[DEBUG] EMA streak: 0 | EMA13: 61348.93 | EMA34: 61403.23 | Selisih: -54.29
[2026-07-02 23:42:22] Keputusan analis: Wait
[2026-07-02 23:42:22] Validasi gagal / keputusan WAIT. Tidak ada eksekusi.
[2026-07-02 23:43:22] Siklus Menit Baru. Harga BTC Terakhir (OKX): $61419.10
[ANALIS] State: BEARISH | EMA13/34: $61357.1/$61405.9 | VWAP Sesi: $60930.41 | Vol Surge: 0.1x | BB50: [$61178.91 - $61785.77] | Tren 15m: BULLISH
[DEBUG] EMA streak: 0 | EMA13: 61357.10 | EMA34: 61405.88 | Selisih: -48.78
[2026-07-02 23:43:22] Keputusan analis: Wait
[2026-07-02 23:43:22] Validasi gagal / keputusan WAIT. Tidak ada eksekusi.
[2026-07-02 23:44:23] Siklus Menit Baru. Harga BTC Terakhir (OKX): $61435.70
[ANALIS] State: BEARISH | EMA13/34: $61367.5/$61405.9 | VWAP Sesi: $60930.55 | Vol Surge: 0.6x | BB50: [$61177.10 - $61780.36] | Tren 15m: BULLISH
[DEBUG] EMA streak: 0 | EMA13: 61367.46 | EMA34: 61405.86 | Selisih: -38.40
[2026-07-02 23:44:23] Keputusan analis: Wait
[2026-07-02 23:44:23] Validasi gagal / keputusan WAIT. Tidak ada eksekusi.
[2026-07-02 23:45:23] Siklus Menit Baru. Harga BTC Terakhir (OKX): $61453.40
[ANALIS] State: BEARISH | EMA13/34: $61379.7/$61408.4 | VWAP Sesi: $60930.81 | Vol Surge: 0.7x | BB50: [$61175.92 - $61776.33] | Tren 15m: BULLISH
[DEBUG] EMA streak: 0 | EMA13: 61379.73 | EMA34: 61408.36 | Selisih: -28.62
[2026-07-02 23:45:23] Keputusan analis: Wait
[2026-07-02 23:45:23] Validasi gagal / keputusan WAIT. Tidak ada eksekusi.
[2026-07-02 23:46:23] Siklus Menit Baru. Harga BTC Terakhir (OKX): $61479.60
[ANALIS] State: BEARISH | EMA13/34: $61394.2/$61413.3 | VWAP Sesi: $60931.09 | Vol Surge: 0.5x | BB50: [$61175.42 - $61772.90] | Tren 15m: BULLISH
[DEBUG] EMA streak: 0 | EMA13: 61394.22 | EMA34: 61413.28 | Selisih: -19.07
[2026-07-02 23:46:23] Keputusan analis: Wait
[2026-07-02 23:46:23] Validasi gagal / keputusan WAIT. Tidak ada eksekusi.
[2026-07-02 23:47:23] Siklus Menit Baru. Harga BTC Terakhir (OKX): $61546.70
[ANALIS] State: BEARISH | EMA13/34: $61421.7/$61425.3 | VWAP Sesi: $60931.42 | Vol Surge: 0.4x | BB50: [$61176.25 - $61772.01] | Tren 15m: BULLISH
[DEBUG] EMA streak: 0 | EMA13: 61421.66 | EMA34: 61425.34 | Selisih: -3.68
[2026-07-02 23:47:23] Keputusan analis: Wait
[2026-07-02 23:47:23] Validasi gagal / keputusan WAIT. Tidak ada eksekusi.
[2026-07-02 23:48:23] Siklus Menit Baru. Harga BTC Terakhir (OKX): $61606.30
[ANALIS] State: BULLISH | EMA13/34: $61450.4/$61435.5 | VWAP Sesi: $60931.71 | Vol Surge: 0.4x | BB50: [$61176.71 - $61771.39] | Tren 15m: BULLISH
[DEBUG] EMA streak: 0 | EMA13: 61450.44 | EMA34: 61435.49 | Selisih: 14.95
[ANALIS-TRENDING] Quant Golden Cross (EMA13 > EMA34), Di atas VWAP ($60931.71), & Tren 15m Bullish. Sinyal BUY.
[2026-07-02 23:48:23] Keputusan analis: Buy(0.0032162192437027027, "[Trending] Quant EMA13/34 Buy (Vol 0.4x)")
[2026-07-02 23:48:23] Mengeksekusi transaksi...
[2026-07-02 23:48:23] Eksekusi sukses. Saldo: $792.36, BTC: 0.0032
[2026-07-02 23:49:23] Siklus Menit Baru. Harga BTC Terakhir (OKX): $61756.90
[ANALIS] State: BULLISH | EMA13/34: $61500.9/$61458.6 | VWAP Sesi: $60933.08 | Vol Surge: 1.9x | BB50: [$61170.43 - $61785.85] | Tren 15m: BULLISH
[DEBUG] EMA streak: 0 | EMA13: 61500.92 | EMA34: 61458.55 | Selisih: 42.37
[ANALIS-TRENDING] Quant Golden Cross (EMA13 > EMA34), Di atas VWAP ($60933.08), & Tren 15m Bullish. Sinyal BUY.
[2026-07-02 23:49:23] Keputusan analis: Buy(0.0025660592776052364, "[Trending] Quant EMA13/34 Buy (Vol 1.9x)")
Mencegah transaksi berulang (Cool-down aktif). Aksi terakhir BUY pada 23:48:23 (1 menit lalu)
[2026-07-02 23:49:23] Validasi gagal / keputusan WAIT. Tidak ada eksekusi.
[2026-07-02 23:50:24] Siklus Menit Baru. Harga BTC Terakhir (OKX): $61674.10
[ANALIS] State: BULLISH | EMA13/34: $61527.9/$61470.8 | VWAP Sesi: $60933.93 | Vol Surge: 0.3x | BB50: [$61168.56 - $61789.81] | Tren 15m: BULLISH
[DEBUG] EMA streak: 0 | EMA13: 61527.87 | EMA34: 61470.84 | Selisih: 57.03
[ANALIS-TRENDING] Quant Golden Cross (EMA13 > EMA34), Di atas VWAP ($60933.93), & Tren 15m Bullish. Sinyal BUY.
[2026-07-02 23:50:24] Keputusan analis: Buy(0.0025695043170656535, "[Trending] Quant EMA13/34 Buy (Vol 0.3x)")
Mencegah transaksi berulang (Cool-down aktif). Aksi terakhir BUY pada 23:48:23 (2 menit lalu)
[2026-07-02 23:50:24] Validasi gagal / keputusan WAIT. Tidak ada eksekusi.
[2026-07-02 23:51:24] Siklus Menit Baru. Harga BTC Terakhir (OKX): $61676.70
[ANALIS] State: BULLISH | EMA13/34: $61546.8/$61476.3 | VWAP Sesi: $60934.07 | Vol Surge: 0.3x | BB50: [$61167.76 - $61792.09] | Tren 15m: BULLISH
[DEBUG] EMA streak: 0 | EMA13: 61546.83 | EMA34: 61476.30 | Selisih: 70.54
[ANALIS-TRENDING] Quant Golden Cross (EMA13 > EMA34), Di atas VWAP ($60934.07), & Tren 15m Bullish. Sinyal BUY.
[2026-07-02 23:51:24] Keputusan analis: Buy(0.0025693959988316306, "[Trending] Quant EMA13/34 Buy (Vol 0.3x)")
Mencegah transaksi berulang (Cool-down aktif). Aksi terakhir BUY pada 23:48:23 (3 menit lalu)
[2026-07-02 23:51:24] Validasi gagal / keputusan WAIT. Tidak ada eksekusi.
[2026-07-02 23:52:24] Siklus Menit Baru. Harga BTC Terakhir (OKX): $61723.20
[ANALIS] State: BULLISH | EMA13/34: $61576.6/$61494.5 | VWAP Sesi: $60934.77 | Vol Surge: 0.1x | BB50: [$61163.41 - $61806.04] | Tren 15m: BULLISH
[DEBUG] EMA streak: 0 | EMA13: 61576.60 | EMA34: 61494.49 | Selisih: 82.11
[ANALIS-TRENDING] Quant Golden Cross (EMA13 > EMA34), Di atas VWAP ($60934.77), & Tren 15m Bullish. Sinyal BUY.
[2026-07-02 23:52:24] Keputusan analis: Buy(0.0025674603099181317, "[Trending] Quant EMA13/34 Buy (Vol 0.1x)")
Mencegah transaksi berulang (Cool-down aktif). Aksi terakhir BUY pada 23:48:23 (4 menit lalu)
[2026-07-02 23:52:24] Validasi gagal / keputusan WAIT. Tidak ada eksekusi.
[2026-07-02 23:53:24] Siklus Menit Baru. Harga BTC Terakhir (OKX): $61699.60
[ANALIS] State: BULLISH | EMA13/34: $61594.2/$61508.5 | VWAP Sesi: $60934.96 | Vol Surge: 0.1x | BB50: [$61161.24 - $61813.83] | Tren 15m: BULLISH
[DEBUG] EMA streak: 0 | EMA13: 61594.23 | EMA34: 61508.50 | Selisih: 85.72
[ANALIS-TRENDING] Quant Golden Cross (EMA13 > EMA34), Di atas VWAP ($60934.96), & Tren 15m Bullish. Sinyal BUY.
[2026-07-02 23:53:24] Keputusan analis: Buy(0.0025684423594502853, "[Trending] Quant EMA13/34 Buy (Vol 0.1x)")
[2026-07-02 23:53:24] Mengeksekusi transaksi...
[2026-07-02 23:53:24] Eksekusi sukses. Saldo: $633.73, BTC: 0.0058
[2026-07-02 23:54:24] Siklus Menit Baru. Harga BTC Terakhir (OKX): $61690.00
[ANALIS] State: BULLISH | EMA13/34: $61604.6/$61519.9 | VWAP Sesi: $60935.07 | Vol Surge: 0.0x | BB50: [$61160.38 - $61817.09] | Tren 15m: BULLISH
[DEBUG] EMA streak: 0 | EMA13: 61604.62 | EMA34: 61519.86 | Selisih: 84.76
[ANALIS-TRENDING] Quant Golden Cross (EMA13 > EMA34), Di atas VWAP ($60935.07), & Tren 15m Bullish. Sinyal BUY.
[2026-07-02 23:54:24] Keputusan analis: Buy(0.002054559873361498, "[Trending] Quant EMA13/34 Buy (Vol 0.0x)")
Mencegah transaksi berulang (Cool-down aktif). Aksi terakhir BUY pada 23:53:24 (1 menit lalu)
[2026-07-02 23:54:24] Validasi gagal / keputusan WAIT. Tidak ada eksekusi.
[2026-07-02 23:55:24] Siklus Menit Baru. Harga BTC Terakhir (OKX): $61667.70
[ANALIS] State: BULLISH | EMA13/34: $61613.4/$61527.0 | VWAP Sesi: $60935.25 | Vol Surge: 0.3x | BB50: [$61160.04 - $61818.08] | Tren 15m: BULLISH
[DEBUG] EMA streak: 0 | EMA13: 61613.37 | EMA34: 61526.98 | Selisih: 86.38
[ANALIS-TRENDING] Quant Golden Cross (EMA13 > EMA34), Di atas VWAP ($60935.25), & Tren 15m Bullish. Sinyal BUY.
[2026-07-02 23:55:24] Keputusan analis: Buy(0.002055302834185008, "[Trending] Quant EMA13/34 Buy (Vol 0.3x)")
Mencegah transaksi berulang (Cool-down aktif). Aksi terakhir BUY pada 23:53:24 (2 menit lalu)
[2026-07-02 23:55:24] Validasi gagal / keputusan WAIT. Tidak ada eksekusi.
[2026-07-02 23:56:24] Siklus Menit Baru. Harga BTC Terakhir (OKX): $61651.10
[ANALIS] State: BULLISH | EMA13/34: $61619.0/$61533.2 | VWAP Sesi: $60935.36 | Vol Surge: 0.1x | BB50: [$61159.58 - $61819.63] | Tren 15m: BULLISH
[DEBUG] EMA streak: 0 | EMA13: 61619.04 | EMA34: 61533.19 | Selisih: 85.86
[ANALIS-TRENDING] Quant Golden Cross (EMA13 > EMA34), Di atas VWAP ($60935.36), & Tren 15m Bullish. Sinyal BUY.
[2026-07-02 23:56:24] Keputusan analis: Buy(0.0020558562391858512, "[Trending] Quant EMA13/34 Buy (Vol 0.1x)")
Mencegah transaksi berulang (Cool-down aktif). Aksi terakhir BUY pada 23:53:24 (3 menit lalu)
[2026-07-02 23:56:24] Validasi gagal / keputusan WAIT. Tidak ada eksekusi.
[2026-07-02 23:57:25] Siklus Menit Baru. Harga BTC Terakhir (OKX): $61644.20
[ANALIS] State: BULLISH | EMA13/34: $61621.0/$61539.6 | VWAP Sesi: $60935.42 | Vol Surge: 0.1x | BB50: [$61159.33 - $61820.84] | Tren 15m: BULLISH
[DEBUG] EMA streak: 0 | EMA13: 61621.02 | EMA34: 61539.57 | Selisih: 81.45
[ANALIS-TRENDING] Quant Golden Cross (EMA13 > EMA34), Di atas VWAP ($60935.42), & Tren 15m Bullish. Sinyal BUY.
[2026-07-02 23:57:25] Keputusan analis: Buy(0.002056086356667307, "[Trending] Quant EMA13/34 Buy (Vol 0.1x)")
Mencegah transaksi berulang (Cool-down aktif). Aksi terakhir BUY pada 23:53:24 (4 menit lalu)
[2026-07-02 23:57:25] Validasi gagal / keputusan WAIT. Tidak ada eksekusi.
[2026-07-02 23:58:25] Siklus Menit Baru. Harga BTC Terakhir (OKX): $61640.90
[ANALIS] State: BULLISH | EMA13/34: $61622.6/$61544.3 | VWAP Sesi: $60935.54 | Vol Surge: 0.2x | BB50: [$61159.22 - $61821.32] | Tren 15m: BULLISH
[DEBUG] EMA streak: 0 | EMA13: 61622.57 | EMA34: 61544.26 | Selisih: 78.30
[ANALIS-TRENDING] Quant Golden Cross (EMA13 > EMA34), Di atas VWAP ($60935.54), & Tren 15m Bullish. Sinyal BUY.
[2026-07-02 23:58:25] Keputusan analis: Buy(0.0020561964310655883, "[Trending] Quant EMA13/34 Buy (Vol 0.2x)")
[2026-07-02 23:58:25] Mengeksekusi transaksi...
[2026-07-02 23:58:25] Eksekusi sukses. Saldo: $506.86, BTC: 0.0078
[2026-07-02 23:59:25] Siklus Menit Baru. Harga BTC Terakhir (OKX): $61668.70
[ANALIS] State: BULLISH | EMA13/34: $61629.2/$61555.0 | VWAP Sesi: $60935.59 | Vol Surge: 0.1x | BB50: [$61158.30 - $61824.56] | Tren 15m: BULLISH
[DEBUG] EMA streak: 0 | EMA13: 61629.22 | EMA34: 61554.95 | Selisih: 74.27
[ANALIS-TRENDING] Quant Golden Cross (EMA13 > EMA34), Di atas VWAP ($60935.59), & Tren 15m Bullish. Sinyal BUY.
[2026-07-02 23:59:25] Keputusan analis: Buy(0.0016438045509378197, "[Trending] Quant EMA13/34 Buy (Vol 0.1x)")
Mencegah transaksi berulang (Cool-down aktif). Aksi terakhir BUY pada 23:58:25 (1 menit lalu)
[2026-07-02 23:59:25] Validasi gagal / keputusan WAIT. Tidak ada eksekusi.
[2026-07-03 00:00:25] Siklus Menit Baru. Harga BTC Terakhir (OKX): $61677.10
[ANALIS] State: BULLISH | EMA13/34: $61637.4/$61563.6 | VWAP Sesi: $60935.64 | Vol Surge: 0.1x | BB50: [$61158.09 - $61825.13] | Tren 15m: BULLISH
[DEBUG] EMA streak: 0 | EMA13: 61637.37 | EMA34: 61563.62 | Selisih: 73.76
[ANALIS-TRENDING] Quant Golden Cross (EMA13 > EMA34), Di atas VWAP ($60935.64), & Tren 15m Bullish. Sinyal BUY.
[2026-07-03 00:00:25] Keputusan analis: Buy(0.0016435806759789147, "[Trending] Quant EMA13/34 Buy (Vol 0.1x)")
Mencegah transaksi berulang (Cool-down aktif). Aksi terakhir BUY pada 23:58:25 (2 menit lalu)
[2026-07-03 00:00:25] Validasi gagal / keputusan WAIT. Tidak ada eksekusi.
[2026-07-03 00:01:25] Siklus Menit Baru. Harga BTC Terakhir (OKX): $61649.60
[ANALIS] State: BULLISH | EMA13/34: $61638.7/$61569.4 | VWAP Sesi: $60935.73 | Vol Surge: 0.2x | BB50: [$61159.39 - $61821.68] | Tren 15m: BULLISH
[DEBUG] EMA streak: 0 | EMA13: 61638.70 | EMA34: 61569.38 | Selisih: 69.32
[ANALIS-TRENDING] Quant Golden Cross (EMA13 > EMA34), Di atas VWAP ($60935.73), & Tren 15m Bullish. Sinyal BUY.
[2026-07-03 00:01:25] Keputusan analis: Buy(0.0016443138270227078, "[Trending] Quant EMA13/34 Buy (Vol 0.2x)")
Mencegah transaksi berulang (Cool-down aktif). Aksi terakhir BUY pada 23:58:25 (3 menit lalu)
[2026-07-03 00:01:25] Validasi gagal / keputusan WAIT. Tidak ada eksekusi.
[2026-07-03 00:02:25] Siklus Menit Baru. Harga BTC Terakhir (OKX): $61680.00
[ANALIS] State: BULLISH | EMA13/34: $61645.4/$61575.5 | VWAP Sesi: $60935.97 | Vol Surge: 0.6x | BB50: [$61160.48 - $61819.27] | Tren 15m: BULLISH
[DEBUG] EMA streak: 0 | EMA13: 61645.38 | EMA34: 61575.55 | Selisih: 69.83
[ANALIS-TRENDING] Quant Golden Cross (EMA13 > EMA34), Di atas VWAP ($60935.97), & Tren 15m Bullish. Sinyal BUY.
[2026-07-03 00:02:25] Keputusan analis: Buy(0.0016435033999743697, "[Trending] Quant EMA13/34 Buy (Vol 0.6x)")
Mencegah transaksi berulang (Cool-down aktif). Aksi terakhir BUY pada 23:58:25 (4 menit lalu)
[2026-07-03 00:02:25] Validasi gagal / keputusan WAIT. Tidak ada eksekusi.
[2026-07-03 00:03:26] Siklus Menit Baru. Harga BTC Terakhir (OKX): $61659.80
[ANALIS] State: BULLISH | EMA13/34: $61644.5/$61578.4 | VWAP Sesi: $60935.99 | Vol Surge: 0.0x | BB50: [$61162.44 - $61814.34] | Tren 15m: BULLISH
[DEBUG] EMA streak: 0 | EMA13: 61644.50 | EMA34: 61578.39 | Selisih: 66.10
[ANALIS-TRENDING] Quant Golden Cross (EMA13 > EMA34), Di atas VWAP ($60935.99), & Tren 15m Bullish. Sinyal BUY.
[2026-07-03 00:03:26] Keputusan analis: Buy(0.0016440418183390007, "[Trending] Quant EMA13/34 Buy (Vol 0.0x)")
Max pyramiding (3 layer) tercapai. Tunggu siklus selesai (posisi aktif saat ini: 3).
[2026-07-03 00:03:26] Validasi gagal / keputusan WAIT. Tidak ada eksekusi.
[2026-07-03 00:04:26] Siklus Menit Baru. Harga BTC Terakhir (OKX): $61632.90
[ANALIS] State: BULLISH | EMA13/34: $61643.2/$61572.4 | VWAP Sesi: $60936.07 | Vol Surge: 0.2x | BB50: [$61163.87 - $61810.50] | Tren 15m: BEARISH
[DEBUG] EMA streak: 0 | EMA13: 61643.25 | EMA34: 61572.42 | Selisih: 70.83
[ANALIS-TRENDING] Menunggu konfirmasi streak 2 menit. Saat ini: 1 menit.
[2026-07-03 00:04:26] Keputusan analis: Wait
[2026-07-03 00:04:26] Validasi gagal / keputusan WAIT. Tidak ada eksekusi.
[2026-07-03 00:05:26] Siklus Menit Baru. Harga BTC Terakhir (OKX): $61705.40
[ANALIS] State: BULLISH | EMA13/34: $61659.8/$61585.6 | VWAP Sesi: $60936.36 | Vol Surge: 0.6x | BB50: [$61160.59 - $61823.66] | Tren 15m: BULLISH
[DEBUG] EMA streak: 1 | EMA13: 61659.79 | EMA34: 61585.55 | Selisih: 74.24
[ANALIS-TRENDING] Quant Golden Cross (EMA13 > EMA34), Di atas VWAP ($60936.36), & Tren 15m Bullish. Sinyal BUY.
[2026-07-03 00:05:26] Keputusan analis: Buy(0.001642826879177821, "[Trending] Quant EMA13/34 Buy (Vol 0.6x)")
Max pyramiding (3 layer) tercapai. Tunggu siklus selesai (posisi aktif saat ini: 3).
[2026-07-03 00:05:26] Validasi gagal / keputusan WAIT. Tidak ada eksekusi.
[2026-07-03 00:06:26] Siklus Menit Baru. Harga BTC Terakhir (OKX): $61789.80
[ANALIS] State: BULLISH | EMA13/34: $61687.4/$61598.2 | VWAP Sesi: $60937.76 | Vol Surge: 0.5x | BB50: [$61152.58 - $61843.72] | Tren 15m: BULLISH
[DEBUG] EMA streak: 0 | EMA13: 61687.41 | EMA34: 61598.20 | Selisih: 89.22
[ANALIS-TRENDING] Quant Golden Cross (EMA13 > EMA34), Di atas VWAP ($60937.76), & Tren 15m Bullish. Sinyal BUY.
[2026-07-03 00:06:26] Keputusan analis: Buy(0.0016405829070561665, "[Trending] Quant EMA13/34 Buy (Vol 0.5x)")
Max pyramiding (3 layer) tercapai. Tunggu siklus selesai (posisi aktif saat ini: 3).
[2026-07-03 00:06:26] Validasi gagal / keputusan WAIT. Tidak ada eksekusi.
[2026-07-03 00:07:26] Siklus Menit Baru. Harga BTC Terakhir (OKX): $61806.10
[ANALIS] State: BULLISH | EMA13/34: $61705.6/$61610.4 | VWAP Sesi: $60938.38 | Vol Surge: 0.3x | BB50: [$61147.53 - $61861.21] | Tren 15m: BULLISH
[DEBUG] EMA streak: 0 | EMA13: 61705.62 | EMA34: 61610.39 | Selisih: 95.23
[ANALIS-TRENDING] Quant Golden Cross (EMA13 > EMA34), Di atas VWAP ($60938.38), & Tren 15m Bullish. Sinyal BUY.
[2026-07-03 00:07:26] Keputusan analis: Buy(0.0016401502393844478, "[Trending] Quant EMA13/34 Buy (Vol 0.3x)")
Max pyramiding (3 layer) tercapai. Tunggu siklus selesai (posisi aktif saat ini: 3).
[2026-07-03 00:07:26] Validasi gagal / keputusan WAIT. Tidak ada eksekusi.
[2026-07-03 00:08:26] Siklus Menit Baru. Harga BTC Terakhir (OKX): $61751.90
[ANALIS] State: BULLISH | EMA13/34: $61708.7/$61616.0 | VWAP Sesi: $60938.44 | Vol Surge: 0.1x | BB50: [$61147.09 - $61870.56] | Tren 15m: BULLISH
[DEBUG] EMA streak: 0 | EMA13: 61708.75 | EMA34: 61616.04 | Selisih: 92.70
[ANALIS-TRENDING] Quant Golden Cross (EMA13 > EMA34), Di atas VWAP ($60938.44), & Tren 15m Bullish. Sinyal BUY.
[2026-07-03 00:08:26] Keputusan analis: Buy(0.001641589808741417, "[Trending] Quant EMA13/34 Buy (Vol 0.1x)")
Max pyramiding (3 layer) tercapai. Tunggu siklus selesai (posisi aktif saat ini: 3).
[2026-07-03 00:08:26] Validasi gagal / keputusan WAIT. Tidak ada eksekusi.
[2026-07-03 00:09:26] Siklus Menit Baru. Harga BTC Terakhir (OKX): $61747.30
[ANALIS] State: BULLISH | EMA13/34: $61715.2/$61622.5 | VWAP Sesi: $60938.48 | Vol Surge: 0.0x | BB50: [$61146.14 - $61882.33] | Tren 15m: BULLISH
[DEBUG] EMA streak: 0 | EMA13: 61715.16 | EMA34: 61622.48 | Selisih: 92.68
[ANALIS-TRENDING] Quant Golden Cross (EMA13 > EMA34), Di atas VWAP ($60938.48), & Tren 15m Bullish. Sinyal BUY.
[2026-07-03 00:09:26] Keputusan analis: Buy(0.0016417121025602596, "[Trending] Quant EMA13/34 Buy (Vol 0.0x)")
Max pyramiding (3 layer) tercapai. Tunggu siklus selesai (posisi aktif saat ini: 3).
[2026-07-03 00:09:26] Validasi gagal / keputusan WAIT. Tidak ada eksekusi.
[2026-07-03 00:10:27] Siklus Menit Baru. Harga BTC Terakhir (OKX): $61726.80
[ANALIS] State: BULLISH | EMA13/34: $61714.5/$61626.8 | VWAP Sesi: $60938.76 | Vol Surge: 0.1x | BB50: [$61147.73 - $61890.79] | Tren 15m: BULLISH
[DEBUG] EMA streak: 0 | EMA13: 61714.45 | EMA34: 61626.80 | Selisih: 87.66
[ANALIS-TRENDING] Quant Golden Cross (EMA13 > EMA34), Di atas VWAP ($60938.76), & Tren 15m Bullish. Sinyal BUY.
[2026-07-03 00:10:27] Keputusan analis: Buy(0.0016422573292381771, "[Trending] Quant EMA13/34 Buy (Vol 0.1x)")
Max pyramiding (3 layer) tercapai. Tunggu siklus selesai (posisi aktif saat ini: 3).
[2026-07-03 00:10:27] Validasi gagal / keputusan WAIT. Tidak ada eksekusi.
[2026-07-03 00:11:27] Siklus Menit Baru. Harga BTC Terakhir (OKX): $61711.20
[ANALIS] State: BULLISH | EMA13/34: $61712.2/$61632.2 | VWAP Sesi: $60938.84 | Vol Surge: 0.0x | BB50: [$61150.18 - $61898.40] | Tren 15m: BULLISH
[DEBUG] EMA streak: 0 | EMA13: 61712.16 | EMA34: 61632.23 | Selisih: 79.93
[ANALIS-TRENDING] Quant Golden Cross (EMA13 > EMA34), Di atas VWAP ($60938.84), & Tren 15m Bullish. Sinyal BUY.
[2026-07-03 00:11:27] Keputusan analis: Buy(0.0016426724761537473, "[Trending] Quant EMA13/34 Buy (Vol 0.0x)")
Max pyramiding (3 layer) tercapai. Tunggu siklus selesai (posisi aktif saat ini: 3).
[2026-07-03 00:11:27] Validasi gagal / keputusan WAIT. Tidak ada eksekusi.
[2026-07-03 00:12:27] Siklus Menit Baru. Harga BTC Terakhir (OKX): $61708.20
[ANALIS] State: BULLISH | EMA13/34: $61712.1/$61636.8 | VWAP Sesi: $60939.65 | Vol Surge: 0.1x | BB50: [$61151.64 - $61906.56] | Tren 15m: BULLISH
[DEBUG] EMA streak: 0 | EMA13: 61712.10 | EMA34: 61636.79 | Selisih: 75.31
[ANALIS-TRENDING] Quant Golden Cross (EMA13 > EMA34), Di atas VWAP ($60939.65), & Tren 15m Bullish. Sinyal BUY.
[2026-07-03 00:12:27] Keputusan analis: Buy(0.0016427523361630888, "[Trending] Quant EMA13/34 Buy (Vol 0.1x)")
Max pyramiding (3 layer) tercapai. Tunggu siklus selesai (posisi aktif saat ini: 3).
[2026-07-03 00:12:27] Validasi gagal / keputusan WAIT. Tidak ada eksekusi.
[2026-07-03 00:13:27] Siklus Menit Baru. Harga BTC Terakhir (OKX): $61728.90
[ANALIS] State: BULLISH | EMA13/34: $61713.8/$61642.5 | VWAP Sesi: $60939.76 | Vol Surge: 0.2x | BB50: [$61153.16 - $61915.10] | Tren 15m: BULLISH
[DEBUG] EMA streak: 0 | EMA13: 61713.80 | EMA34: 61642.47 | Selisih: 71.33
[ANALIS-TRENDING] Quant Golden Cross (EMA13 > EMA34), Di atas VWAP ($60939.76), & Tren 15m Bullish. Sinyal BUY.
[2026-07-03 00:13:27] Keputusan analis: Buy(0.0016422014601008461, "[Trending] Quant EMA13/34 Buy (Vol 0.2x)")
Max pyramiding (3 layer) tercapai. Tunggu siklus selesai (posisi aktif saat ini: 3).
[2026-07-03 00:13:27] Validasi gagal / keputusan WAIT. Tidak ada eksekusi.
[2026-07-03 00:14:27] Siklus Menit Baru. Harga BTC Terakhir (OKX): $61792.20
[ANALIS] State: BULLISH | EMA13/34: $61729.7/$61653.6 | VWAP Sesi: $60940.03 | Vol Surge: 0.1x | BB50: [$61151.94 - $61930.12] | Tren 15m: BULLISH
[DEBUG] EMA streak: 0 | EMA13: 61729.67 | EMA34: 61653.57 | Selisih: 76.10
[ANALIS-TRENDING] Quant Golden Cross (EMA13 > EMA34), Di atas VWAP ($60940.03), & Tren 15m Bullish. Sinyal BUY.
[2026-07-03 00:14:27] Keputusan analis: Buy(0.001640519187056281, "[Trending] Quant EMA13/34 Buy (Vol 0.1x)")
Max pyramiding (3 layer) tercapai. Tunggu siklus selesai (posisi aktif saat ini: 3).
[2026-07-03 00:14:27] Validasi gagal / keputusan WAIT. Tidak ada eksekusi.
[2026-07-03 00:15:27] Siklus Menit Baru. Harga BTC Terakhir (OKX): $61769.00
[ANALIS] State: BULLISH | EMA13/34: $61734.8/$61658.0 | VWAP Sesi: $60940.08 | Vol Surge: 0.0x | BB50: [$61152.62 - $61940.24] | Tren 15m: BULLISH
[DEBUG] EMA streak: 0 | EMA13: 61734.82 | EMA34: 61658.03 | Selisih: 76.79
[ANALIS-TRENDING] Quant Golden Cross (EMA13 > EMA34), Di atas VWAP ($60940.08), & Tren 15m Bullish. Sinyal BUY.
[2026-07-03 00:15:27] Keputusan analis: Buy(0.0016411353544726177, "[Trending] Quant EMA13/34 Buy (Vol 0.0x)")
Max pyramiding (3 layer) tercapai. Tunggu siklus selesai (posisi aktif saat ini: 3).
[2026-07-03 00:15:27] Validasi gagal / keputusan WAIT. Tidak ada eksekusi.
[2026-07-03 00:16:28] Siklus Menit Baru. Harga BTC Terakhir (OKX): $61807.80
[ANALIS] State: BULLISH | EMA13/34: $61746.8/$61654.3 | VWAP Sesi: $60940.24 | Vol Surge: 0.1x | BB50: [$61153.41 - $61953.96] | Tren 15m: BULLISH
[DEBUG] EMA streak: 0 | EMA13: 61746.77 | EMA34: 61654.34 | Selisih: 92.43
[ANALIS-TRENDING] Quant Golden Cross (EMA13 > EMA34), Di atas VWAP ($60940.24), & Tren 15m Bullish. Sinyal BUY.
[2026-07-03 00:16:28] Keputusan analis: Buy(0.0016401051276767513, "[Trending] Quant EMA13/34 Buy (Vol 0.1x)")
Max pyramiding (3 layer) tercapai. Tunggu siklus selesai (posisi aktif saat ini: 3).
[2026-07-03 00:16:28] Validasi gagal / keputusan WAIT. Tidak ada eksekusi.
[2026-07-03 00:17:28] Siklus Menit Baru. Harga BTC Terakhir (OKX): $61821.00
[ANALIS] State: BULLISH | EMA13/34: $61757.7/$61663.4 | VWAP Sesi: $60940.29 | Vol Surge: 0.0x | BB50: [$61170.77 - $61961.03] | Tren 15m: BULLISH
[DEBUG] EMA streak: 0 | EMA13: 61757.65 | EMA34: 61663.38 | Selisih: 94.28
[ANALIS-TRENDING] Quant Golden Cross (EMA13 > EMA34), Di atas VWAP ($60940.29), & Tren 15m Bullish. Sinyal BUY.
[2026-07-03 00:17:28] Keputusan analis: Buy(0.0016397549329583655, "[Trending] Quant EMA13/34 Buy (Vol 0.0x)")
Max pyramiding (3 layer) tercapai. Tunggu siklus selesai (posisi aktif saat ini: 3).
[2026-07-03 00:17:28] Validasi gagal / keputusan WAIT. Tidak ada eksekusi.
[2026-07-03 00:18:28] Siklus Menit Baru. Harga BTC Terakhir (OKX): $61817.10
[ANALIS] State: BULLISH | EMA13/34: $61764.1/$61670.9 | VWAP Sesi: $60940.45 | Vol Surge: 0.3x | BB50: [$61191.52 - $61964.26] | Tren 15m: BULLISH
[DEBUG] EMA streak: 0 | EMA13: 61764.08 | EMA34: 61670.90 | Selisih: 93.19
[ANALIS-TRENDING] Quant Golden Cross (EMA13 > EMA34), Di atas VWAP ($60940.45), & Tren 15m Bullish. Sinyal BUY.
[2026-07-03 00:18:28] Keputusan analis: Buy(0.0016398583840137942, "[Trending] Quant EMA13/34 Buy (Vol 0.3x)")
Max pyramiding (3 layer) tercapai. Tunggu siklus selesai (posisi aktif saat ini: 3).
[2026-07-03 00:18:28] Validasi gagal / keputusan WAIT. Tidak ada eksekusi.
[2026-07-03 00:19:28] Siklus Menit Baru. Harga BTC Terakhir (OKX): $61802.40
[ANALIS] State: BULLISH | EMA13/34: $61769.3/$61680.5 | VWAP Sesi: $60940.49 | Vol Surge: 0.1x | BB50: [$61214.69 - $61965.32] | Tren 15m: BULLISH
[DEBUG] EMA streak: 0 | EMA13: 61769.30 | EMA34: 61680.52 | Selisih: 88.78
[ANALIS-TRENDING] Quant Golden Cross (EMA13 > EMA34), Di atas VWAP ($60940.49), & Tren 15m Bullish. Sinyal BUY.
[2026-07-03 00:19:28] Keputusan analis: Buy(0.0016402484322683118, "[Trending] Quant EMA13/34 Buy (Vol 0.1x)")
Max pyramiding (3 layer) tercapai. Tunggu siklus selesai (posisi aktif saat ini: 3).
[2026-07-03 00:19:28] Validasi gagal / keputusan WAIT. Tidak ada eksekusi.
[2026-07-03 00:20:28] Siklus Menit Baru. Harga BTC Terakhir (OKX): $61836.10
[ANALIS] State: BULLISH | EMA13/34: $61782.0/$61693.8 | VWAP Sesi: $60940.91 | Vol Surge: 1.1x | BB50: [$61233.71 - $61971.31] | Tren 15m: BULLISH
[DEBUG] EMA streak: 0 | EMA13: 61782.02 | EMA34: 61693.77 | Selisih: 88.25
[ANALIS-TRENDING] Quant Golden Cross (EMA13 > EMA34), Di atas VWAP ($60940.91), & Tren 15m Bullish. Sinyal BUY.
[2026-07-03 00:20:28] Keputusan analis: Buy(0.0016393545147643386, "[Trending] Quant EMA13/34 Buy (Vol 1.1x)")
Max pyramiding (3 layer) tercapai. Tunggu siklus selesai (posisi aktif saat ini: 3).
[2026-07-03 00:20:28] Validasi gagal / keputusan WAIT. Tidak ada eksekusi.
[2026-07-03 00:21:28] Siklus Menit Baru. Harga BTC Terakhir (OKX): $61869.80
[ANALIS] State: BULLISH | EMA13/34: $61798.8/$61705.8 | VWAP Sesi: $60941.58 | Vol Surge: 0.8x | BB50: [$61247.52 - $61981.99] | Tren 15m: BULLISH
[DEBUG] EMA streak: 0 | EMA13: 61798.85 | EMA34: 61705.77 | Selisih: 93.08
[ANALIS-TRENDING] Quant Golden Cross (EMA13 > EMA34), Di atas VWAP ($60941.58), & Tren 15m Bullish. Sinyal BUY.
[2026-07-03 00:21:28] Keputusan analis: Buy(0.0016384615710802219, "[Trending] Quant EMA13/34 Buy (Vol 0.8x)")
Max pyramiding (3 layer) tercapai. Tunggu siklus selesai (posisi aktif saat ini: 3).
[2026-07-03 00:21:28] Validasi gagal / keputusan WAIT. Tidak ada eksekusi.
[2026-07-03 00:22:29] Siklus Menit Baru. Harga BTC Terakhir (OKX): $61866.70
[ANALIS] State: BULLISH | EMA13/34: $61807.2/$61713.1 | VWAP Sesi: $60942.11 | Vol Surge: 0.1x | BB50: [$61264.36 - $61987.63] | Tren 15m: BULLISH
[DEBUG] EMA streak: 0 | EMA13: 61807.25 | EMA34: 61713.09 | Selisih: 94.16
[ANALIS-TRENDING] Quant Golden Cross (EMA13 > EMA34), Di atas VWAP ($60942.11), & Tren 15m Bullish. Sinyal BUY.
[2026-07-03 00:22:29] Keputusan analis: Buy(0.0016385436706729004, "[Trending] Quant EMA13/34 Buy (Vol 0.1x)")
Max pyramiding (3 layer) tercapai. Tunggu siklus selesai (posisi aktif saat ini: 3).
[2026-07-03 00:22:29] Validasi gagal / keputusan WAIT. Tidak ada eksekusi.
[2026-07-03 00:23:29] Siklus Menit Baru. Harga BTC Terakhir (OKX): $61928.20
[ANALIS] State: BULLISH | EMA13/34: $61821.4/$61724.0 | VWAP Sesi: $60944.34 | Vol Surge: 6.1x | BB50: [$61283.37 - $61994.05] | Tren 15m: BULLISH
[DEBUG] EMA streak: 0 | EMA13: 61821.44 | EMA34: 61723.99 | Selisih: 97.45
[ANALIS-TRENDING] Quant Golden Cross (EMA13 > EMA34), Di atas VWAP ($60944.34), & Tren 15m Bullish. Sinyal BUY.
[2026-07-03 00:23:29] Keputusan analis: Buy(0.0016369164566452622, "[Trending] Quant EMA13/34 Buy (Vol 6.1x)")
Max pyramiding (3 layer) tercapai. Tunggu siklus selesai (posisi aktif saat ini: 3).
[2026-07-03 00:23:29] Validasi gagal / keputusan WAIT. Tidak ada eksekusi.
[2026-07-03 00:24:29] Siklus Menit Baru. Harga BTC Terakhir (OKX): $61871.40
[ANALIS] State: BULLISH | EMA13/34: $61826.7/$61732.7 | VWAP Sesi: $60944.56 | Vol Surge: 0.4x | BB50: [$61306.52 - $61994.42] | Tren 15m: BULLISH
[DEBUG] EMA streak: 0 | EMA13: 61826.69 | EMA34: 61732.72 | Selisih: 93.97
[ANALIS-TRENDING] Quant Golden Cross (EMA13 > EMA34), Di atas VWAP ($60944.56), & Tren 15m Bullish. Sinyal BUY.
[2026-07-03 00:24:29] Keputusan analis: Buy(0.001638419200315802, "[Trending] Quant EMA13/34 Buy (Vol 0.4x)")
Max pyramiding (3 layer) tercapai. Tunggu siklus selesai (posisi aktif saat ini: 3).
[2026-07-03 00:24:29] Validasi gagal / keputusan WAIT. Tidak ada eksekusi.
[2026-07-03 00:25:29] Siklus Menit Baru. Harga BTC Terakhir (OKX): $61856.20
[ANALIS] State: BULLISH | EMA13/34: $61829.6/$61738.9 | VWAP Sesi: $60944.65 | Vol Surge: 0.1x | BB50: [$61329.36 - $61993.84] | Tren 15m: BULLISH
[DEBUG] EMA streak: 0 | EMA13: 61829.62 | EMA34: 61738.93 | Selisih: 90.69
[ANALIS-TRENDING] Quant Golden Cross (EMA13 > EMA34), Di atas VWAP ($60944.65), & Tren 15m Bullish. Sinyal BUY.
[2026-07-03 00:25:29] Keputusan analis: Buy(0.001638821811078261, "[Trending] Quant EMA13/34 Buy (Vol 0.1x)")
Max pyramiding (3 layer) tercapai. Tunggu siklus selesai (posisi aktif saat ini: 3).
[2026-07-03 00:25:29] Validasi gagal / keputusan WAIT. Tidak ada eksekusi.
[2026-07-03 00:26:29] Siklus Menit Baru. Harga BTC Terakhir (OKX): $61865.20
[ANALIS] State: BULLISH | EMA13/34: $61833.5/$61746.1 | VWAP Sesi: $60944.72 | Vol Surge: 0.1x | BB50: [$61354.50 - $61991.56] | Tren 15m: BULLISH
[DEBUG] EMA streak: 0 | EMA13: 61833.48 | EMA34: 61746.11 | Selisih: 87.37
[ANALIS-TRENDING] Quant Golden Cross (EMA13 > EMA34), Di atas VWAP ($60944.72), & Tren 15m Bullish. Sinyal BUY.
[2026-07-03 00:26:29] Keputusan analis: Buy(0.0016385833992360668, "[Trending] Quant EMA13/34 Buy (Vol 0.1x)")
Max pyramiding (3 layer) tercapai. Tunggu siklus selesai (posisi aktif saat ini: 3).
[2026-07-03 00:26:29] Validasi gagal / keputusan WAIT. Tidak ada eksekusi.
[2026-07-03 00:27:29] Siklus Menit Baru. Harga BTC Terakhir (OKX): $61851.30
[ANALIS] State: BULLISH | EMA13/34: $61831.7/$61750.7 | VWAP Sesi: $60944.77 | Vol Surge: 0.1x | BB50: [$61381.73 - $61985.22] | Tren 15m: BULLISH
[DEBUG] EMA streak: 0 | EMA13: 61831.67 | EMA34: 61750.67 | Selisih: 81.00
[ANALIS-TRENDING] Quant Golden Cross (EMA13 > EMA34), Di atas VWAP ($60944.77), & Tren 15m Bullish. Sinyal BUY.
[2026-07-03 00:27:29] Keputusan analis: Buy(0.0016389516422519674, "[Trending] Quant EMA13/34 Buy (Vol 0.1x)")
Max pyramiding (3 layer) tercapai. Tunggu siklus selesai (posisi aktif saat ini: 3).
[2026-07-03 00:27:29] Validasi gagal / keputusan WAIT. Tidak ada eksekusi.
[2026-07-03 00:28:30] Siklus Menit Baru. Harga BTC Terakhir (OKX): $61896.10
[ANALIS] State: BULLISH | EMA13/34: $61844.2/$61763.0 | VWAP Sesi: $60945.16 | Vol Surge: 1.0x | BB50: [$61407.45 - $61984.34] | Tren 15m: BULLISH
[DEBUG] EMA streak: 0 | EMA13: 61844.20 | EMA34: 61762.96 | Selisih: 81.24
[ANALIS-TRENDING] Quant Golden Cross (EMA13 > EMA34), Di atas VWAP ($60945.16), & Tren 15m Bullish. Sinyal BUY.
[2026-07-03 00:28:30] Keputusan analis: Buy(0.0016377653795702656, "[Trending] Quant EMA13/34 Buy (Vol 1.0x)")
Max pyramiding (3 layer) tercapai. Tunggu siklus selesai (posisi aktif saat ini: 3).
[2026-07-03 00:28:30] Validasi gagal / keputusan WAIT. Tidak ada eksekusi.
[2026-07-03 00:29:30] Siklus Menit Baru. Harga BTC Terakhir (OKX): $61879.30
[ANALIS] State: BULLISH | EMA13/34: $61847.8/$61771.4 | VWAP Sesi: $60945.36 | Vol Surge: 0.0x | BB50: [$61431.41 - $61981.07] | Tren 15m: BULLISH
[DEBUG] EMA streak: 0 | EMA13: 61847.79 | EMA34: 61771.42 | Selisih: 76.37
[ANALIS-TRENDING] Quant Golden Cross (EMA13 > EMA34), Di atas VWAP ($60945.36), & Tren 15m Bullish. Sinyal BUY.
[2026-07-03 00:29:30] Keputusan analis: Buy(0.00163821002678471, "[Trending] Quant EMA13/34 Buy (Vol 0.0x)")
Max pyramiding (3 layer) tercapai. Tunggu siklus selesai (posisi aktif saat ini: 3).
[2026-07-03 00:29:30] Validasi gagal / keputusan WAIT. Tidak ada eksekusi.
[2026-07-03 00:30:30] Siklus Menit Baru. Harga BTC Terakhir (OKX): $61840.70
[ANALIS] State: BULLISH | EMA13/34: $61845.6/$61775.1 | VWAP Sesi: $60945.66 | Vol Surge: 0.8x | BB50: [$61452.74 - $61977.14] | Tren 15m: BULLISH
[DEBUG] EMA streak: 0 | EMA13: 61845.64 | EMA34: 61775.05 | Selisih: 70.59
[ANALIS-TRENDING] Quant Golden Cross (EMA13 > EMA34), Di atas VWAP ($60945.66), & Tren 15m Bullish. Sinyal BUY.
[2026-07-03 00:30:30] Keputusan analis: Buy(0.0016392325719213903, "[Trending] Quant EMA13/34 Buy (Vol 0.8x)")
Max pyramiding (3 layer) tercapai. Tunggu siklus selesai (posisi aktif saat ini: 3).
[2026-07-03 00:30:30] Validasi gagal / keputusan WAIT. Tidak ada eksekusi.
[2026-07-03 00:31:30] Siklus Menit Baru. Harga BTC Terakhir (OKX): $61815.60
[ANALIS] State: BULLISH | EMA13/34: $61838.6/$61775.7 | VWAP Sesi: $60945.70 | Vol Surge: 0.1x | BB50: [$61475.92 - $61969.66] | Tren 15m: BULLISH
[DEBUG] EMA streak: 0 | EMA13: 61838.57 | EMA34: 61775.73 | Selisih: 62.84
[ANALIS-TRENDING] Quant Golden Cross (EMA13 > EMA34), Di atas VWAP ($60945.70), & Tren 15m Bullish. Sinyal BUY.
[2026-07-03 00:31:30] Keputusan analis: Buy(0.0016398981763570866, "[Trending] Quant EMA13/34 Buy (Vol 0.1x)")
Max pyramiding (3 layer) tercapai. Tunggu siklus selesai (posisi aktif saat ini: 3).
[2026-07-03 00:31:30] Validasi gagal / keputusan WAIT. Tidak ada eksekusi.
[2026-07-03 00:32:30] Siklus Menit Baru. Harga BTC Terakhir (OKX): $61808.70
[ANALIS] State: BULLISH | EMA13/34: $61833.5/$61778.3 | VWAP Sesi: $60945.76 | Vol Surge: 0.2x | BB50: [$61502.02 - $61959.96] | Tren 15m: BULLISH
[DEBUG] EMA streak: 0 | EMA13: 61833.55 | EMA34: 61778.31 | Selisih: 55.24
[ANALIS-TRENDING] Quant Golden Cross (EMA13 > EMA34), Di atas VWAP ($60945.76), & Tren 15m Bullish. Sinyal BUY.
[2026-07-03 00:32:30] Keputusan analis: Buy(0.0016400812460126023, "[Trending] Quant EMA13/34 Buy (Vol 0.2x)")
Max pyramiding (3 layer) tercapai. Tunggu siklus selesai (posisi aktif saat ini: 3).
[2026-07-03 00:32:30] Validasi gagal / keputusan WAIT. Tidak ada eksekusi.
[2026-07-03 00:33:30] Siklus Menit Baru. Harga BTC Terakhir (OKX): $61804.10
[ANALIS] State: BULLISH | EMA13/34: $61831.5/$61782.0 | VWAP Sesi: $60945.88 | Vol Surge: 0.1x | BB50: [$61527.80 - $61950.58] | Tren 15m: BEARISH
[DEBUG] EMA streak: 0 | EMA13: 61831.50 | EMA34: 61781.98 | Selisih: 49.51
[ANALIS-TRENDING] Menunggu konfirmasi streak 2 menit. Saat ini: 1 menit.
[2026-07-03 00:33:30] Keputusan analis: Wait
[2026-07-03 00:33:30] Validasi gagal / keputusan WAIT. Tidak ada eksekusi.
[2026-07-03 00:34:30] Siklus Menit Baru. Harga BTC Terakhir (OKX): $61782.80
[ANALIS] State: BULLISH | EMA13/34: $61824.0/$61782.8 | VWAP Sesi: $60945.96 | Vol Surge: 0.1x | BB50: [$61553.07 - $61939.01] | Tren 15m: BEARISH
[DEBUG] EMA streak: 1 | EMA13: 61824.00 | EMA34: 61782.81 | Selisih: 41.19
[ANALIS-TRENDING] Sinyal melemah/Death Cross terkonfirmasi 2 menit berturut. Sinyal SELL.
[2026-07-03 00:34:30] Keputusan analis: Sell(0.007840858034218575, "[Trending] Quant EMA13/34 Sell Confirmed (2m streak)")
[2026-07-03 00:34:30] Mengeksekusi transaksi...
[2026-07-03 00:34:30] Eksekusi sukses. Saldo: $990.80, BTC: 0.0000
[2026-07-03 00:35:31] Siklus Menit Baru. Harga BTC Terakhir (OKX): $61708.50
[ANALIS] State: BULLISH | EMA13/34: $61805.5/$61781.3 | VWAP Sesi: $60946.14 | Vol Surge: 0.3x | BB50: [$61576.39 - $61925.18] | Tren 15m: BEARISH
[DEBUG] EMA streak: 0 | EMA13: 61805.53 | EMA34: 61781.31 | Selisih: 24.22
[2026-07-03 00:35:31] Keputusan analis: Wait
[2026-07-03 00:35:31] Validasi gagal / keputusan WAIT. Tidak ada eksekusi.
[2026-07-03 00:36:31] Siklus Menit Baru. Harga BTC Terakhir (OKX): $61661.50
[ANALIS] State: BULLISH | EMA13/34: $61782.8/$61776.2 | VWAP Sesi: $60946.30 | Vol Surge: 0.4x | BB50: [$61588.72 - $61917.65] | Tren 15m: BEARISH
[DEBUG] EMA streak: 0 | EMA13: 61782.83 | EMA34: 61776.17 | Selisih: 6.66
[2026-07-03 00:36:31] Keputusan analis: Wait
[2026-07-03 00:36:31] Validasi gagal / keputusan WAIT. Tidak ada eksekusi.
[2026-07-03 00:37:31] Siklus Menit Baru. Harga BTC Terakhir (OKX): $61648.20
[ANALIS] State: BEARISH | EMA13/34: $61766.3/$61774.3 | VWAP Sesi: $60946.50 | Vol Surge: 0.7x | BB50: [$61596.78 - $61913.34] | Tren 15m: BEARISH
[DEBUG] EMA streak: 0 | EMA13: 61766.28 | EMA34: 61774.27 | Selisih: -7.99
[2026-07-03 00:37:31] Keputusan analis: Wait
[2026-07-03 00:37:31] Validasi gagal / keputusan WAIT. Tidak ada eksekusi.
[2026-07-03 00:38:31] Siklus Menit Baru. Harga BTC Terakhir (OKX): $61702.50
[ANALIS] State: BEARISH | EMA13/34: $61759.5/$61777.5 | VWAP Sesi: $60946.76 | Vol Surge: 0.0x | BB50: [$61600.72 - $61912.01] | Tren 15m: BEARISH
[DEBUG] EMA streak: 0 | EMA13: 61759.47 | EMA34: 61777.45 | Selisih: -17.98
[2026-07-03 00:38:31] Keputusan analis: Wait
[2026-07-03 00:38:31] Validasi gagal / keputusan WAIT. Tidak ada eksekusi.
[2026-07-03 00:39:31] Siklus Menit Baru. Harga BTC Terakhir (OKX): $61697.20
[ANALIS] State: BEARISH | EMA13/34: $61750.7/$61766.6 | VWAP Sesi: $60946.81 | Vol Surge: 0.1x | BB50: [$61598.45 - $61911.22] | Tren 15m: BEARISH
[DEBUG] EMA streak: 0 | EMA13: 61750.70 | EMA34: 61766.63 | Selisih: -15.94
[2026-07-03 00:39:31] Keputusan analis: Wait
[2026-07-03 00:39:31] Validasi gagal / keputusan WAIT. Tidak ada eksekusi.
[2026-07-03 00:40:31] Siklus Menit Baru. Harga BTC Terakhir (OKX): $61719.90
[ANALIS] State: BEARISH | EMA13/34: $61748.3/$61767.9 | VWAP Sesi: $60947.05 | Vol Surge: 0.8x | BB50: [$61602.73 - $61910.15] | Tren 15m: BEARISH
[DEBUG] EMA streak: 0 | EMA13: 61748.28 | EMA34: 61767.91 | Selisih: -19.63
[2026-07-03 00:40:31] Keputusan analis: Wait
[2026-07-03 00:40:31] Validasi gagal / keputusan WAIT. Tidak ada eksekusi.
[2026-07-03 00:41:32] Siklus Menit Baru. Harga BTC Terakhir (OKX): $61797.00
[ANALIS] State: BEARISH | EMA13/34: $61756.9/$61770.8 | VWAP Sesi: $60947.27 | Vol Surge: 0.8x | BB50: [$61604.96 - $61911.78] | Tren 15m: BEARISH
[DEBUG] EMA streak: 0 | EMA13: 61756.90 | EMA34: 61770.80 | Selisih: -13.90
[2026-07-03 00:41:32] Keputusan analis: Wait
[2026-07-03 00:41:32] Validasi gagal / keputusan WAIT. Tidak ada eksekusi.
[2026-07-03 00:42:32] Siklus Menit Baru. Harga BTC Terakhir (OKX): $61808.80
[ANALIS] State: BEARISH | EMA13/34: $61763.5/$61769.9 | VWAP Sesi: $60947.33 | Vol Surge: 0.1x | BB50: [$61606.36 - $61913.55] | Tren 15m: BEARISH
[DEBUG] EMA streak: 0 | EMA13: 61763.48 | EMA34: 61769.94 | Selisih: -6.46
[2026-07-03 00:42:32] Keputusan analis: Wait
[2026-07-03 00:42:32] Validasi gagal / keputusan WAIT. Tidak ada eksekusi.
[2026-07-03 00:43:32] Siklus Menit Baru. Harga BTC Terakhir (OKX): $61781.20
[ANALIS] State: BEARISH | EMA13/34: $61764.4/$61770.7 | VWAP Sesi: $60947.35 | Vol Surge: 0.1x | BB50: [$61610.48 - $61913.23] | Tren 15m: BEARISH
[DEBUG] EMA streak: 0 | EMA13: 61764.35 | EMA34: 61770.66 | Selisih: -6.31
[2026-07-03 00:43:32] Keputusan analis: Wait
[2026-07-03 00:43:32] Validasi gagal / keputusan WAIT. Tidak ada eksekusi.
[2026-07-03 00:44:32] Siklus Menit Baru. Harga BTC Terakhir (OKX): $61781.90
[ANALIS] State: BEARISH | EMA13/34: $61766.5/$61770.2 | VWAP Sesi: $60947.36 | Vol Surge: 0.0x | BB50: [$61613.71 - $61913.63] | Tren 15m: BEARISH
[DEBUG] EMA streak: 0 | EMA13: 61766.46 | EMA34: 61770.19 | Selisih: -3.73
[2026-07-03 00:44:32] Keputusan analis: Wait
[2026-07-03 00:44:32] Validasi gagal / keputusan WAIT. Tidak ada eksekusi.
[2026-07-03 00:45:32] Siklus Menit Baru. Harga BTC Terakhir (OKX): $61772.60
[ANALIS] State: BEARISH | EMA13/34: $61766.8/$61768.4 | VWAP Sesi: $60947.40 | Vol Surge: 0.1x | BB50: [$61618.10 - $61913.18] | Tren 15m: BEARISH
[DEBUG] EMA streak: 0 | EMA13: 61766.83 | EMA34: 61768.41 | Selisih: -1.58
[2026-07-03 00:45:32] Keputusan analis: Wait
[2026-07-03 00:45:32] Validasi gagal / keputusan WAIT. Tidak ada eksekusi.
[2026-07-03 00:46:32] Siklus Menit Baru. Harga BTC Terakhir (OKX): $61724.10
[ANALIS] State: BEARISH | EMA13/34: $61754.9/$61763.1 | VWAP Sesi: $60947.49 | Vol Surge: 0.2x | BB50: [$61622.45 - $61910.37] | Tren 15m: BEARISH
[DEBUG] EMA streak: 0 | EMA13: 61754.87 | EMA34: 61763.08 | Selisih: -8.21
[2026-07-03 00:46:32] Keputusan analis: Wait
[2026-07-03 00:46:32] Validasi gagal / keputusan WAIT. Tidak ada eksekusi.
[2026-07-03 00:47:33] Siklus Menit Baru. Harga BTC Terakhir (OKX): $61715.50
[ANALIS] State: BEARISH | EMA13/34: $61747.0/$61759.8 | VWAP Sesi: $60947.64 | Vol Surge: 0.6x | BB50: [$61627.42 - $61907.92] | Tren 15m: BEARISH
[DEBUG] EMA streak: 0 | EMA13: 61746.97 | EMA34: 61759.76 | Selisih: -12.79
[2026-07-03 00:47:33] Keputusan analis: Wait
[2026-07-03 00:47:33] Validasi gagal / keputusan WAIT. Tidak ada eksekusi.
[2026-07-03 00:48:33] Siklus Menit Baru. Harga BTC Terakhir (OKX): $61664.40
[ANALIS] State: BEARISH | EMA13/34: $61730.9/$61754.4 | VWAP Sesi: $60947.97 | Vol Surge: 1.5x | BB50: [$61627.30 - $61907.57] | Tren 15m: BEARISH
[DEBUG] EMA streak: 0 | EMA13: 61730.90 | EMA34: 61754.41 | Selisih: -23.51
[2026-07-03 00:48:33] Keputusan analis: Wait
[2026-07-03 00:48:33] Validasi gagal / keputusan WAIT. Tidak ada eksekusi.
[2026-07-03 00:49:33] Siklus Menit Baru. Harga BTC Terakhir (OKX): $61648.40
[ANALIS] State: BEARISH | EMA13/34: $61721.8/$61749.3 | VWAP Sesi: $60948.07 | Vol Surge: 0.4x | BB50: [$61626.47 - $61908.05] | Tren 15m: BEARISH
[DEBUG] EMA streak: 0 | EMA13: 61721.79 | EMA34: 61749.27 | Selisih: -27.47
[2026-07-03 00:49:33] Keputusan analis: Wait
[2026-07-03 00:49:33] Validasi gagal / keputusan WAIT. Tidak ada eksekusi.
[2026-07-03 00:50:33] Siklus Menit Baru. Harga BTC Terakhir (OKX): $61658.20
[ANALIS] State: BEARISH | EMA13/34: $61715.1/$61744.2 | VWAP Sesi: $60948.18 | Vol Surge: 0.0x | BB50: [$61626.88 - $61907.80] | Tren 15m: BEARISH
[DEBUG] EMA streak: 0 | EMA13: 61715.14 | EMA34: 61744.19 | Selisih: -29.05
[2026-07-03 00:50:33] Keputusan analis: Wait
[2026-07-03 00:50:33] Validasi gagal / keputusan WAIT. Tidak ada eksekusi.
[2026-07-03 00:51:33] Siklus Menit Baru. Harga BTC Terakhir (OKX): $61684.00
[ANALIS] State: BEARISH | EMA13/34: $61713.9/$61742.2 | VWAP Sesi: $60948.23 | Vol Surge: 0.1x | BB50: [$61630.98 - $61905.86] | Tren 15m: BULLISH
[DEBUG] EMA streak: 0 | EMA13: 61713.90 | EMA34: 61742.15 | Selisih: -28.25
[2026-07-03 00:51:33] Keputusan analis: Wait
[2026-07-03 00:51:33] Validasi gagal / keputusan WAIT. Tidak ada eksekusi.
[2026-07-03 00:52:33] Siklus Menit Baru. Harga BTC Terakhir (OKX): $61686.90
[ANALIS] State: BEARISH | EMA13/34: $61711.3/$61740.0 | VWAP Sesi: $60948.26 | Vol Surge: 0.0x | BB50: [$61634.03 - $61904.45] | Tren 15m: BULLISH
[DEBUG] EMA streak: 0 | EMA13: 61711.31 | EMA34: 61739.95 | Selisih: -28.64
[2026-07-03 00:52:33] Keputusan analis: Wait
[2026-07-03 00:52:33] Validasi gagal / keputusan WAIT. Tidak ada eksekusi.
[2026-07-03 00:53:33] Siklus Menit Baru. Harga BTC Terakhir (OKX): $61682.30
[ANALIS] State: BEARISH | EMA13/34: $61706.9/$61738.2 | VWAP Sesi: $60948.58 | Vol Surge: 1.4x | BB50: [$61635.32 - $61903.82] | Tren 15m: BEARISH
[DEBUG] EMA streak: 0 | EMA13: 61706.93 | EMA34: 61738.21 | Selisih: -31.28
[2026-07-03 00:53:33] Keputusan analis: Wait
[2026-07-03 00:53:33] Validasi gagal / keputusan WAIT. Tidak ada eksekusi.
[2026-07-03 00:54:34] Siklus Menit Baru. Harga BTC Terakhir (OKX): $61723.70
[ANALIS] State: BEARISH | EMA13/34: $61709.9/$61741.8 | VWAP Sesi: $60948.65 | Vol Surge: 0.2x | BB50: [$61637.25 - $61903.21] | Tren 15m: BULLISH
[DEBUG] EMA streak: 0 | EMA13: 61709.95 | EMA34: 61741.82 | Selisih: -31.87
[2026-07-03 00:54:34] Keputusan analis: Wait
[2026-07-03 00:54:34] Validasi gagal / keputusan WAIT. Tidak ada eksekusi.
[2026-07-03 00:55:34] Siklus Menit Baru. Harga BTC Terakhir (OKX): $61695.30
[ANALIS] State: BEARISH | EMA13/34: $61708.2/$61740.8 | VWAP Sesi: $60948.67 | Vol Surge: 0.0x | BB50: [$61634.14 - $61903.25] | Tren 15m: BEARISH
[DEBUG] EMA streak: 0 | EMA13: 61708.16 | EMA34: 61740.84 | Selisih: -32.68
[2026-07-03 00:55:34] Keputusan analis: Wait
[2026-07-03 00:55:34] Validasi gagal / keputusan WAIT. Tidak ada eksekusi.
[2026-07-03 00:56:34] Siklus Menit Baru. Harga BTC Terakhir (OKX): $61676.20
[ANALIS] State: BEARISH | EMA13/34: $61703.2/$61735.6 | VWAP Sesi: $60948.68 | Vol Surge: 0.0x | BB50: [$61629.33 - $61902.82] | Tren 15m: BEARISH
[DEBUG] EMA streak: 0 | EMA13: 61703.20 | EMA34: 61735.61 | Selisih: -32.41
[2026-07-03 00:56:34] Keputusan analis: Wait
[2026-07-03 00:56:34] Validasi gagal / keputusan WAIT. Tidak ada eksekusi.
[2026-07-03 00:57:34] Siklus Menit Baru. Harga BTC Terakhir (OKX): $61683.40
[ANALIS] State: BEARISH | EMA13/34: $61700.4/$61731.4 | VWAP Sesi: $60948.81 | Vol Surge: 0.2x | BB50: [$61625.54 - $61902.83] | Tren 15m: BEARISH
[DEBUG] EMA streak: 0 | EMA13: 61700.35 | EMA34: 61731.39 | Selisih: -31.03
[2026-07-03 00:57:34] Keputusan analis: Wait
[2026-07-03 00:57:34] Validasi gagal / keputusan WAIT. Tidak ada eksekusi.
[2026-07-03 00:58:34] Siklus Menit Baru. Harga BTC Terakhir (OKX): $61656.50
[ANALIS] State: BEARISH | EMA13/34: $61694.1/$61725.9 | VWAP Sesi: $60948.88 | Vol Surge: 0.2x | BB50: [$61620.34 - $61904.10] | Tren 15m: BEARISH
[DEBUG] EMA streak: 0 | EMA13: 61694.05 | EMA34: 61725.91 | Selisih: -31.86
[2026-07-03 00:58:34] Keputusan analis: Wait
[2026-07-03 00:58:34] Validasi gagal / keputusan WAIT. Tidak ada eksekusi.
[2026-07-03 00:59:34] Siklus Menit Baru. Harga BTC Terakhir (OKX): $61666.90
[ANALIS] State: BEARISH | EMA13/34: $61690.0/$61721.4 | VWAP Sesi: $60948.88 | Vol Surge: 0.0x | BB50: [$61616.65 - $61905.11] | Tren 15m: BEARISH
[DEBUG] EMA streak: 0 | EMA13: 61689.98 | EMA34: 61721.39 | Selisih: -31.40
[2026-07-03 00:59:34] Keputusan analis: Wait
[2026-07-03 00:59:34] Validasi gagal / keputusan WAIT. Tidak ada eksekusi.
[2026-07-03 01:00:34] Siklus Menit Baru. Harga BTC Terakhir (OKX): $61683.70
[ANALIS] State: BEARISH | EMA13/34: $61688.8/$61719.3 | VWAP Sesi: $60948.94 | Vol Surge: 0.3x | BB50: [$61614.92 - $61905.61] | Tren 15m: BEARISH
[DEBUG] EMA streak: 0 | EMA13: 61688.75 | EMA34: 61719.27 | Selisih: -30.51
[2026-07-03 01:00:34] Keputusan analis: Wait
[2026-07-03 01:00:34] Validasi gagal / keputusan WAIT. Tidak ada eksekusi.
[2026-07-03 01:01:35] Siklus Menit Baru. Harga BTC Terakhir (OKX): $61705.00
[ANALIS] State: BEARISH | EMA13/34: $61692.0/$61718.2 | VWAP Sesi: $60949.02 | Vol Surge: 0.2x | BB50: [$61614.92 - $61905.53] | Tren 15m: BEARISH
[DEBUG] EMA streak: 0 | EMA13: 61692.02 | EMA34: 61718.20 | Selisih: -26.19
[2026-07-03 01:01:35] Keputusan analis: Wait
[2026-07-03 01:01:35] Validasi gagal / keputusan WAIT. Tidak ada eksekusi.
[2026-07-03 01:02:35] Siklus Menit Baru. Harga BTC Terakhir (OKX): $61719.50
[ANALIS] State: BEARISH | EMA13/34: $61698.1/$61722.6 | VWAP Sesi: $60949.05 | Vol Surge: 0.1x | BB50: [$61616.53 - $61905.29] | Tren 15m: BULLISH
[DEBUG] EMA streak: 0 | EMA13: 61698.15 | EMA34: 61722.63 | Selisih: -24.48
[2026-07-03 01:02:35] Keputusan analis: Wait
[2026-07-03 01:02:35] Validasi gagal / keputusan WAIT. Tidak ada eksekusi.
[2026-07-03 01:03:35] Siklus Menit Baru. Harga BTC Terakhir (OKX): $61719.40
[ANALIS] State: BEARISH | EMA13/34: $61699.1/$61722.5 | VWAP Sesi: $60949.07 | Vol Surge: 0.1x | BB50: [$61614.36 - $61904.89] | Tren 15m: BULLISH
[DEBUG] EMA streak: 0 | EMA13: 61699.13 | EMA34: 61722.48 | Selisih: -23.35
[2026-07-03 01:03:35] Keputusan analis: Wait
[2026-07-03 01:03:35] Validasi gagal / keputusan WAIT. Tidak ada eksekusi.
[2026-07-03 01:04:35] Siklus Menit Baru. Harga BTC Terakhir (OKX): $61730.70
[ANALIS] State: BEARISH | EMA13/34: $61703.3/$61722.9 | VWAP Sesi: $60949.11 | Vol Surge: 0.2x | BB50: [$61613.13 - $61903.85] | Tren 15m: BULLISH
[DEBUG] EMA streak: 0 | EMA13: 61703.35 | EMA34: 61722.85 | Selisih: -19.51
[2026-07-03 01:04:35] Keputusan analis: Wait
[2026-07-03 01:04:35] Validasi gagal / keputusan WAIT. Tidak ada eksekusi.
[2026-07-03 01:05:35] Siklus Menit Baru. Harga BTC Terakhir (OKX): $61762.00
[ANALIS] State: BEARISH | EMA13/34: $61713.1/$61727.0 | VWAP Sesi: $60949.16 | Vol Surge: 0.2x | BB50: [$61613.21 - $61903.27] | Tren 15m: BULLISH
[DEBUG] EMA streak: 0 | EMA13: 61713.07 | EMA34: 61726.98 | Selisih: -13.90
[2026-07-03 01:05:35] Keputusan analis: Wait
[2026-07-03 01:05:35] Validasi gagal / keputusan WAIT. Tidak ada eksekusi.
[2026-07-03 01:06:35] Siklus Menit Baru. Harga BTC Terakhir (OKX): $61793.60
[ANALIS] State: BEARISH | EMA13/34: $61723.8/$61730.1 | VWAP Sesi: $60949.30 | Vol Surge: 0.8x | BB50: [$61612.60 - $61902.87] | Tren 15m: BULLISH
[DEBUG] EMA streak: 0 | EMA13: 61723.84 | EMA34: 61730.06 | Selisih: -6.22
[2026-07-03 01:06:35] Keputusan analis: Wait
[2026-07-03 01:06:35] Validasi gagal / keputusan WAIT. Tidak ada eksekusi.
[2026-07-03 01:07:36] Siklus Menit Baru. Harga BTC Terakhir (OKX): $61774.30
[ANALIS] State: BEARISH | EMA13/34: $61727.8/$61731.7 | VWAP Sesi: $60949.42 | Vol Surge: 0.2x | BB50: [$61612.58 - $61900.63] | Tren 15m: BULLISH
[DEBUG] EMA streak: 0 | EMA13: 61727.81 | EMA34: 61731.71 | Selisih: -3.90
[2026-07-03 01:07:36] Keputusan analis: Wait
[2026-07-03 01:07:36] Validasi gagal / keputusan WAIT. Tidak ada eksekusi.
[2026-07-03 01:08:36] Siklus Menit Baru. Harga BTC Terakhir (OKX): $61820.20
[ANALIS] State: BULLISH | EMA13/34: $61742.0/$61737.9 | VWAP Sesi: $60949.49 | Vol Surge: 0.2x | BB50: [$61612.57 - $61901.17] | Tren 15m: BULLISH
[DEBUG] EMA streak: 0 | EMA13: 61741.97 | EMA34: 61737.90 | Selisih: 4.07
[ANALIS-TRENDING] Quant Golden Cross (EMA13 > EMA34), Di atas VWAP ($60949.49), & Tren 15m Bullish. Sinyal BUY.
[2026-07-03 01:08:36] Keputusan analis: Buy(0.003205431823723827, "[Trending] Quant EMA13/34 Buy (Vol 0.2x)")
[2026-07-03 01:08:36] Mengeksekusi transaksi...
[2026-07-03 01:08:36] Eksekusi sukses. Saldo: $792.44, BTC: 0.0032
[2026-07-03 01:09:36] Siklus Menit Baru. Harga BTC Terakhir (OKX): $61808.90
[ANALIS] State: BULLISH | EMA13/34: $61750.6/$61743.8 | VWAP Sesi: $60949.59 | Vol Surge: 0.4x | BB50: [$61612.95 - $61899.71] | Tren 15m: BULLISH
[DEBUG] EMA streak: 0 | EMA13: 61750.61 | EMA34: 61743.80 | Selisih: 6.80
[ANALIS-TRENDING] Quant Golden Cross (EMA13 > EMA34), Di atas VWAP ($60949.59), & Tren 15m Bullish. Sinyal BUY.
[2026-07-03 01:09:36] Keputusan analis: Buy(0.0025641730730670107, "[Trending] Quant EMA13/34 Buy (Vol 0.4x)")
Mencegah transaksi berulang (Cool-down aktif). Aksi terakhir BUY pada 01:08:36 (1 menit lalu)
[2026-07-03 01:09:36] Validasi gagal / keputusan WAIT. Tidak ada eksekusi.
[2026-07-03 01:10:36] Siklus Menit Baru. Harga BTC Terakhir (OKX): $61808.80
[ANALIS] State: BULLISH | EMA13/34: $61761.2/$61747.9 | VWAP Sesi: $60949.61 | Vol Surge: 0.0x | BB50: [$61614.37 - $61896.54] | Tren 15m: BULLISH
[DEBUG] EMA streak: 0 | EMA13: 61761.18 | EMA34: 61747.89 | Selisih: 13.29
[ANALIS-TRENDING] Quant Golden Cross (EMA13 > EMA34), Di atas VWAP ($60949.61), & Tren 15m Bullish. Sinyal BUY.
[2026-07-03 01:10:36] Keputusan analis: Buy(0.002564177221623645, "[Trending] Quant EMA13/34 Buy (Vol 0.0x)")
Mencegah transaksi berulang (Cool-down aktif). Aksi terakhir BUY pada 01:08:36 (2 menit lalu)
[2026-07-03 01:10:36] Validasi gagal / keputusan WAIT. Tidak ada eksekusi.
[2026-07-03 01:11:36] Siklus Menit Baru. Harga BTC Terakhir (OKX): $61780.90
[ANALIS] State: BULLISH | EMA13/34: $61763.5/$61749.2 | VWAP Sesi: $60950.19 | Vol Surge: 3.4x | BB50: [$61615.85 - $61891.73] | Tren 15m: BULLISH
[DEBUG] EMA streak: 0 | EMA13: 61763.51 | EMA34: 61749.18 | Selisih: 14.33
[ANALIS-TRENDING] Quant Golden Cross (EMA13 > EMA34), Di atas VWAP ($60950.19), & Tren 15m Bullish. Sinyal BUY.
[2026-07-03 01:11:36] Keputusan analis: Buy(0.002565335193496559, "[Trending] Quant EMA13/34 Buy (Vol 3.4x)")
Mencegah transaksi berulang (Cool-down aktif). Aksi terakhir BUY pada 01:08:36 (3 menit lalu)
[2026-07-03 01:11:36] Validasi gagal / keputusan WAIT. Tidak ada eksekusi.
[2026-07-03 01:12:37] Siklus Menit Baru. Harga BTC Terakhir (OKX): $61800.20
[ANALIS] State: BULLISH | EMA13/34: $61770.1/$61755.2 | VWAP Sesi: $60950.20 | Vol Surge: 0.0x | BB50: [$61617.01 - $61888.90] | Tren 15m: BULLISH
[DEBUG] EMA streak: 0 | EMA13: 61770.12 | EMA34: 61755.19 | Selisih: 14.93
[ANALIS-TRENDING] Quant Golden Cross (EMA13 > EMA34), Di atas VWAP ($60950.20), & Tren 15m Bullish. Sinyal BUY.
[2026-07-03 01:12:37] Keputusan analis: Buy(0.0025645340477197737, "[Trending] Quant EMA13/34 Buy (Vol 0.0x)")
Mencegah transaksi berulang (Cool-down aktif). Aksi terakhir BUY pada 01:08:36 (4 menit lalu)
[2026-07-03 01:12:37] Validasi gagal / keputusan WAIT. Tidak ada eksekusi.
[2026-07-03 01:13:37] Siklus Menit Baru. Harga BTC Terakhir (OKX): $61818.60
[ANALIS] State: BULLISH | EMA13/34: $61778.6/$61757.6 | VWAP Sesi: $60950.26 | Vol Surge: 0.4x | BB50: [$61620.44 - $61882.73] | Tren 15m: BULLISH
[DEBUG] EMA streak: 0 | EMA13: 61778.60 | EMA34: 61757.58 | Selisih: 21.02
[ANALIS-TRENDING] Quant Golden Cross (EMA13 > EMA34), Di atas VWAP ($60950.26), & Tren 15m Bullish. Sinyal BUY.
[2026-07-03 01:13:37] Keputusan analis: Buy(0.0025637707268668583, "[Trending] Quant EMA13/34 Buy (Vol 0.4x)")
[2026-07-03 01:13:37] Mengeksekusi transaksi...
[2026-07-03 01:13:37] Eksekusi sukses. Saldo: $633.80, BTC: 0.0058
[2026-07-03 01:14:37] Siklus Menit Baru. Harga BTC Terakhir (OKX): $61843.50
[ANALIS] State: BULLISH | EMA13/34: $61789.1/$61762.1 | VWAP Sesi: $60950.33 | Vol Surge: 0.1x | BB50: [$61621.04 - $61881.75] | Tren 15m: BULLISH
[DEBUG] EMA streak: 0 | EMA13: 61789.15 | EMA34: 61762.14 | Selisih: 27.01
[ANALIS-TRENDING] Quant Golden Cross (EMA13 > EMA34), Di atas VWAP ($60950.33), & Tren 15m Bullish. Sinyal BUY.
[2026-07-03 01:14:37] Keputusan analis: Buy(0.0020496782345970402, "[Trending] Quant EMA13/34 Buy (Vol 0.1x)")
Mencegah transaksi berulang (Cool-down aktif). Aksi terakhir BUY pada 01:13:37 (1 menit lalu)
[2026-07-03 01:14:37] Validasi gagal / keputusan WAIT. Tidak ada eksekusi.
[2026-07-03 01:15:38] Siklus Menit Baru. Harga BTC Terakhir (OKX): $61795.20
[ANALIS] State: BULLISH | EMA13/34: $61788.0/$61762.3 | VWAP Sesi: $60950.72 | Vol Surge: 1.7x | BB50: [$61622.76 - $61877.34] | Tren 15m: BULLISH
[DEBUG] EMA streak: 0 | EMA13: 61788.02 | EMA34: 61762.33 | Selisih: 25.70
[ANALIS-TRENDING] Quant Golden Cross (EMA13 > EMA34), Di atas VWAP ($60950.72), & Tren 15m Bullish. Sinyal BUY.
[2026-07-03 01:15:38] Keputusan analis: Buy(0.00205128029201786, "[Trending] Quant EMA13/34 Buy (Vol 1.7x)")
Mencegah transaksi berulang (Cool-down aktif). Aksi terakhir BUY pada 01:13:37 (2 menit lalu)
[2026-07-03 01:15:38] Validasi gagal / keputusan WAIT. Tidak ada eksekusi.
[2026-07-03 01:16:38] Siklus Menit Baru. Harga BTC Terakhir (OKX): $61763.50
[ANALIS] State: BULLISH | EMA13/34: $61784.7/$61764.9 | VWAP Sesi: $60951.00 | Vol Surge: 2.1x | BB50: [$61623.43 - $61874.04] | Tren 15m: BULLISH
[DEBUG] EMA streak: 0 | EMA13: 61784.70 | EMA34: 61764.94 | Selisih: 19.75
[ANALIS-TRENDING] Quant Golden Cross (EMA13 > EMA34), Di atas VWAP ($60951.00), & Tren 15m Bullish. Sinyal BUY.
[2026-07-03 01:16:38] Keputusan analis: Buy(0.0020523331077627084, "[Trending] Quant EMA13/34 Buy (Vol 2.1x)")
Mencegah transaksi berulang (Cool-down aktif). Aksi terakhir BUY pada 01:13:37 (3 menit lalu)
[2026-07-03 01:16:38] Validasi gagal / keputusan WAIT. Tidak ada eksekusi.
[2026-07-03 01:17:38] Siklus Menit Baru. Harga BTC Terakhir (OKX): $61774.60
[ANALIS] State: BULLISH | EMA13/34: $61786.5/$61767.3 | VWAP Sesi: $60951.08 | Vol Surge: 0.5x | BB50: [$61626.64 - $61867.77] | Tren 15m: BULLISH
[DEBUG] EMA streak: 0 | EMA13: 61786.48 | EMA34: 61767.27 | Selisih: 19.21
[ANALIS-TRENDING] Quant Golden Cross (EMA13 > EMA34), Di atas VWAP ($60951.08), & Tren 15m Bullish. Sinyal BUY.
[2026-07-03 01:17:38] Keputusan analis: Buy(0.0020519643332583626, "[Trending] Quant EMA13/34 Buy (Vol 0.5x)")
Mencegah transaksi berulang (Cool-down aktif). Aksi terakhir BUY pada 01:13:37 (4 menit lalu)
[2026-07-03 01:17:38] Validasi gagal / keputusan WAIT. Tidak ada eksekusi.
[2026-07-03 01:18:38] Siklus Menit Baru. Harga BTC Terakhir (OKX): $61770.30
[ANALIS] State: BULLISH | EMA13/34: $61781.0/$61765.3 | VWAP Sesi: $60951.10 | Vol Surge: 0.1x | BB50: [$61630.47 - $61858.37] | Tren 15m: BULLISH
[DEBUG] EMA streak: 0 | EMA13: 61781.05 | EMA34: 61765.32 | Selisih: 15.73
[ANALIS-TRENDING] Quant Golden Cross (EMA13 > EMA34), Di atas VWAP ($60951.10), & Tren 15m Bullish. Sinyal BUY.
[2026-07-03 01:18:38] Keputusan analis: Buy(0.00205210717612351, "[Trending] Quant EMA13/34 Buy (Vol 0.1x)")
[2026-07-03 01:18:38] Mengeksekusi transaksi...
[2026-07-03 01:18:38] Eksekusi sukses. Saldo: $506.91, BTC: 0.0078
[2026-07-03 01:19:38] Siklus Menit Baru. Harga BTC Terakhir (OKX): $61785.50
[ANALIS] State: BULLISH | EMA13/34: $61778.9/$61762.3 | VWAP Sesi: $60951.29 | Vol Surge: 0.2x | BB50: [$61633.71 - $61850.85] | Tren 15m: BULLISH
[DEBUG] EMA streak: 0 | EMA13: 61778.94 | EMA34: 61762.35 | Selisih: 16.59
[ANALIS-TRENDING] Quant Golden Cross (EMA13 > EMA34), Di atas VWAP ($60951.29), & Tren 15m Bullish. Sinyal BUY.
[2026-07-03 01:19:38] Keputusan analis: Buy(0.0016408715453603416, "[Trending] Quant EMA13/34 Buy (Vol 0.2x)")
Mencegah transaksi berulang (Cool-down aktif). Aksi terakhir BUY pada 01:18:38 (1 menit lalu)
[2026-07-03 01:19:38] Validasi gagal / keputusan WAIT. Tidak ada eksekusi.
[2026-07-03 01:20:39] Siklus Menit Baru. Harga BTC Terakhir (OKX): $61793.70
[ANALIS] State: BULLISH | EMA13/34: $61782.0/$61764.4 | VWAP Sesi: $60951.31 | Vol Surge: 0.1x | BB50: [$61634.13 - $61849.92] | Tren 15m: BULLISH
[DEBUG] EMA streak: 0 | EMA13: 61782.02 | EMA34: 61764.38 | Selisih: 17.64
[ANALIS-TRENDING] Quant Golden Cross (EMA13 > EMA34), Di atas VWAP ($60951.31), & Tren 15m Bullish. Sinyal BUY.
[2026-07-03 01:20:39] Keputusan analis: Buy(0.0016406538023433035, "[Trending] Quant EMA13/34 Buy (Vol 0.1x)")
Mencegah transaksi berulang (Cool-down aktif). Aksi terakhir BUY pada 01:18:38 (2 menit lalu)
[2026-07-03 01:20:39] Validasi gagal / keputusan WAIT. Tidak ada eksekusi.
[2026-07-03 01:21:39] Siklus Menit Baru. Harga BTC Terakhir (OKX): $61788.20
[ANALIS] State: BULLISH | EMA13/34: $61784.6/$61767.3 | VWAP Sesi: $60951.34 | Vol Surge: 0.1x | BB50: [$61634.42 - $61849.21] | Tren 15m: BULLISH
[DEBUG] EMA streak: 0 | EMA13: 61784.59 | EMA34: 61767.31 | Selisih: 17.29
[ANALIS-TRENDING] Quant Golden Cross (EMA13 > EMA34), Di atas VWAP ($60951.34), & Tren 15m Bullish. Sinyal BUY.
[2026-07-03 01:21:39] Keputusan analis: Buy(0.0016407998431069587, "[Trending] Quant EMA13/34 Buy (Vol 0.1x)")
Mencegah transaksi berulang (Cool-down aktif). Aksi terakhir BUY pada 01:18:38 (3 menit lalu)
[2026-07-03 01:21:39] Validasi gagal / keputusan WAIT. Tidak ada eksekusi.
[2026-07-03 01:22:39] Siklus Menit Baru. Harga BTC Terakhir (OKX): $61823.10
[ANALIS] State: BULLISH | EMA13/34: $61789.3/$61768.7 | VWAP Sesi: $60951.65 | Vol Surge: 2.5x | BB50: [$61634.73 - $61848.47] | Tren 15m: BULLISH
[DEBUG] EMA streak: 0 | EMA13: 61789.26 | EMA34: 61768.67 | Selisih: 20.59
[ANALIS-TRENDING] Quant Golden Cross (EMA13 > EMA34), Di atas VWAP ($60951.65), & Tren 15m Bullish. Sinyal BUY.
[2026-07-03 01:22:39] Keputusan analis: Buy(0.0016398735887695924, "[Trending] Quant EMA13/34 Buy (Vol 2.5x)")
Mencegah transaksi berulang (Cool-down aktif). Aksi terakhir BUY pada 01:18:38 (4 menit lalu)
[2026-07-03 01:22:39] Validasi gagal / keputusan WAIT. Tidak ada eksekusi.
[2026-07-03 01:23:39] Siklus Menit Baru. Harga BTC Terakhir (OKX): $61789.10
[ANALIS] State: BULLISH | EMA13/34: $61788.1/$61767.6 | VWAP Sesi: $60951.66 | Vol Surge: 0.0x | BB50: [$61635.27 - $61847.16] | Tren 15m: BEARISH
[DEBUG] EMA streak: 0 | EMA13: 61788.15 | EMA34: 61767.62 | Selisih: 20.53
[ANALIS-TRENDING] Menunggu konfirmasi streak 2 menit. Saat ini: 1 menit.
[2026-07-03 01:23:39] Keputusan analis: Wait
[2026-07-03 01:23:39] Validasi gagal / keputusan WAIT. Tidak ada eksekusi.
[2026-07-03 01:24:39] Siklus Menit Baru. Harga BTC Terakhir (OKX): $61797.20
[ANALIS] State: BULLISH | EMA13/34: $61790.6/$61765.8 | VWAP Sesi: $60951.67 | Vol Surge: 0.1x | BB50: [$61634.78 - $61849.25] | Tren 15m: BEARISH
[DEBUG] EMA streak: 1 | EMA13: 61790.56 | EMA34: 61765.82 | Selisih: 24.73
[ANALIS-TRENDING] Sinyal melemah/Death Cross terkonfirmasi 2 menit berturut. Sinyal SELL.
[2026-07-03 01:24:39] Keputusan analis: Sell(0.007821309726714194, "[Trending] Quant EMA13/34 Sell Confirmed (2m streak)")
Mencegah Whipsaw (Holding time < 15 menit). Beli terakhir 6 menit lalu. Sinyal normal ([Trending] Quant EMA13/34 Sell Confirmed (2m streak)) diabaikan.
[2026-07-03 01:24:39] Validasi gagal / keputusan WAIT. Tidak ada eksekusi.
[2026-07-03 01:25:39] Siklus Menit Baru. Harga BTC Terakhir (OKX): $61796.30
[ANALIS] State: BULLISH | EMA13/34: $61792.0/$61766.7 | VWAP Sesi: $60951.74 | Vol Surge: 0.4x | BB50: [$61636.74 - $61851.69] | Tren 15m: BEARISH
[DEBUG] EMA streak: 0 | EMA13: 61791.95 | EMA34: 61766.68 | Selisih: 25.27
[ANALIS-TRENDING] Menunggu konfirmasi streak 2 menit. Saat ini: 1 menit.
[2026-07-03 01:25:39] Keputusan analis: Wait
[2026-07-03 01:25:39] Validasi gagal / keputusan WAIT. Tidak ada eksekusi.
[2026-07-03 01:26:40] Siklus Menit Baru. Harga BTC Terakhir (OKX): $61784.70
[ANALIS] State: BULLISH | EMA13/34: $61789.8/$61767.7 | VWAP Sesi: $60951.76 | Vol Surge: 0.2x | BB50: [$61640.76 - $61851.93] | Tren 15m: BEARISH
[DEBUG] EMA streak: 1 | EMA13: 61789.83 | EMA34: 61767.71 | Selisih: 22.12
[ANALIS-TRENDING] Sinyal melemah/Death Cross terkonfirmasi 2 menit berturut. Sinyal SELL.
[2026-07-03 01:26:40] Keputusan analis: Sell(0.007821309726714194, "[Trending] Quant EMA13/34 Sell Confirmed (2m streak)")
Mencegah Whipsaw (Holding time < 15 menit). Beli terakhir 8 menit lalu. Sinyal normal ([Trending] Quant EMA13/34 Sell Confirmed (2m streak)) diabaikan.
[2026-07-03 01:26:40] Validasi gagal / keputusan WAIT. Tidak ada eksekusi.
[2026-07-03 01:27:40] Siklus Menit Baru. Harga BTC Terakhir (OKX): $61804.20
[ANALIS] State: SIDEWAYS | EMA13/34: $61791.9/$61771.1 | VWAP Sesi: $60951.77 | Vol Surge: 0.0x | BB50: [$61643.88 - $61853.84] | Tren 15m: BEARISH
[ANALIS-SIDEWAYS] WAIT - Lebar BB sempit (0.340%).
[2026-07-03 01:27:40] Keputusan analis: Wait
[2026-07-03 01:27:40] Validasi gagal / keputusan WAIT. Tidak ada eksekusi.
[2026-07-03 01:28:40] Siklus Menit Baru. Harga BTC Terakhir (OKX): $61817.30
[ANALIS] State: BULLISH | EMA13/34: $61796.1/$61774.5 | VWAP Sesi: $60951.80 | Vol Surge: 0.2x | BB50: [$61645.14 - $61857.30] | Tren 15m: BEARISH
[DEBUG] EMA streak: 0 | EMA13: 61796.08 | EMA34: 61774.51 | Selisih: 21.57
[ANALIS-TRENDING] Menunggu konfirmasi streak 2 menit. Saat ini: 1 menit.
[2026-07-03 01:28:40] Keputusan analis: Wait
[2026-07-03 01:28:40] Validasi gagal / keputusan WAIT. Tidak ada eksekusi.
[2026-07-03 01:29:40] Siklus Menit Baru. Harga BTC Terakhir (OKX): $61826.40
[ANALIS] State: BULLISH | EMA13/34: $61802.6/$61779.5 | VWAP Sesi: $60951.84 | Vol Surge: 0.3x | BB50: [$61645.32 - $61862.36] | Tren 15m: BEARISH
[DEBUG] EMA streak: 1 | EMA13: 61802.61 | EMA34: 61779.51 | Selisih: 23.11
[ANALIS-TRENDING] Sinyal melemah/Death Cross terkonfirmasi 2 menit berturut. Sinyal SELL.
[2026-07-03 01:29:40] Keputusan analis: Sell(0.007821309726714194, "[Trending] Quant EMA13/34 Sell Confirmed (2m streak)")
Mencegah Whipsaw (Holding time < 15 menit). Beli terakhir 11 menit lalu. Sinyal normal ([Trending] Quant EMA13/34 Sell Confirmed (2m streak)) diabaikan.
[2026-07-03 01:29:40] Validasi gagal / keputusan WAIT. Tidak ada eksekusi.
[2026-07-03 01:30:40] Siklus Menit Baru. Harga BTC Terakhir (OKX): $61862.30
[ANALIS] State: BULLISH | EMA13/34: $61816.2/$61789.6 | VWAP Sesi: $60952.15 | Vol Surge: 0.2x | BB50: [$61642.14 - $61872.34] | Tren 15m: BULLISH
[DEBUG] EMA streak: 0 | EMA13: 61816.19 | EMA34: 61789.57 | Selisih: 26.62
[ANALIS-TRENDING] Quant Golden Cross (EMA13 > EMA34), Di atas VWAP ($60952.15), & Tren 15m Bullish. Sinyal BUY.
[2026-07-03 01:30:40] Keputusan analis: Buy(0.0016388344575914795, "[Trending] Quant EMA13/34 Buy (Vol 0.2x)")
Max pyramiding (3 layer) tercapai. Tunggu siklus selesai (posisi aktif saat ini: 3).
[2026-07-03 01:30:40] Validasi gagal / keputusan WAIT. Tidak ada eksekusi.
[2026-07-03 01:31:41] Siklus Menit Baru. Harga BTC Terakhir (OKX): $61841.40
[ANALIS] State: BULLISH | EMA13/34: $61816.5/$61791.2 | VWAP Sesi: $60952.17 | Vol Surge: 0.2x | BB50: [$61642.14 - $61873.29] | Tren 15m: BULLISH
[DEBUG] EMA streak: 0 | EMA13: 61816.50 | EMA34: 61791.19 | Selisih: 25.31
[ANALIS-TRENDING] Quant Golden Cross (EMA13 > EMA34), Di atas VWAP ($60952.17), & Tren 15m Bullish. Sinyal BUY.
[2026-07-03 01:31:41] Keputusan analis: Buy(0.0016393883202168997, "[Trending] Quant EMA13/34 Buy (Vol 0.2x)")
Max pyramiding (3 layer) tercapai. Tunggu siklus selesai (posisi aktif saat ini: 3).
[2026-07-03 01:31:41] Validasi gagal / keputusan WAIT. Tidak ada eksekusi.
[2026-07-03 01:32:41] Siklus Menit Baru. Harga BTC Terakhir (OKX): $61833.50
[ANALIS] State: BULLISH | EMA13/34: $61820.7/$61793.6 | VWAP Sesi: $60952.85 | Vol Surge: 5.3x | BB50: [$61640.92 - $61876.71] | Tren 15m: BULLISH
[DEBUG] EMA streak: 0 | EMA13: 61820.72 | EMA34: 61793.59 | Selisih: 27.13
[ANALIS-TRENDING] Quant Golden Cross (EMA13 > EMA34), Di atas VWAP ($60952.85), & Tren 15m Bullish. Sinyal BUY.
[2026-07-03 01:32:41] Keputusan analis: Buy(0.0016395977724997192, "[Trending] Quant EMA13/34 Buy (Vol 5.3x)")
Max pyramiding (3 layer) tercapai. Tunggu siklus selesai (posisi aktif saat ini: 3).
[2026-07-03 01:32:41] Validasi gagal / keputusan WAIT. Tidak ada eksekusi.
[2026-07-03 01:33:41] Siklus Menit Baru. Harga BTC Terakhir (OKX): $61839.40
[ANALIS] State: BULLISH | EMA13/34: $61823.4/$61796.2 | VWAP Sesi: $60952.87 | Vol Surge: 0.1x | BB50: [$61640.11 - $61879.98] | Tren 15m: BULLISH
[DEBUG] EMA streak: 0 | EMA13: 61823.40 | EMA34: 61796.21 | Selisih: 27.19
[ANALIS-TRENDING] Quant Golden Cross (EMA13 > EMA34), Di atas VWAP ($60952.87), & Tren 15m Bullish. Sinyal BUY.
[2026-07-03 01:33:41] Keputusan analis: Buy(0.0016394413410521671, "[Trending] Quant EMA13/34 Buy (Vol 0.1x)")
Max pyramiding (3 layer) tercapai. Tunggu siklus selesai (posisi aktif saat ini: 3).
[2026-07-03 01:33:41] Validasi gagal / keputusan WAIT. Tidak ada eksekusi.
[2026-07-03 01:34:41] Siklus Menit Baru. Harga BTC Terakhir (OKX): $61802.20
[ANALIS] State: BULLISH | EMA13/34: $61818.5/$61792.9 | VWAP Sesi: $60952.93 | Vol Surge: 0.5x | BB50: [$61640.53 - $61879.92] | Tren 15m: BULLISH
[DEBUG] EMA streak: 0 | EMA13: 61818.50 | EMA34: 61792.93 | Selisih: 25.56
[ANALIS-TRENDING] Quant Golden Cross (EMA13 > EMA34), Di atas VWAP ($60952.93), & Tren 15m Bullish. Sinyal BUY.
[2026-07-03 01:34:41] Keputusan analis: Buy(0.0016404281541087759, "[Trending] Quant EMA13/34 Buy (Vol 0.5x)")
Max pyramiding (3 layer) tercapai. Tunggu siklus selesai (posisi aktif saat ini: 3).
[2026-07-03 01:34:41] Validasi gagal / keputusan WAIT. Tidak ada eksekusi.
[2026-07-03 01:35:41] Siklus Menit Baru. Harga BTC Terakhir (OKX): $61801.30
[ANALIS] State: BULLISH | EMA13/34: $61817.5/$61793.0 | VWAP Sesi: $60952.94 | Vol Surge: 0.0x | BB50: [$61641.87 - $61882.08] | Tren 15m: BULLISH
[DEBUG] EMA streak: 0 | EMA13: 61817.48 | EMA34: 61793.00 | Selisih: 24.48
[ANALIS-TRENDING] Quant Golden Cross (EMA13 > EMA34), Di atas VWAP ($60952.94), & Tren 15m Bullish. Sinyal BUY.
[2026-07-03 01:35:41] Keputusan analis: Buy(0.0016404520433366513, "[Trending] Quant EMA13/34 Buy (Vol 0.0x)")
Max pyramiding (3 layer) tercapai. Tunggu siklus selesai (posisi aktif saat ini: 3).
[2026-07-03 01:35:41] Validasi gagal / keputusan WAIT. Tidak ada eksekusi.
[2026-07-03 01:36:41] Siklus Menit Baru. Harga BTC Terakhir (OKX): $61797.30
[ANALIS] State: BULLISH | EMA13/34: $61811.6/$61790.6 | VWAP Sesi: $60952.94 | Vol Surge: 0.0x | BB50: [$61644.44 - $61882.20] | Tren 15m: BULLISH
[DEBUG] EMA streak: 0 | EMA13: 61811.60 | EMA34: 61790.60 | Selisih: 21.00
[ANALIS-TRENDING] Quant Golden Cross (EMA13 > EMA34), Di atas VWAP ($60952.94), & Tren 15m Bullish. Sinyal BUY.
[2026-07-03 01:36:41] Keputusan analis: Buy(0.0016405582261014864, "[Trending] Quant EMA13/34 Buy (Vol 0.0x)")
Max pyramiding (3 layer) tercapai. Tunggu siklus selesai (posisi aktif saat ini: 3).
[2026-07-03 01:36:41] Validasi gagal / keputusan WAIT. Tidak ada eksekusi.
[2026-07-03 01:37:41] Siklus Menit Baru. Harga BTC Terakhir (OKX): $61772.50
[ANALIS] State: BULLISH | EMA13/34: $61805.9/$61789.8 | VWAP Sesi: $60952.97 | Vol Surge: 0.1x | BB50: [$61648.66 - $61881.64] | Tren 15m: BEARISH
[DEBUG] EMA streak: 0 | EMA13: 61805.91 | EMA34: 61789.84 | Selisih: 16.07
[ANALIS-TRENDING] Menunggu konfirmasi streak 2 menit. Saat ini: 1 menit.
[2026-07-03 01:37:41] Keputusan analis: Wait
[2026-07-03 01:37:41] Validasi gagal / keputusan WAIT. Tidak ada eksekusi.
[2026-07-03 01:38:42] Siklus Menit Baru. Harga BTC Terakhir (OKX): $61800.00
[ANALIS] State: BULLISH | EMA13/34: $61805.6/$61789.7 | VWAP Sesi: $60953.00 | Vol Surge: 0.3x | BB50: [$61652.81 - $61882.22] | Tren 15m: BULLISH
[DEBUG] EMA streak: 1 | EMA13: 61805.64 | EMA34: 61789.72 | Selisih: 15.92
[ANALIS-TRENDING] Quant Golden Cross (EMA13 > EMA34), Di atas VWAP ($60953.00), & Tren 15m Bullish. Sinyal BUY.
[2026-07-03 01:38:42] Keputusan analis: Buy(0.0016404865512275304, "[Trending] Quant EMA13/34 Buy (Vol 0.3x)")
Max pyramiding (3 layer) tercapai. Tunggu siklus selesai (posisi aktif saat ini: 3).
[2026-07-03 01:38:42] Validasi gagal / keputusan WAIT. Tidak ada eksekusi.
[2026-07-03 01:39:42] Siklus Menit Baru. Harga BTC Terakhir (OKX): $61803.40
[ANALIS] State: BULLISH | EMA13/34: $61804.3/$61790.8 | VWAP Sesi: $60953.02 | Vol Surge: 0.1x | BB50: [$61658.66 - $61881.46] | Tren 15m: BULLISH
[DEBUG] EMA streak: 0 | EMA13: 61804.35 | EMA34: 61790.80 | Selisih: 13.55
[ANALIS-TRENDING] Quant Golden Cross (EMA13 > EMA34), Di atas VWAP ($60953.02), & Tren 15m Bullish. Sinyal BUY.
[2026-07-03 01:39:42] Keputusan analis: Buy(0.0016403963028872421, "[Trending] Quant EMA13/34 Buy (Vol 0.1x)")
Max pyramiding (3 layer) tercapai. Tunggu siklus selesai (posisi aktif saat ini: 3).
[2026-07-03 01:39:42] Validasi gagal / keputusan WAIT. Tidak ada eksekusi.
[2026-07-03 01:40:42] Siklus Menit Baru. Harga BTC Terakhir (OKX): $61791.00
[ANALIS] State: BULLISH | EMA13/34: $61802.1/$61791.3 | VWAP Sesi: $60953.03 | Vol Surge: 0.1x | BB50: [$61663.60 - $61880.74] | Tren 15m: BULLISH
[DEBUG] EMA streak: 0 | EMA13: 61802.13 | EMA34: 61791.27 | Selisih: 10.86
[ANALIS-TRENDING] Quant Golden Cross (EMA13 > EMA34), Di atas VWAP ($60953.03), & Tren 15m Bullish. Sinyal BUY.
[2026-07-03 01:40:42] Keputusan analis: Buy(0.0016407254918331374, "[Trending] Quant EMA13/34 Buy (Vol 0.1x)")
Max pyramiding (3 layer) tercapai. Tunggu siklus selesai (posisi aktif saat ini: 3).
[2026-07-03 01:40:42] Validasi gagal / keputusan WAIT. Tidak ada eksekusi.
[2026-07-03 01:41:42] Siklus Menit Baru. Harga BTC Terakhir (OKX): $61772.50
[ANALIS] State: BULLISH | EMA13/34: $61797.7/$61789.8 | VWAP Sesi: $60953.10 | Vol Surge: 0.7x | BB50: [$61667.49 - $61879.94] | Tren 15m: BEARISH
[DEBUG] EMA streak: 0 | EMA13: 61797.73 | EMA34: 61789.75 | Selisih: 7.97
[ANALIS-TRENDING] Menunggu konfirmasi streak 2 menit. Saat ini: 1 menit.
[2026-07-03 01:41:42] Keputusan analis: Wait
[2026-07-03 01:41:42] Validasi gagal / keputusan WAIT. Tidak ada eksekusi.
[2026-07-03 01:42:42] Siklus Menit Baru. Harga BTC Terakhir (OKX): $61772.70
[ANALIS] State: SIDEWAYS | EMA13/34: $61794.2/$61788.8 | VWAP Sesi: $60953.12 | Vol Surge: 0.2x | BB50: [$61672.15 - $61878.72] | Tren 15m: BEARISH
[ANALIS-SIDEWAYS] WAIT - Lebar BB sempit (0.334%).
[2026-07-03 01:42:42] Keputusan analis: Wait
[2026-07-03 01:42:42] Validasi gagal / keputusan WAIT. Tidak ada eksekusi.
[2026-07-03 01:43:42] Siklus Menit Baru. Harga BTC Terakhir (OKX): $61785.70
[ANALIS] State: SIDEWAYS | EMA13/34: $61794.6/$61791.4 | VWAP Sesi: $60953.49 | Vol Surge: 2.4x | BB50: [$61677.46 - $61877.87] | Tren 15m: BEARISH
[ANALIS-SIDEWAYS] WAIT - Lebar BB sempit (0.324%).
[2026-07-03 01:43:42] Keputusan analis: Wait
[2026-07-03 01:43:42] Validasi gagal / keputusan WAIT. Tidak ada eksekusi.
[2026-07-03 01:44:43] Siklus Menit Baru. Harga BTC Terakhir (OKX): $61772.50
[ANALIS] State: SIDEWAYS | EMA13/34: $61791.4/$61788.5 | VWAP Sesi: $60953.53 | Vol Surge: 0.4x | BB50: [$61679.47 - $61877.72] | Tren 15m: BEARISH
[ANALIS-SIDEWAYS] WAIT - Lebar BB sempit (0.321%).
[2026-07-03 01:44:43] Keputusan analis: Wait
[2026-07-03 01:44:43] Validasi gagal / keputusan WAIT. Tidak ada eksekusi.
[2026-07-03 01:45:43] Siklus Menit Baru. Harga BTC Terakhir (OKX): $61757.20
[ANALIS] State: SIDEWAYS | EMA13/34: $61786.5/$61785.9 | VWAP Sesi: $60953.54 | Vol Surge: 0.1x | BB50: [$61683.67 - $61876.12] | Tren 15m: BEARISH
[ANALIS-SIDEWAYS] WAIT - Lebar BB sempit (0.312%).
[2026-07-03 01:45:43] Keputusan analis: Wait
[2026-07-03 01:45:43] Validasi gagal / keputusan WAIT. Tidak ada eksekusi.
[2026-07-03 01:46:43] Siklus Menit Baru. Harga BTC Terakhir (OKX): $61751.40
[ANALIS] State: SIDEWAYS | EMA13/34: $61781.7/$61784.4 | VWAP Sesi: $60953.56 | Vol Surge: 0.2x | BB50: [$61689.51 - $61873.34] | Tren 15m: BEARISH
[ANALIS-SIDEWAYS] WAIT - Lebar BB sempit (0.298%).
[2026-07-03 01:46:43] Keputusan analis: Wait
[2026-07-03 01:46:43] Validasi gagal / keputusan WAIT. Tidak ada eksekusi.
[2026-07-03 01:47:43] Siklus Menit Baru. Harga BTC Terakhir (OKX): $61774.80
[ANALIS] State: SIDEWAYS | EMA13/34: $61781.1/$61782.5 | VWAP Sesi: $60953.65 | Vol Surge: 0.9x | BB50: [$61695.87 - $61870.79] | Tren 15m: BEARISH
[ANALIS-SIDEWAYS] WAIT - Lebar BB sempit (0.283%).
[2026-07-03 01:47:43] Keputusan analis: Wait
[2026-07-03 01:47:43] Validasi gagal / keputusan WAIT. Tidak ada eksekusi.
[2026-07-03 01:48:43] Siklus Menit Baru. Harga BTC Terakhir (OKX): $61789.30
[ANALIS] State: SIDEWAYS | EMA13/34: $61783.8/$61784.1 | VWAP Sesi: $60953.66 | Vol Surge: 0.1x | BB50: [$61706.93 - $61865.61] | Tren 15m: BEARISH
[ANALIS-SIDEWAYS] WAIT - Lebar BB sempit (0.257%).
[2026-07-03 01:48:43] Keputusan analis: Wait
[2026-07-03 01:48:43] Validasi gagal / keputusan WAIT. Tidak ada eksekusi.
[2026-07-03 01:49:43] Siklus Menit Baru. Harga BTC Terakhir (OKX): $61849.00
[ANALIS] State: SIDEWAYS | EMA13/34: $61803.2/$61793.7 | VWAP Sesi: $60954.82 | Vol Surge: 0.4x | BB50: [$61714.93 - $61868.27] | Tren 15m: BULLISH
[ANALIS-SIDEWAYS] WAIT - Lebar BB sempit (0.248%).
[2026-07-03 01:49:43] Keputusan analis: Wait
[2026-07-03 01:49:43] Validasi gagal / keputusan WAIT. Tidak ada eksekusi.
[2026-07-03 01:50:43] Siklus Menit Baru. Harga BTC Terakhir (OKX): $61800.40
[ANALIS] State: SIDEWAYS | EMA13/34: $61801.3/$61794.8 | VWAP Sesi: $60954.86 | Vol Surge: 0.2x | BB50: [$61722.91 - $61864.10] | Tren 15m: BULLISH
[ANALIS-SIDEWAYS] WAIT - Lebar BB sempit (0.228%).
[2026-07-03 01:50:43] Keputusan analis: Wait
[2026-07-03 01:50:43] Validasi gagal / keputusan WAIT. Tidak ada eksekusi.
[2026-07-03 01:51:44] Siklus Menit Baru. Harga BTC Terakhir (OKX): $61786.90
[ANALIS] State: SIDEWAYS | EMA13/34: $61799.8/$61793.8 | VWAP Sesi: $60954.88 | Vol Surge: 0.1x | BB50: [$61727.46 - $61862.44] | Tren 15m: BEARISH
[ANALIS-SIDEWAYS] WAIT - Lebar BB sempit (0.218%).
[2026-07-03 01:51:44] Keputusan analis: Wait
[2026-07-03 01:51:44] Validasi gagal / keputusan WAIT. Tidak ada eksekusi.
[2026-07-03 01:52:44] Siklus Menit Baru. Harga BTC Terakhir (OKX): $61789.00
[ANALIS] State: SIDEWAYS | EMA13/34: $61797.8/$61794.0 | VWAP Sesi: $60954.90 | Vol Surge: 0.2x | BB50: [$61734.17 - $61858.98] | Tren 15m: BULLISH
[ANALIS-SIDEWAYS] WAIT - Lebar BB sempit (0.202%).
[2026-07-03 01:52:44] Keputusan analis: Wait
[2026-07-03 01:52:44] Validasi gagal / keputusan WAIT. Tidak ada eksekusi.
[2026-07-03 01:53:44] Siklus Menit Baru. Harga BTC Terakhir (OKX): $61800.90
[ANALIS] State: SIDEWAYS | EMA13/34: $61799.1/$61796.1 | VWAP Sesi: $60954.94 | Vol Surge: 0.2x | BB50: [$61740.31 - $61856.44] | Tren 15m: BULLISH
[ANALIS-SIDEWAYS] WAIT - Lebar BB sempit (0.188%).
[2026-07-03 01:53:44] Keputusan analis: Wait
[2026-07-03 01:53:44] Validasi gagal / keputusan WAIT. Tidak ada eksekusi.
[2026-07-03 01:54:44] Siklus Menit Baru. Harga BTC Terakhir (OKX): $61785.80
[ANALIS] State: SIDEWAYS | EMA13/34: $61797.4/$61795.3 | VWAP Sesi: $60954.94 | Vol Surge: 0.1x | BB50: [$61743.40 - $61855.20] | Tren 15m: BEARISH
[ANALIS-SIDEWAYS] WAIT - Lebar BB sempit (0.181%).
[2026-07-03 01:54:44] Keputusan analis: Wait
[2026-07-03 01:54:44] Validasi gagal / keputusan WAIT. Tidak ada eksekusi.
[2026-07-03 01:55:44] Siklus Menit Baru. Harga BTC Terakhir (OKX): $61724.10
[ANALIS] State: SIDEWAYS | EMA13/34: $61787.0/$61793.7 | VWAP Sesi: $60955.15 | Vol Surge: 2.0x | BB50: [$61741.89 - $61856.19] | Tren 15m: BEARISH
[ANALIS-SIDEWAYS] WAIT - Lebar BB sempit (0.185%).
[2026-07-03 01:55:44] Keputusan analis: Wait
[2026-07-03 01:55:44] Validasi gagal / keputusan WAIT. Tidak ada eksekusi.
[2026-07-03 01:56:44] Siklus Menit Baru. Harga BTC Terakhir (OKX): $61698.40
[ANALIS] State: SIDEWAYS | EMA13/34: $61773.2/$61787.8 | VWAP Sesi: $60955.22 | Vol Surge: 0.6x | BB50: [$61732.72 - $61861.65] | Tren 15m: BEARISH
[ANALIS-SIDEWAYS] WAIT - Lebar BB sempit (0.209%).
[2026-07-03 01:56:44] Keputusan analis: Wait
[2026-07-03 01:56:44] Validasi gagal / keputusan WAIT. Tidak ada eksekusi.
[2026-07-03 01:57:44] Siklus Menit Baru. Harga BTC Terakhir (OKX): $61721.90
[ANALIS] State: SIDEWAYS | EMA13/34: $61767.3/$61786.2 | VWAP Sesi: $60955.26 | Vol Surge: 0.3x | BB50: [$61729.77 - $61862.63] | Tren 15m: BEARISH
[ANALIS-SIDEWAYS] WAIT - Lebar BB sempit (0.215%).
[2026-07-03 01:57:44] Keputusan analis: Wait
[2026-07-03 01:57:44] Validasi gagal / keputusan WAIT. Tidak ada eksekusi.
[2026-07-03 01:58:44] Siklus Menit Baru. Harga BTC Terakhir (OKX): $61737.40
[ANALIS] State: SIDEWAYS | EMA13/34: $61763.0/$61784.2 | VWAP Sesi: $60955.31 | Vol Surge: 0.4x | BB50: [$61726.44 - $61862.96] | Tren 15m: BEARISH
[ANALIS-SIDEWAYS] WAIT - Lebar BB sempit (0.221%).
[2026-07-03 01:58:44] Keputusan analis: Wait
[2026-07-03 01:58:44] Validasi gagal / keputusan WAIT. Tidak ada eksekusi.
[2026-07-03 01:59:45] Siklus Menit Baru. Harga BTC Terakhir (OKX): $61751.10
[ANALIS] State: SIDEWAYS | EMA13/34: $61761.6/$61780.9 | VWAP Sesi: $60955.33 | Vol Surge: 0.1x | BB50: [$61724.68 - $61861.75] | Tren 15m: BEARISH
[ANALIS-SIDEWAYS] WAIT - Lebar BB sempit (0.222%).
[2026-07-03 01:59:45] Keputusan analis: Wait
[2026-07-03 01:59:45] Validasi gagal / keputusan WAIT. Tidak ada eksekusi.
[2026-07-03 02:00:45] Siklus Menit Baru. Harga BTC Terakhir (OKX): $61730.30
[ANALIS] State: SIDEWAYS | EMA13/34: $61758.4/$61778.5 | VWAP Sesi: $60955.36 | Vol Surge: 0.3x | BB50: [$61721.74 - $61862.39] | Tren 15m: BEARISH
[ANALIS-SIDEWAYS] WAIT - Lebar BB sempit (0.228%).
[2026-07-03 02:00:45] Keputusan analis: Wait
[2026-07-03 02:00:45] Validasi gagal / keputusan WAIT. Tidak ada eksekusi.
[2026-07-03 02:01:45] Siklus Menit Baru. Harga BTC Terakhir (OKX): $61720.80
[ANALIS] State: SIDEWAYS | EMA13/34: $61752.3/$61775.7 | VWAP Sesi: $60955.43 | Vol Surge: 0.6x | BB50: [$61716.90 - $61863.91] | Tren 15m: BEARISH
[ANALIS-SIDEWAYS] WAIT - Lebar BB sempit (0.238%).
[2026-07-03 02:01:45] Keputusan analis: Wait
[2026-07-03 02:01:45] Validasi gagal / keputusan WAIT. Tidak ada eksekusi.
[2026-07-03 02:02:45] Siklus Menit Baru. Harga BTC Terakhir (OKX): $61727.60
[ANALIS] State: SIDEWAYS | EMA13/34: $61748.4/$61773.6 | VWAP Sesi: $60955.45 | Vol Surge: 0.2x | BB50: [$61713.13 - $61864.13] | Tren 15m: BEARISH
[ANALIS-SIDEWAYS] WAIT - Lebar BB sempit (0.245%).
[2026-07-03 02:02:45] Keputusan analis: Wait
[2026-07-03 02:02:45] Validasi gagal / keputusan WAIT. Tidak ada eksekusi.
[2026-07-03 02:03:45] Siklus Menit Baru. Harga BTC Terakhir (OKX): $61724.60
[ANALIS] State: SIDEWAYS | EMA13/34: $61744.4/$61770.5 | VWAP Sesi: $60955.51 | Vol Surge: 0.6x | BB50: [$61709.49 - $61863.42] | Tren 15m: BEARISH
[ANALIS-SIDEWAYS] WAIT - Lebar BB sempit (0.249%).
[2026-07-03 02:03:45] Keputusan analis: Wait
[2026-07-03 02:03:45] Validasi gagal / keputusan WAIT. Tidak ada eksekusi.
[2026-07-03 02:04:45] Siklus Menit Baru. Harga BTC Terakhir (OKX): $61696.40
[ANALIS] State: SIDEWAYS | EMA13/34: $61737.1/$61764.4 | VWAP Sesi: $60955.56 | Vol Surge: 0.6x | BB50: [$61703.43 - $61864.07] | Tren 15m: BEARISH
[ANALIS-SIDEWAYS] WAIT - Lebar BB sempit (0.260%).
[2026-07-03 02:04:45] Keputusan analis: Wait
[2026-07-03 02:04:45] Validasi gagal / keputusan WAIT. Tidak ada eksekusi.
[2026-07-03 02:05:46] Siklus Menit Baru. Harga BTC Terakhir (OKX): $61668.50
[ANALIS] State: SIDEWAYS | EMA13/34: $61727.3/$61758.6 | VWAP Sesi: $60955.61 | Vol Surge: 0.6x | BB50: [$61694.73 - $61867.65] | Tren 15m: BEARISH
[ANALIS-SIDEWAYS] WAIT - Lebar BB sempit (0.280%).
[2026-07-03 02:05:46] Keputusan analis: Wait
[2026-07-03 02:05:46] Validasi gagal / keputusan WAIT. Tidak ada eksekusi.
[2026-07-03 02:06:46] Siklus Menit Baru. Harga BTC Terakhir (OKX): $61684.80
[ANALIS] State: SIDEWAYS | EMA13/34: $61721.6/$61752.4 | VWAP Sesi: $60955.86 | Vol Surge: 2.7x | BB50: [$61688.89 - $61869.42] | Tren 15m: BEARISH
[ANALIS-SIDEWAYS] WAIT - Lebar BB sempit (0.293%).
[2026-07-03 02:06:46] Keputusan analis: Wait
[2026-07-03 02:06:46] Validasi gagal / keputusan WAIT. Tidak ada eksekusi.
[2026-07-03 02:07:46] Siklus Menit Baru. Harga BTC Terakhir (OKX): $61654.30
[ANALIS] State: SIDEWAYS | EMA13/34: $61711.8/$61746.6 | VWAP Sesi: $60956.00 | Vol Surge: 1.7x | BB50: [$61680.67 - $61873.76] | Tren 15m: BEARISH
[ANALIS-SIDEWAYS] WAIT - Lebar BB sempit (0.313%).
[2026-07-03 02:07:46] Keputusan analis: Wait
[2026-07-03 02:07:46] Validasi gagal / keputusan WAIT. Tidak ada eksekusi.
[2026-07-03 02:08:46] Siklus Menit Baru. Harga BTC Terakhir (OKX): $61662.00
[ANALIS] State: SIDEWAYS | EMA13/34: $61706.9/$61745.1 | VWAP Sesi: $60956.04 | Vol Surge: 0.1x | BB50: [$61675.84 - $61875.83] | Tren 15m: BEARISH
[ANALIS-SIDEWAYS] WAIT - Lebar BB sempit (0.324%).
[2026-07-03 02:08:46] Keputusan analis: Wait
[2026-07-03 02:08:46] Validasi gagal / keputusan WAIT. Tidak ada eksekusi.
[2026-07-03 02:09:46] Siklus Menit Baru. Harga BTC Terakhir (OKX): $61646.20
[ANALIS] State: BEARISH | EMA13/34: $61698.4/$61739.8 | VWAP Sesi: $60956.15 | Vol Surge: 1.4x | BB50: [$61666.81 - $61879.03] | Tren 15m: BEARISH
[DEBUG] EMA streak: 1 | EMA13: 61698.41 | EMA34: 61739.82 | Selisih: -41.41
[ANALIS-TRENDING] Sinyal melemah/Death Cross terkonfirmasi 2 menit berturut. Sinyal SELL.
[2026-07-03 02:09:46] Keputusan analis: Sell(0.007821309726714194, "[Trending] Quant EMA13/34 Sell Confirmed (2m streak)")
[2026-07-03 02:09:46] Mengeksekusi transaksi...
[2026-07-03 02:09:46] Eksekusi sukses. Saldo: $988.58, BTC: 0.0000
[2026-07-03 02:10:46] Siklus Menit Baru. Harga BTC Terakhir (OKX): $61608.50
[ANALIS] State: BEARISH | EMA13/34: $61685.5/$61731.8 | VWAP Sesi: $60956.38 | Vol Surge: 2.7x | BB50: [$61653.71 - $61884.51] | Tren 15m: BEARISH
[DEBUG] EMA streak: 0 | EMA13: 61685.53 | EMA34: 61731.81 | Selisih: -46.27
[2026-07-03 02:10:46] Keputusan analis: Wait
[2026-07-03 02:10:46] Validasi gagal / keputusan WAIT. Tidak ada eksekusi.
[2026-07-03 02:11:46] Siklus Menit Baru. Harga BTC Terakhir (OKX): $61635.10
[ANALIS] State: BEARISH | EMA13/34: $61680.6/$61728.6 | VWAP Sesi: $60956.42 | Vol Surge: 0.3x | BB50: [$61647.07 - $61885.75] | Tren 15m: BEARISH
[DEBUG] EMA streak: 0 | EMA13: 61680.62 | EMA34: 61728.61 | Selisih: -47.99
[2026-07-03 02:11:46] Keputusan analis: Wait
[2026-07-03 02:11:46] Validasi gagal / keputusan WAIT. Tidak ada eksekusi.
[2026-07-03 02:12:46] Siklus Menit Baru. Harga BTC Terakhir (OKX): $61636.60
[ANALIS] State: BEARISH | EMA13/34: $61674.3/$61722.5 | VWAP Sesi: $60956.70 | Vol Surge: 2.5x | BB50: [$61638.93 - $61886.77] | Tren 15m: BEARISH
[DEBUG] EMA streak: 0 | EMA13: 61674.32 | EMA34: 61722.52 | Selisih: -48.20
[2026-07-03 02:12:46] Keputusan analis: Wait
[2026-07-03 02:12:46] Validasi gagal / keputusan WAIT. Tidak ada eksekusi.
[2026-07-03 02:13:47] Siklus Menit Baru. Harga BTC Terakhir (OKX): $61664.80
[ANALIS] State: BEARISH | EMA13/34: $61673.0/$61719.4 | VWAP Sesi: $60956.75 | Vol Surge: 0.4x | BB50: [$61633.71 - $61886.65] | Tren 15m: BEARISH
[DEBUG] EMA streak: 0 | EMA13: 61672.96 | EMA34: 61719.41 | Selisih: -46.44
[2026-07-03 02:13:47] Keputusan analis: Wait
[2026-07-03 02:13:47] Validasi gagal / keputusan WAIT. Tidak ada eksekusi.
[2026-07-03 02:14:47] Siklus Menit Baru. Harga BTC Terakhir (OKX): $61662.00
[ANALIS] State: BEARISH | EMA13/34: $61672.0/$61715.6 | VWAP Sesi: $60956.77 | Vol Surge: 0.2x | BB50: [$61628.93 - $61886.02] | Tren 15m: BEARISH
[DEBUG] EMA streak: 0 | EMA13: 61671.99 | EMA34: 61715.62 | Selisih: -43.63
[2026-07-03 02:14:47] Keputusan analis: Wait
[2026-07-03 02:14:47] Validasi gagal / keputusan WAIT. Tidak ada eksekusi.
[2026-07-03 02:15:47] Siklus Menit Baru. Harga BTC Terakhir (OKX): $61622.80
[ANALIS] State: BEARISH | EMA13/34: $61665.4/$61710.3 | VWAP Sesi: $60956.81 | Vol Surge: 0.4x | BB50: [$61620.79 - $61887.71] | Tren 15m: BEARISH
[DEBUG] EMA streak: 0 | EMA13: 61665.37 | EMA34: 61710.35 | Selisih: -44.98
[2026-07-03 02:15:47] Keputusan analis: Wait
[2026-07-03 02:15:47] Validasi gagal / keputusan WAIT. Tidak ada eksekusi.
[2026-07-03 02:16:47] Siklus Menit Baru. Harga BTC Terakhir (OKX): $61580.90
[ANALIS] State: BEARISH | EMA13/34: $61651.3/$61703.4 | VWAP Sesi: $60957.02 | Vol Surge: 1.7x | BB50: [$61606.94 - $61892.77] | Tren 15m: BEARISH
[DEBUG] EMA streak: 0 | EMA13: 61651.34 | EMA34: 61703.36 | Selisih: -52.02
[2026-07-03 02:16:47] Keputusan analis: Wait
[2026-07-03 02:16:47] Validasi gagal / keputusan WAIT. Tidak ada eksekusi.
[2026-07-03 02:17:47] Siklus Menit Baru. Harga BTC Terakhir (OKX): $61553.40
[ANALIS] State: BEARISH | EMA13/34: $61636.6/$61695.8 | VWAP Sesi: $60957.17 | Vol Surge: 1.6x | BB50: [$61591.98 - $61897.26] | Tren 15m: BEARISH
[DEBUG] EMA streak: 0 | EMA13: 61636.59 | EMA34: 61695.84 | Selisih: -59.25
[2026-07-03 02:17:47] Keputusan analis: Wait
[2026-07-03 02:17:47] Validasi gagal / keputusan WAIT. Tidak ada eksekusi.
[2026-07-03 02:18:47] Siklus Menit Baru. Harga BTC Terakhir (OKX): $61541.20
[ANALIS] State: BEARISH | EMA13/34: $61621.9/$61688.3 | VWAP Sesi: $60957.22 | Vol Surge: 0.6x | BB50: [$61577.18 - $61900.00] | Tren 15m: BEARISH
[DEBUG] EMA streak: 0 | EMA13: 61621.91 | EMA34: 61688.28 | Selisih: -66.37
[2026-07-03 02:18:47] Keputusan analis: Wait
[2026-07-03 02:18:47] Validasi gagal / keputusan WAIT. Tidak ada eksekusi.
[2026-07-03 02:19:47] Siklus Menit Baru. Harga BTC Terakhir (OKX): $61566.30
[ANALIS] State: BEARISH | EMA13/34: $61614.9/$61680.8 | VWAP Sesi: $60957.35 | Vol Surge: 1.0x | BB50: [$61569.31 - $61896.15] | Tren 15m: BEARISH
[DEBUG] EMA streak: 0 | EMA13: 61614.95 | EMA34: 61680.75 | Selisih: -65.81
[2026-07-03 02:19:47] Keputusan analis: Wait
[2026-07-03 02:19:47] Validasi gagal / keputusan WAIT. Tidak ada eksekusi.
[2026-07-03 02:20:48] Siklus Menit Baru. Harga BTC Terakhir (OKX): $61542.60
[ANALIS] State: BEARISH | EMA13/34: $61603.3/$61672.1 | VWAP Sesi: $60957.42 | Vol Surge: 0.9x | BB50: [$61557.15 - $61895.66] | Tren 15m: BEARISH
[DEBUG] EMA streak: 0 | EMA13: 61603.34 | EMA34: 61672.10 | Selisih: -68.76
[2026-07-03 02:20:48] Keputusan analis: Wait
[2026-07-03 02:20:48] Validasi gagal / keputusan WAIT. Tidak ada eksekusi.
[2026-07-03 02:21:48] Siklus Menit Baru. Harga BTC Terakhir (OKX): $61530.00
[ANALIS] State: BEARISH | EMA13/34: $61592.9/$61663.4 | VWAP Sesi: $60957.48 | Vol Surge: 0.7x | BB50: [$61545.61 - $61894.61] | Tren 15m: BEARISH
[DEBUG] EMA streak: 0 | EMA13: 61592.87 | EMA34: 61663.39 | Selisih: -70.52
[2026-07-03 02:21:48] Keputusan analis: Wait
[2026-07-03 02:21:48] Validasi gagal / keputusan WAIT. Tidak ada eksekusi.
[2026-07-03 02:22:48] Siklus Menit Baru. Harga BTC Terakhir (OKX): $61546.70
[ANALIS] State: BEARISH | EMA13/34: $61585.7/$61656.0 | VWAP Sesi: $60957.60 | Vol Surge: 1.4x | BB50: [$61535.83 - $61892.71] | Tren 15m: BEARISH
[DEBUG] EMA streak: 0 | EMA13: 61585.67 | EMA34: 61655.97 | Selisih: -70.30
[2026-07-03 02:22:48] Keputusan analis: Wait
[2026-07-03 02:22:48] Validasi gagal / keputusan WAIT. Tidak ada eksekusi.
[2026-07-03 02:23:48] Siklus Menit Baru. Harga BTC Terakhir (OKX): $61539.70
[ANALIS] State: BEARISH | EMA13/34: $61575.3/$61646.7 | VWAP Sesi: $60957.73 | Vol Surge: 0.7x | BB50: [$61523.48 - $61892.45] | Tren 15m: BEARISH
[DEBUG] EMA streak: 0 | EMA13: 61575.27 | EMA34: 61646.75 | Selisih: -71.48
[2026-07-03 02:23:48] Keputusan analis: Wait
[2026-07-03 02:23:48] Validasi gagal / keputusan WAIT. Tidak ada eksekusi.
[2026-07-03 02:24:48] Siklus Menit Baru. Harga BTC Terakhir (OKX): $61556.60
[ANALIS] State: BEARISH | EMA13/34: $61573.1/$61640.5 | VWAP Sesi: $60957.82 | Vol Surge: 1.0x | BB50: [$61516.28 - $61889.80] | Tren 15m: BEARISH
[DEBUG] EMA streak: 0 | EMA13: 61573.08 | EMA34: 61640.55 | Selisih: -67.47
[2026-07-03 02:24:48] Keputusan analis: Wait
[2026-07-03 02:24:48] Validasi gagal / keputusan WAIT. Tidak ada eksekusi.
[2026-07-03 02:25:48] Siklus Menit Baru. Harga BTC Terakhir (OKX): $61551.40
[ANALIS] State: BEARISH | EMA13/34: $61568.5/$61635.5 | VWAP Sesi: $60957.90 | Vol Surge: 0.9x | BB50: [$61507.34 - $61888.99] | Tren 15m: BEARISH
[DEBUG] EMA streak: 0 | EMA13: 61568.47 | EMA34: 61635.49 | Selisih: -67.02
[2026-07-03 02:25:48] Keputusan analis: Wait
[2026-07-03 02:25:48] Validasi gagal / keputusan WAIT. Tidak ada eksekusi.
[2026-07-03 02:26:48] Siklus Menit Baru. Harga BTC Terakhir (OKX): $61565.60
[ANALIS] State: BEARISH | EMA13/34: $61568.1/$61630.5 | VWAP Sesi: $60958.23 | Vol Surge: 3.1x | BB50: [$61501.32 - $61885.79] | Tren 15m: BEARISH
[DEBUG] EMA streak: 0 | EMA13: 61568.10 | EMA34: 61630.51 | Selisih: -62.42
[2026-07-03 02:26:48] Keputusan analis: Wait
[2026-07-03 02:26:48] Validasi gagal / keputusan WAIT. Tidak ada eksekusi.
[2026-07-03 02:27:49] Siklus Menit Baru. Harga BTC Terakhir (OKX): $61558.70
[ANALIS] State: BEARISH | EMA13/34: $61568.5/$61627.9 | VWAP Sesi: $60958.29 | Vol Surge: 0.3x | BB50: [$61495.78 - $61883.14] | Tren 15m: BEARISH
[DEBUG] EMA streak: 0 | EMA13: 61568.45 | EMA34: 61627.93 | Selisih: -59.48
[2026-07-03 02:27:49] Keputusan analis: Wait
[2026-07-03 02:27:49] Validasi gagal / keputusan WAIT. Tidak ada eksekusi.
[2026-07-03 02:28:49] Siklus Menit Baru. Harga BTC Terakhir (OKX): $61610.20
[ANALIS] State: BEARISH | EMA13/34: $61575.6/$61627.6 | VWAP Sesi: $60958.50 | Vol Surge: 2.1x | BB50: [$61493.83 - $61878.19] | Tren 15m: BEARISH
[DEBUG] EMA streak: 0 | EMA13: 61575.58 | EMA34: 61627.62 | Selisih: -52.04
[2026-07-03 02:28:49] Keputusan analis: Wait
[2026-07-03 02:28:49] Validasi gagal / keputusan WAIT. Tidak ada eksekusi.
[2026-07-03 02:29:49] Siklus Menit Baru. Harga BTC Terakhir (OKX): $61621.70
[ANALIS] State: BEARISH | EMA13/34: $61580.1/$61626.3 | VWAP Sesi: $60958.56 | Vol Surge: 0.6x | BB50: [$61491.31 - $61873.11] | Tren 15m: BEARISH
[DEBUG] EMA streak: 0 | EMA13: 61580.09 | EMA34: 61626.32 | Selisih: -46.23
[2026-07-03 02:29:49] Keputusan analis: Wait
[2026-07-03 02:29:49] Validasi gagal / keputusan WAIT. Tidak ada eksekusi.
[2026-07-03 02:30:49] Siklus Menit Baru. Harga BTC Terakhir (OKX): $61623.00
[ANALIS] State: BEARISH | EMA13/34: $61585.8/$61624.8 | VWAP Sesi: $60958.61 | Vol Surge: 0.4x | BB50: [$61489.77 - $61867.69] | Tren 15m: BULLISH
[DEBUG] EMA streak: 0 | EMA13: 61585.84 | EMA34: 61624.84 | Selisih: -38.99
[2026-07-03 02:30:49] Keputusan analis: Wait
[2026-07-03 02:30:49] Validasi gagal / keputusan WAIT. Tidak ada eksekusi.
[2026-07-03 02:31:49] Siklus Menit Baru. Harga BTC Terakhir (OKX): $61586.80
[ANALIS] State: BEARISH | EMA13/34: $61585.5/$61623.1 | VWAP Sesi: $60959.31 | Vol Surge: 6.3x | BB50: [$61486.11 - $61863.76] | Tren 15m: BULLISH
[DEBUG] EMA streak: 0 | EMA13: 61585.51 | EMA34: 61623.13 | Selisih: -37.62
[2026-07-03 02:31:49] Keputusan analis: Wait
[2026-07-03 02:31:49] Validasi gagal / keputusan WAIT. Tidak ada eksekusi.
[2026-07-03 02:32:49] Siklus Menit Baru. Harga BTC Terakhir (OKX): $61614.00
[ANALIS] State: BEARISH | EMA13/34: $61591.2/$61623.3 | VWAP Sesi: $60963.12 | Vol Surge: 20.0x | BB50: [$61485.33 - $61858.20] | Tren 15m: BULLISH
[DEBUG] EMA streak: 0 | EMA13: 61591.21 | EMA34: 61623.34 | Selisih: -32.13
[2026-07-03 02:32:49] Keputusan analis: Wait
[2026-07-03 02:32:49] Validasi gagal / keputusan WAIT. Tidak ada eksekusi.
[2026-07-03 02:33:49] Siklus Menit Baru. Harga BTC Terakhir (OKX): $61604.80
[ANALIS] State: BEARISH | EMA13/34: $61592.3/$61621.2 | VWAP Sesi: $60963.14 | Vol Surge: 0.3x | BB50: [$61483.40 - $61852.64] | Tren 15m: BULLISH
[DEBUG] EMA streak: 0 | EMA13: 61592.35 | EMA34: 61621.23 | Selisih: -28.88
[2026-07-03 02:33:49] Keputusan analis: Wait
[2026-07-03 02:33:49] Validasi gagal / keputusan WAIT. Tidak ada eksekusi.
[2026-07-03 02:34:50] Siklus Menit Baru. Harga BTC Terakhir (OKX): $61606.80
[ANALIS] State: BEARISH | EMA13/34: $61594.4/$61619.7 | VWAP Sesi: $60963.41 | Vol Surge: 1.0x | BB50: [$61481.76 - $61847.64] | Tren 15m: BULLISH
[DEBUG] EMA streak: 0 | EMA13: 61594.41 | EMA34: 61619.66 | Selisih: -25.26
[2026-07-03 02:34:50] Keputusan analis: Wait
[2026-07-03 02:34:50] Validasi gagal / keputusan WAIT. Tidak ada eksekusi.
[2026-07-03 02:35:50] Siklus Menit Baru. Harga BTC Terakhir (OKX): $61632.00
[ANALIS] State: BEARISH | EMA13/34: $61599.8/$61620.2 | VWAP Sesi: $60964.58 | Vol Surge: 5.3x | BB50: [$61481.02 - $61843.34] | Tren 15m: BULLISH
[DEBUG] EMA streak: 0 | EMA13: 61599.82 | EMA34: 61620.21 | Selisih: -20.39
[2026-07-03 02:35:50] Keputusan analis: Wait
[2026-07-03 02:35:50] Validasi gagal / keputusan WAIT. Tidak ada eksekusi.
[2026-07-03 02:36:50] Siklus Menit Baru. Harga BTC Terakhir (OKX): $61604.00
[ANALIS] State: BEARISH | EMA13/34: $61600.4/$61621.0 | VWAP Sesi: $60964.60 | Vol Surge: 0.1x | BB50: [$61479.26 - $61839.06] | Tren 15m: BULLISH
[DEBUG] EMA streak: 0 | EMA13: 61600.43 | EMA34: 61620.99 | Selisih: -20.55
[2026-07-03 02:36:50] Keputusan analis: Wait
[2026-07-03 02:36:50] Validasi gagal / keputusan WAIT. Tidak ada eksekusi.
[2026-07-03 02:37:50] Siklus Menit Baru. Harga BTC Terakhir (OKX): $61570.20
[ANALIS] State: BEARISH | EMA13/34: $61595.4/$61622.2 | VWAP Sesi: $60964.64 | Vol Surge: 0.2x | BB50: [$61476.78 - $61832.62] | Tren 15m: BULLISH
[DEBUG] EMA streak: 0 | EMA13: 61595.43 | EMA34: 61622.18 | Selisih: -26.75
[2026-07-03 02:37:50] Keputusan analis: Wait
[2026-07-03 02:37:50] Validasi gagal / keputusan WAIT. Tidak ada eksekusi.
[2026-07-03 02:38:50] Siklus Menit Baru. Harga BTC Terakhir (OKX): $61531.00
[ANALIS] State: BEARISH | EMA13/34: $61586.1/$61615.1 | VWAP Sesi: $60965.72 | Vol Surge: 5.4x | BB50: [$61477.69 - $61818.07] | Tren 15m: BEARISH
[DEBUG] EMA streak: 0 | EMA13: 61586.09 | EMA34: 61615.10 | Selisih: -29.01
[2026-07-03 02:38:50] Keputusan analis: Wait
[2026-07-03 02:38:50] Validasi gagal / keputusan WAIT. Tidak ada eksekusi.
[2026-07-03 02:39:50] Siklus Menit Baru. Harga BTC Terakhir (OKX): $61555.30
[ANALIS] State: BEARISH | EMA13/34: $61581.7/$61610.1 | VWAP Sesi: $60965.80 | Vol Surge: 0.4x | BB50: [$61478.93 - $61805.58] | Tren 15m: BULLISH
[DEBUG] EMA streak: 0 | EMA13: 61581.67 | EMA34: 61610.05 | Selisih: -28.38
[2026-07-03 02:39:50] Keputusan analis: Wait
[2026-07-03 02:39:50] Validasi gagal / keputusan WAIT. Tidak ada eksekusi.
[2026-07-03 02:40:50] Siklus Menit Baru. Harga BTC Terakhir (OKX): $61571.50
[ANALIS] State: BEARISH | EMA13/34: $61580.2/$61606.6 | VWAP Sesi: $60965.83 | Vol Surge: 0.1x | BB50: [$61479.92 - $61795.21] | Tren 15m: BULLISH
[DEBUG] EMA streak: 0 | EMA13: 61580.20 | EMA34: 61606.65 | Selisih: -26.45
[2026-07-03 02:40:50] Keputusan analis: Wait
[2026-07-03 02:40:50] Validasi gagal / keputusan WAIT. Tidak ada eksekusi.
[2026-07-03 02:41:51] Siklus Menit Baru. Harga BTC Terakhir (OKX): $61586.80
[ANALIS] State: BEARISH | EMA13/34: $61581.1/$61606.2 | VWAP Sesi: $60965.86 | Vol Surge: 0.1x | BB50: [$61480.99 - $61786.30] | Tren 15m: BULLISH
[DEBUG] EMA streak: 0 | EMA13: 61581.15 | EMA34: 61606.17 | Selisih: -25.02
[2026-07-03 02:41:51] Keputusan analis: Wait
[2026-07-03 02:41:51] Validasi gagal / keputusan WAIT. Tidak ada eksekusi.
[2026-07-03 02:42:51] Siklus Menit Baru. Harga BTC Terakhir (OKX): $61585.80
[ANALIS] State: BEARISH | EMA13/34: $61581.8/$61605.4 | VWAP Sesi: $60965.88 | Vol Surge: 0.1x | BB50: [$61483.42 - $61775.48] | Tren 15m: BULLISH
[DEBUG] EMA streak: 0 | EMA13: 61581.82 | EMA34: 61605.40 | Selisih: -23.58
[2026-07-03 02:42:51] Keputusan analis: Wait
[2026-07-03 02:42:51] Validasi gagal / keputusan WAIT. Tidak ada eksekusi.
[2026-07-03 02:43:51] Siklus Menit Baru. Harga BTC Terakhir (OKX): $61578.80
[ANALIS] State: BEARISH | EMA13/34: $61581.4/$61603.0 | VWAP Sesi: $60965.92 | Vol Surge: 0.1x | BB50: [$61486.98 - $61762.96] | Tren 15m: BEARISH
[DEBUG] EMA streak: 0 | EMA13: 61581.38 | EMA34: 61602.98 | Selisih: -21.60
[2026-07-03 02:43:51] Keputusan analis: Wait
[2026-07-03 02:43:51] Validasi gagal / keputusan WAIT. Tidak ada eksekusi.
[2026-07-03 02:44:51] Siklus Menit Baru. Harga BTC Terakhir (OKX): $61586.20
[ANALIS] State: BEARISH | EMA13/34: $61582.0/$61598.4 | VWAP Sesi: $60965.94 | Vol Surge: 0.1x | BB50: [$61490.48 - $61751.47] | Tren 15m: BEARISH
[DEBUG] EMA streak: 0 | EMA13: 61582.04 | EMA34: 61598.42 | Selisih: -16.38
[2026-07-03 02:44:51] Keputusan analis: Wait
[2026-07-03 02:44:51] Validasi gagal / keputusan WAIT. Tidak ada eksekusi.
[2026-07-03 02:45:51] Siklus Menit Baru. Harga BTC Terakhir (OKX): $61606.20
[ANALIS] State: BEARISH | EMA13/34: $61584.7/$61598.0 | VWAP Sesi: $60965.95 | Vol Surge: 0.0x | BB50: [$61490.87 - $61746.36] | Tren 15m: BEARISH
[DEBUG] EMA streak: 0 | EMA13: 61584.65 | EMA34: 61597.99 | Selisih: -13.34
[2026-07-03 02:45:51] Keputusan analis: Wait
[2026-07-03 02:45:51] Validasi gagal / keputusan WAIT. Tidak ada eksekusi.
[2026-07-03 02:46:51] Siklus Menit Baru. Harga BTC Terakhir (OKX): $61574.00
[ANALIS] State: BEARISH | EMA13/34: $61582.4/$61597.0 | VWAP Sesi: $60965.96 | Vol Surge: 0.1x | BB50: [$61490.03 - $61741.61] | Tren 15m: BEARISH
[DEBUG] EMA streak: 0 | EMA13: 61582.41 | EMA34: 61597.04 | Selisih: -14.62
[2026-07-03 02:46:51] Keputusan analis: Wait
[2026-07-03 02:46:51] Validasi gagal / keputusan WAIT. Tidak ada eksekusi.
[2026-07-03 02:47:51] Siklus Menit Baru. Harga BTC Terakhir (OKX): $61556.60
[ANALIS] State: BEARISH | EMA13/34: $61578.9/$61595.7 | VWAP Sesi: $60965.97 | Vol Surge: 0.1x | BB50: [$61489.45 - $61735.62] | Tren 15m: BEARISH
[DEBUG] EMA streak: 0 | EMA13: 61578.89 | EMA34: 61595.72 | Selisih: -16.83
[2026-07-03 02:47:51] Keputusan analis: Wait
[2026-07-03 02:47:51] Validasi gagal / keputusan WAIT. Tidak ada eksekusi.
[2026-07-03 02:48:52] Siklus Menit Baru. Harga BTC Terakhir (OKX): $61545.00
[ANALIS] State: BEARISH | EMA13/34: $61572.9/$61593.5 | VWAP Sesi: $60966.00 | Vol Surge: 0.1x | BB50: [$61489.10 - $61727.81] | Tren 15m: BEARISH
[DEBUG] EMA streak: 0 | EMA13: 61572.92 | EMA34: 61593.47 | Selisih: -20.55
[2026-07-03 02:48:52] Keputusan analis: Wait
[2026-07-03 02:48:52] Validasi gagal / keputusan WAIT. Tidak ada eksekusi.
[2026-07-03 02:49:52] Siklus Menit Baru. Harga BTC Terakhir (OKX): $61544.00
[ANALIS] State: BEARISH | EMA13/34: $61568.8/$61588.6 | VWAP Sesi: $60966.01 | Vol Surge: 0.1x | BB50: [$61491.72 - $61716.49] | Tren 15m: BEARISH
[DEBUG] EMA streak: 0 | EMA13: 61568.77 | EMA34: 61588.56 | Selisih: -19.79
[2026-07-03 02:49:52] Keputusan analis: Wait
[2026-07-03 02:49:52] Validasi gagal / keputusan WAIT. Tidak ada eksekusi.
[2026-07-03 02:50:52] Siklus Menit Baru. Harga BTC Terakhir (OKX): $61650.00
[ANALIS] State: BEARISH | EMA13/34: $61580.4/$61592.0 | VWAP Sesi: $60966.65 | Vol Surge: 2.7x | BB50: [$61494.59 - $61710.75] | Tren 15m: BULLISH
[DEBUG] EMA streak: 0 | EMA13: 61580.39 | EMA34: 61591.97 | Selisih: -11.59
[2026-07-03 02:50:52] Keputusan analis: Wait
[2026-07-03 02:50:52] Validasi gagal / keputusan WAIT. Tidak ada eksekusi.
[2026-07-03 02:51:52] Siklus Menit Baru. Harga BTC Terakhir (OKX): $61680.50
[ANALIS] State: BEARISH | EMA13/34: $61595.4/$61597.5 | VWAP Sesi: $60966.78 | Vol Surge: 0.5x | BB50: [$61496.60 - $61707.39] | Tren 15m: BULLISH
[DEBUG] EMA streak: 0 | EMA13: 61595.35 | EMA34: 61597.49 | Selisih: -2.14
[2026-07-03 02:51:52] Keputusan analis: Wait
[2026-07-03 02:51:52] Validasi gagal / keputusan WAIT. Tidak ada eksekusi.
[2026-07-03 02:52:52] Siklus Menit Baru. Harga BTC Terakhir (OKX): $61640.60
[ANALIS] State: SIDEWAYS | EMA13/34: $61600.5/$61599.3 | VWAP Sesi: $60967.18 | Vol Surge: 1.6x | BB50: [$61500.54 - $61699.72] | Tren 15m: BULLISH
[ANALIS-SIDEWAYS] WAIT - Lebar BB sempit (0.323%).
[2026-07-03 02:52:52] Keputusan analis: Wait
[2026-07-03 02:52:52] Validasi gagal / keputusan WAIT. Tidak ada eksekusi.
[2026-07-03 02:53:52] Siklus Menit Baru. Harga BTC Terakhir (OKX): $61629.70
[ANALIS] State: SIDEWAYS | EMA13/34: $61605.6/$61600.1 | VWAP Sesi: $60967.22 | Vol Surge: 0.2x | BB50: [$61504.28 - $61692.66] | Tren 15m: BULLISH
[ANALIS-SIDEWAYS] WAIT - Lebar BB sempit (0.306%).
[2026-07-03 02:53:52] Keputusan analis: Wait
[2026-07-03 02:53:52] Validasi gagal / keputusan WAIT. Tidak ada eksekusi.
[2026-07-03 02:54:52] Siklus Menit Baru. Harga BTC Terakhir (OKX): $61675.70
[ANALIS] State: SIDEWAYS | EMA13/34: $61616.7/$61603.5 | VWAP Sesi: $60967.42 | Vol Surge: 0.7x | BB50: [$61505.32 - $61691.15] | Tren 15m: BULLISH
[ANALIS-SIDEWAYS] WAIT - Lebar BB sempit (0.301%).
[2026-07-03 02:54:52] Keputusan analis: Wait
[2026-07-03 02:54:52] Validasi gagal / keputusan WAIT. Tidak ada eksekusi.
[2026-07-03 02:55:52] Siklus Menit Baru. Harga BTC Terakhir (OKX): $61491.00
[ANALIS] State: SIDEWAYS | EMA13/34: $61597.9/$61597.3 | VWAP Sesi: $60969.78 | Vol Surge: 9.4x | BB50: [$61499.18 - $61689.92] | Tren 15m: BEARISH
[ANALIS-SIDEWAYS] WAIT - Lebar BB sempit (0.310%).
[2026-07-03 02:55:52] Keputusan analis: Wait
[2026-07-03 02:55:52] Validasi gagal / keputusan WAIT. Tidak ada eksekusi.
[2026-07-03 02:56:53] Siklus Menit Baru. Harga BTC Terakhir (OKX): $61567.10
[ANALIS] State: SIDEWAYS | EMA13/34: $61595.4/$61596.0 | VWAP Sesi: $60970.27 | Vol Surge: 1.2x | BB50: [$61501.46 - $61683.70] | Tren 15m: BEARISH
[ANALIS-SIDEWAYS] WAIT - Lebar BB sempit (0.296%).
[2026-07-03 02:56:53] Keputusan analis: Wait
[2026-07-03 02:56:53] Validasi gagal / keputusan WAIT. Tidak ada eksekusi.
[2026-07-03 02:57:53] Siklus Menit Baru. Harga BTC Terakhir (OKX): $61578.00
[ANALIS] State: SIDEWAYS | EMA13/34: $61592.9/$61594.6 | VWAP Sesi: $60970.35 | Vol Surge: 0.3x | BB50: [$61502.46 - $61678.87] | Tren 15m: BEARISH
[ANALIS-SIDEWAYS] WAIT - Lebar BB sempit (0.286%).
[2026-07-03 02:57:53] Keputusan analis: Wait
[2026-07-03 02:57:53] Validasi gagal / keputusan WAIT. Tidak ada eksekusi.
[2026-07-03 02:58:53] Siklus Menit Baru. Harga BTC Terakhir (OKX): $61482.40
[ANALIS] State: SIDEWAYS | EMA13/34: $61578.6/$61587.8 | VWAP Sesi: $60970.86 | Vol Surge: 2.1x | BB50: [$61497.37 - $61677.06] | Tren 15m: BEARISH
[ANALIS-SIDEWAYS] WAIT - Lebar BB sempit (0.292%).
[2026-07-03 02:58:53] Keputusan analis: Wait
[2026-07-03 02:58:53] Validasi gagal / keputusan WAIT. Tidak ada eksekusi.
[2026-07-03 02:59:53] Siklus Menit Baru. Harga BTC Terakhir (OKX): $61465.30
[ANALIS] State: SIDEWAYS | EMA13/34: $61560.7/$61579.0 | VWAP Sesi: $60971.59 | Vol Surge: 2.5x | BB50: [$61487.66 - $61679.03] | Tren 15m: BEARISH
[ANALIS-SIDEWAYS] WAIT - Lebar BB sempit (0.311%).
[2026-07-03 02:59:53] Keputusan analis: Wait
[2026-07-03 02:59:53] Validasi gagal / keputusan WAIT. Tidak ada eksekusi.
[2026-07-03 03:00:53] Siklus Menit Baru. Harga BTC Terakhir (OKX): $61430.90
[ANALIS] State: SIDEWAYS | EMA13/34: $61545.2/$61572.3 | VWAP Sesi: $60972.73 | Vol Surge: 3.5x | BB50: [$61478.09 - $61681.75] | Tren 15m: BEARISH
[ANALIS-SIDEWAYS] WAIT - Lebar BB sempit (0.332%).
[2026-07-03 03:00:53] Keputusan analis: Wait
[2026-07-03 03:00:53] Validasi gagal / keputusan WAIT. Tidak ada eksekusi.
[2026-07-03 03:01:53] Siklus Menit Baru. Harga BTC Terakhir (OKX): $61407.60
[ANALIS] State: BEARISH | EMA13/34: $61525.5/$61563.0 | VWAP Sesi: $60972.80 | Vol Surge: 0.3x | BB50: [$61463.92 - $61686.81] | Tren 15m: BEARISH
[DEBUG] EMA streak: 0 | EMA13: 61525.53 | EMA34: 61563.00 | Selisih: -37.47
[2026-07-03 03:01:53] Keputusan analis: Wait
[2026-07-03 03:01:53] Validasi gagal / keputusan WAIT. Tidak ada eksekusi.
[2026-07-03 03:02:53] Siklus Menit Baru. Harga BTC Terakhir (OKX): $61411.70
[ANALIS] State: BEARISH | EMA13/34: $61508.8/$61555.9 | VWAP Sesi: $60972.85 | Vol Surge: 0.2x | BB50: [$61451.25 - $61690.32] | Tren 15m: BEARISH
[DEBUG] EMA streak: 0 | EMA13: 61508.79 | EMA34: 61555.89 | Selisih: -47.10
[2026-07-03 03:02:53] Keputusan analis: Wait
[2026-07-03 03:02:53] Validasi gagal / keputusan WAIT. Tidak ada eksekusi.
[2026-07-03 03:03:53] Siklus Menit Baru. Harga BTC Terakhir (OKX): $61441.30
[ANALIS] State: BEARISH | EMA13/34: $61498.0/$61548.6 | VWAP Sesi: $60973.01 | Vol Surge: 0.6x | BB50: [$61443.61 - $61688.46] | Tren 15m: BEARISH
[DEBUG] EMA streak: 0 | EMA13: 61497.99 | EMA34: 61548.61 | Selisih: -50.62
[2026-07-03 03:03:53] Keputusan analis: Wait
[2026-07-03 03:03:53] Validasi gagal / keputusan WAIT. Tidak ada eksekusi.
[2026-07-03 03:04:54] Siklus Menit Baru. Harga BTC Terakhir (OKX): $61462.50
[ANALIS] State: BEARISH | EMA13/34: $61495.2/$61541.6 | VWAP Sesi: $60973.07 | Vol Surge: 0.1x | BB50: [$61441.33 - $61683.38] | Tren 15m: BEARISH
[DEBUG] EMA streak: 0 | EMA13: 61495.22 | EMA34: 61541.62 | Selisih: -46.40
[2026-07-03 03:04:54] Keputusan analis: Wait
[2026-07-03 03:04:54] Validasi gagal / keputusan WAIT. Tidak ada eksekusi.
[2026-07-03 03:05:54] Siklus Menit Baru. Harga BTC Terakhir (OKX): $61449.60
[ANALIS] State: BEARISH | EMA13/34: $61488.5/$61534.6 | VWAP Sesi: $60973.15 | Vol Surge: 0.3x | BB50: [$61434.70 - $61683.66] | Tren 15m: BEARISH
[DEBUG] EMA streak: 0 | EMA13: 61488.47 | EMA34: 61534.57 | Selisih: -46.10
[2026-07-03 03:05:54] Keputusan analis: Wait
[2026-07-03 03:05:54] Validasi gagal / keputusan WAIT. Tidak ada eksekusi.
[2026-07-03 03:06:54] Siklus Menit Baru. Harga BTC Terakhir (OKX): $61437.50
[ANALIS] State: BEARISH | EMA13/34: $61480.7/$61527.7 | VWAP Sesi: $60973.25 | Vol Surge: 0.4x | BB50: [$61427.15 - $61685.58] | Tren 15m: BEARISH
[DEBUG] EMA streak: 0 | EMA13: 61480.71 | EMA34: 61527.69 | Selisih: -46.98
[2026-07-03 03:06:54] Keputusan analis: Wait
[2026-07-03 03:06:54] Validasi gagal / keputusan WAIT. Tidak ada eksekusi.
[2026-07-03 03:07:54] Siklus Menit Baru. Harga BTC Terakhir (OKX): $61489.40
[ANALIS] State: BEARISH | EMA13/34: $61481.9/$61524.9 | VWAP Sesi: $60973.36 | Vol Surge: 0.4x | BB50: [$61424.51 - $61685.66] | Tren 15m: BEARISH
[DEBUG] EMA streak: 0 | EMA13: 61481.93 | EMA34: 61524.90 | Selisih: -42.96
[2026-07-03 03:07:54] Keputusan analis: Wait
[2026-07-03 03:07:54] Validasi gagal / keputusan WAIT. Tidak ada eksekusi.
[2026-07-03 03:08:54] Siklus Menit Baru. Harga BTC Terakhir (OKX): $61534.60
[ANALIS] State: BEARISH | EMA13/34: $61489.1/$61526.1 | VWAP Sesi: $60973.45 | Vol Surge: 0.3x | BB50: [$61424.13 - $61685.64] | Tren 15m: BEARISH
[DEBUG] EMA streak: 0 | EMA13: 61489.15 | EMA34: 61526.05 | Selisih: -36.91
[2026-07-03 03:08:54] Keputusan analis: Wait
[2026-07-03 03:08:54] Validasi gagal / keputusan WAIT. Tidak ada eksekusi.
[2026-07-03 03:09:54] Siklus Menit Baru. Harga BTC Terakhir (OKX): $61523.50
[ANALIS] State: BEARISH | EMA13/34: $61493.4/$61524.9 | VWAP Sesi: $60973.52 | Vol Surge: 0.2x | BB50: [$61423.00 - $61685.25] | Tren 15m: BEARISH
[DEBUG] EMA streak: 0 | EMA13: 61493.39 | EMA34: 61524.91 | Selisih: -31.53
[2026-07-03 03:09:54] Keputusan analis: Wait
[2026-07-03 03:09:54] Validasi gagal / keputusan WAIT. Tidak ada eksekusi.
[2026-07-03 03:10:54] Siklus Menit Baru. Harga BTC Terakhir (OKX): $61482.50
[ANALIS] State: BEARISH | EMA13/34: $61490.6/$61521.0 | VWAP Sesi: $60973.55 | Vol Surge: 0.1x | BB50: [$61419.91 - $61685.55] | Tren 15m: BEARISH
[DEBUG] EMA streak: 0 | EMA13: 61490.62 | EMA34: 61521.04 | Selisih: -30.42
[2026-07-03 03:10:54] Keputusan analis: Wait
[2026-07-03 03:10:54] Validasi gagal / keputusan WAIT. Tidak ada eksekusi.
[2026-07-03 03:11:55] Siklus Menit Baru. Harga BTC Terakhir (OKX): $61457.10
[ANALIS] State: BEARISH | EMA13/34: $61485.1/$61516.8 | VWAP Sesi: $60973.58 | Vol Surge: 0.1x | BB50: [$61415.72 - $61686.79] | Tren 15m: BEARISH
[DEBUG] EMA streak: 0 | EMA13: 61485.13 | EMA34: 61516.80 | Selisih: -31.67
[2026-07-03 03:11:55] Keputusan analis: Wait
[2026-07-03 03:11:55] Validasi gagal / keputusan WAIT. Tidak ada eksekusi.
[2026-07-03 03:12:55] Siklus Menit Baru. Harga BTC Terakhir (OKX): $61437.60
[ANALIS] State: BEARISH | EMA13/34: $61477.8/$61513.1 | VWAP Sesi: $60973.58 | Vol Surge: 0.0x | BB50: [$61410.32 - $61688.73] | Tren 15m: BEARISH
[DEBUG] EMA streak: 0 | EMA13: 61477.84 | EMA34: 61513.11 | Selisih: -35.27
[2026-07-03 03:12:55] Keputusan analis: Wait
[2026-07-03 03:12:55] Validasi gagal / keputusan WAIT. Tidak ada eksekusi.
[2026-07-03 03:13:55] Siklus Menit Baru. Harga BTC Terakhir (OKX): $61433.40
[ANALIS] State: BEARISH | EMA13/34: $61473.1/$61509.5 | VWAP Sesi: $60973.60 | Vol Surge: 0.1x | BB50: [$61405.45 - $61689.85] | Tren 15m: BEARISH
[DEBUG] EMA streak: 0 | EMA13: 61473.06 | EMA34: 61509.47 | Selisih: -36.41
[2026-07-03 03:13:55] Keputusan analis: Wait
[2026-07-03 03:13:55] Validasi gagal / keputusan WAIT. Tidak ada eksekusi.
[2026-07-03 03:14:55] Siklus Menit Baru. Harga BTC Terakhir (OKX): $61436.90
[ANALIS] State: BEARISH | EMA13/34: $61467.9/$61505.7 | VWAP Sesi: $60973.61 | Vol Surge: 0.0x | BB50: [$61399.97 - $61691.04] | Tren 15m: BEARISH
[DEBUG] EMA streak: 0 | EMA13: 61467.90 | EMA34: 61505.74 | Selisih: -37.84
[2026-07-03 03:14:55] Keputusan analis: Wait
[2026-07-03 03:14:55] Validasi gagal / keputusan WAIT. Tidak ada eksekusi.
[2026-07-03 03:15:55] Siklus Menit Baru. Harga BTC Terakhir (OKX): $61476.20
[ANALIS] State: BEARISH | EMA13/34: $61469.0/$61505.4 | VWAP Sesi: $60973.72 | Vol Surge: 0.2x | BB50: [$61397.14 - $61690.81] | Tren 15m: BULLISH
[DEBUG] EMA streak: 0 | EMA13: 61469.01 | EMA34: 61505.44 | Selisih: -36.43
[2026-07-03 03:15:55] Keputusan analis: Wait
[2026-07-03 03:15:55] Validasi gagal / keputusan WAIT. Tidak ada eksekusi.
[2026-07-03 03:16:55] Siklus Menit Baru. Harga BTC Terakhir (OKX): $61489.70
[ANALIS] State: BEARISH | EMA13/34: $61472.4/$61504.1 | VWAP Sesi: $60973.76 | Vol Surge: 0.1x | BB50: [$61395.12 - $61689.39] | Tren 15m: BULLISH
[DEBUG] EMA streak: 0 | EMA13: 61472.38 | EMA34: 61504.15 | Selisih: -31.77
[2026-07-03 03:16:55] Keputusan analis: Wait
[2026-07-03 03:16:55] Validasi gagal / keputusan WAIT. Tidak ada eksekusi.
[2026-07-03 03:17:55] Siklus Menit Baru. Harga BTC Terakhir (OKX): $61447.90
[ANALIS] State: BEARISH | EMA13/34: $61468.9/$61502.6 | VWAP Sesi: $60973.77 | Vol Surge: 0.0x | BB50: [$61390.57 - $61689.13] | Tren 15m: BULLISH
[DEBUG] EMA streak: 0 | EMA13: 61468.88 | EMA34: 61502.57 | Selisih: -33.69
[2026-07-03 03:17:55] Keputusan analis: Wait
[2026-07-03 03:17:55] Validasi gagal / keputusan WAIT. Tidak ada eksekusi.
[2026-07-03 03:18:56] Siklus Menit Baru. Harga BTC Terakhir (OKX): $61468.50
[ANALIS] State: BEARISH | EMA13/34: $61468.8/$61501.4 | VWAP Sesi: $60973.80 | Vol Surge: 0.1x | BB50: [$61387.63 - $61686.83] | Tren 15m: BULLISH
[DEBUG] EMA streak: 0 | EMA13: 61468.83 | EMA34: 61501.37 | Selisih: -32.54
[2026-07-03 03:18:56] Keputusan analis: Wait
[2026-07-03 03:18:56] Validasi gagal / keputusan WAIT. Tidak ada eksekusi.
[2026-07-03 03:19:56] Siklus Menit Baru. Harga BTC Terakhir (OKX): $61439.30
[ANALIS] State: BEARISH | EMA13/34: $61464.6/$61498.1 | VWAP Sesi: $60973.82 | Vol Surge: 0.1x | BB50: [$61383.30 - $61684.19] | Tren 15m: BEARISH
[DEBUG] EMA streak: 0 | EMA13: 61464.62 | EMA34: 61498.12 | Selisih: -33.50
[2026-07-03 03:19:56] Keputusan analis: Wait
[2026-07-03 03:19:56] Validasi gagal / keputusan WAIT. Tidak ada eksekusi.
[2026-07-03 03:20:56] Siklus Menit Baru. Harga BTC Terakhir (OKX): $61425.80
[ANALIS] State: BEARISH | EMA13/34: $61459.1/$61493.0 | VWAP Sesi: $60973.82 | Vol Surge: 0.0x | BB50: [$61378.47 - $61681.29] | Tren 15m: BEARISH
[DEBUG] EMA streak: 0 | EMA13: 61459.06 | EMA34: 61492.99 | Selisih: -33.92
[2026-07-03 03:20:56] Keputusan analis: Wait
[2026-07-03 03:20:56] Validasi gagal / keputusan WAIT. Tidak ada eksekusi.
[2026-07-03 03:21:56] Siklus Menit Baru. Harga BTC Terakhir (OKX): $61426.70
[ANALIS] State: BEARISH | EMA13/34: $61452.4/$61488.7 | VWAP Sesi: $60973.85 | Vol Surge: 0.1x | BB50: [$61372.54 - $61679.68] | Tren 15m: BEARISH
[DEBUG] EMA streak: 0 | EMA13: 61452.39 | EMA34: 61488.75 | Selisih: -36.35
[2026-07-03 03:21:56] Keputusan analis: Wait
[2026-07-03 03:21:56] Validasi gagal / keputusan WAIT. Tidak ada eksekusi.
[2026-07-03 03:22:56] Siklus Menit Baru. Harga BTC Terakhir (OKX): $61420.50
[ANALIS] State: BEARISH | EMA13/34: $61449.1/$61485.3 | VWAP Sesi: $60973.86 | Vol Surge: 0.0x | BB50: [$61368.58 - $61676.59] | Tren 15m: BEARISH
[DEBUG] EMA streak: 0 | EMA13: 61449.13 | EMA34: 61485.27 | Selisih: -36.14
[2026-07-03 03:22:56] Keputusan analis: Wait
[2026-07-03 03:22:56] Validasi gagal / keputusan WAIT. Tidak ada eksekusi.
[2026-07-03 03:23:56] Siklus Menit Baru. Harga BTC Terakhir (OKX): $61426.90
[ANALIS] State: BEARISH | EMA13/34: $61445.9/$61482.1 | VWAP Sesi: $60973.93 | Vol Surge: 0.4x | BB50: [$61364.55 - $61673.49] | Tren 15m: BEARISH
[DEBUG] EMA streak: 0 | EMA13: 61445.95 | EMA34: 61482.06 | Selisih: -36.11
[2026-07-03 03:23:56] Keputusan analis: Wait
[2026-07-03 03:23:56] Validasi gagal / keputusan WAIT. Tidak ada eksekusi.
[2026-07-03 03:24:56] Siklus Menit Baru. Harga BTC Terakhir (OKX): $61423.00
[ANALIS] State: BEARISH | EMA13/34: $61443.0/$61480.1 | VWAP Sesi: $60973.95 | Vol Surge: 0.2x | BB50: [$61360.81 - $61669.95] | Tren 15m: BEARISH
[DEBUG] EMA streak: 0 | EMA13: 61442.98 | EMA34: 61480.11 | Selisih: -37.13
[2026-07-03 03:24:56] Keputusan analis: Wait
[2026-07-03 03:24:56] Validasi gagal / keputusan WAIT. Tidak ada eksekusi.
[2026-07-03 03:25:57] Siklus Menit Baru. Harga BTC Terakhir (OKX): $61418.50
[ANALIS] State: BEARISH | EMA13/34: $61439.0/$61474.6 | VWAP Sesi: $60973.98 | Vol Surge: 0.1x | BB50: [$61357.64 - $61664.44] | Tren 15m: BEARISH
[DEBUG] EMA streak: 0 | EMA13: 61439.03 | EMA34: 61474.62 | Selisih: -35.59
[2026-07-03 03:25:57] Keputusan analis: Wait
[2026-07-03 03:25:57] Validasi gagal / keputusan WAIT. Tidak ada eksekusi.
[2026-07-03 03:26:57] Siklus Menit Baru. Harga BTC Terakhir (OKX): $61401.40
[ANALIS] State: BEARISH | EMA13/34: $61433.6/$61468.9 | VWAP Sesi: $60974.05 | Vol Surge: 0.5x | BB50: [$61352.75 - $61661.46] | Tren 15m: BEARISH
[DEBUG] EMA streak: 0 | EMA13: 61433.64 | EMA34: 61468.90 | Selisih: -35.26
[2026-07-03 03:26:57] Keputusan analis: Wait
[2026-07-03 03:26:57] Validasi gagal / keputusan WAIT. Tidak ada eksekusi.
[2026-07-03 03:27:57] Siklus Menit Baru. Harga BTC Terakhir (OKX): $61401.50
[ANALIS] State: BEARISH | EMA13/34: $61429.0/$61463.0 | VWAP Sesi: $60974.05 | Vol Surge: 0.0x | BB50: [$61347.66 - $61659.84] | Tren 15m: BEARISH
[DEBUG] EMA streak: 0 | EMA13: 61429.03 | EMA34: 61463.04 | Selisih: -34.00
[2026-07-03 03:27:57] Keputusan analis: Wait
[2026-07-03 03:27:57] Validasi gagal / keputusan WAIT. Tidak ada eksekusi.
[2026-07-03 03:28:57] Siklus Menit Baru. Harga BTC Terakhir (OKX): $61401.40
[ANALIS] State: BEARISH | EMA13/34: $61425.1/$61460.8 | VWAP Sesi: $60974.05 | Vol Surge: 0.0x | BB50: [$61342.69 - $61659.64] | Tren 15m: BEARISH
[DEBUG] EMA streak: 0 | EMA13: 61425.11 | EMA34: 61460.80 | Selisih: -35.69
[2026-07-03 03:28:57] Keputusan analis: Wait
[2026-07-03 03:28:57] Validasi gagal / keputusan WAIT. Tidak ada eksekusi.
[2026-07-03 03:29:57] Siklus Menit Baru. Harga BTC Terakhir (OKX): $61399.90
[ANALIS] State: BEARISH | EMA13/34: $61421.5/$61458.2 | VWAP Sesi: $60974.07 | Vol Surge: 0.1x | BB50: [$61337.85 - $61658.25] | Tren 15m: BEARISH
[DEBUG] EMA streak: 0 | EMA13: 61421.50 | EMA34: 61458.17 | Selisih: -36.67
[2026-07-03 03:29:57] Keputusan analis: Wait
[2026-07-03 03:29:57] Validasi gagal / keputusan WAIT. Tidak ada eksekusi.
[2026-07-03 03:30:57] Siklus Menit Baru. Harga BTC Terakhir (OKX): $61389.70
[ANALIS] State: BEARISH | EMA13/34: $61417.0/$61455.1 | VWAP Sesi: $60974.09 | Vol Surge: 0.1x | BB50: [$61332.81 - $61656.03] | Tren 15m: BEARISH
[DEBUG] EMA streak: 0 | EMA13: 61416.98 | EMA34: 61455.07 | Selisih: -38.09
[2026-07-03 03:30:57] Keputusan analis: Wait
[2026-07-03 03:30:57] Validasi gagal / keputusan WAIT. Tidak ada eksekusi.
[2026-07-03 03:31:57] Siklus Menit Baru. Harga BTC Terakhir (OKX): $61406.40
[ANALIS] State: BEARISH | EMA13/34: $61415.5/$61452.2 | VWAP Sesi: $60974.14 | Vol Surge: 0.4x | BB50: [$61329.56 - $61652.06] | Tren 15m: BEARISH
[DEBUG] EMA streak: 0 | EMA13: 61415.47 | EMA34: 61452.24 | Selisih: -36.77
[2026-07-03 03:31:57] Keputusan analis: Wait
[2026-07-03 03:31:57] Validasi gagal / keputusan WAIT. Tidak ada eksekusi.
[2026-07-03 03:32:58] Siklus Menit Baru. Harga BTC Terakhir (OKX): $61412.90
[ANALIS] State: BEARISH | EMA13/34: $61415.1/$61449.6 | VWAP Sesi: $60974.17 | Vol Surge: 0.2x | BB50: [$61326.99 - $61647.72] | Tren 15m: BEARISH
[DEBUG] EMA streak: 0 | EMA13: 61415.11 | EMA34: 61449.62 | Selisih: -34.52
[2026-07-03 03:32:58] Keputusan analis: Wait
[2026-07-03 03:32:58] Validasi gagal / keputusan WAIT. Tidak ada eksekusi.
[2026-07-03 03:33:58] Siklus Menit Baru. Harga BTC Terakhir (OKX): $61390.30
[ANALIS] State: BEARISH | EMA13/34: $61411.6/$61446.3 | VWAP Sesi: $60974.41 | Vol Surge: 1.8x | BB50: [$61323.14 - $61644.04] | Tren 15m: BEARISH
[DEBUG] EMA streak: 0 | EMA13: 61411.58 | EMA34: 61446.27 | Selisih: -34.69
[2026-07-03 03:33:58] Keputusan analis: Wait
[2026-07-03 03:33:58] Validasi gagal / keputusan WAIT. Tidak ada eksekusi.
[2026-07-03 03:34:58] Siklus Menit Baru. Harga BTC Terakhir (OKX): $61404.10
[ANALIS] State: BEARISH | EMA13/34: $61410.5/$61445.0 | VWAP Sesi: $60974.44 | Vol Surge: 0.2x | BB50: [$61320.50 - $61639.66] | Tren 15m: BEARISH
[DEBUG] EMA streak: 0 | EMA13: 61410.52 | EMA34: 61444.96 | Selisih: -34.45
[2026-07-03 03:34:58] Keputusan analis: Wait
[2026-07-03 03:34:58] Validasi gagal / keputusan WAIT. Tidak ada eksekusi.
[2026-07-03 03:35:58] Siklus Menit Baru. Harga BTC Terakhir (OKX): $61407.50
[ANALIS] State: BEARISH | EMA13/34: $61410.1/$61441.4 | VWAP Sesi: $60974.51 | Vol Surge: 0.5x | BB50: [$61319.16 - $61633.30] | Tren 15m: BEARISH
[DEBUG] EMA streak: 0 | EMA13: 61410.08 | EMA34: 61441.44 | Selisih: -31.36
[2026-07-03 03:35:58] Keputusan analis: Wait
[2026-07-03 03:35:58] Validasi gagal / keputusan WAIT. Tidak ada eksekusi.
[2026-07-03 03:36:58] Siklus Menit Baru. Harga BTC Terakhir (OKX): $61378.30
[ANALIS] State: BEARISH | EMA13/34: $61404.6/$61436.1 | VWAP Sesi: $60974.74 | Vol Surge: 1.6x | BB50: [$61315.02 - $61629.31] | Tren 15m: BEARISH
[DEBUG] EMA streak: 0 | EMA13: 61404.61 | EMA34: 61436.07 | Selisih: -31.47
[2026-07-03 03:36:58] Keputusan analis: Wait
[2026-07-03 03:36:58] Validasi gagal / keputusan WAIT. Tidak ada eksekusi.
[2026-07-03 03:37:58] Siklus Menit Baru. Harga BTC Terakhir (OKX): $61342.00
[ANALIS] State: BEARISH | EMA13/34: $61395.7/$61430.5 | VWAP Sesi: $60974.89 | Vol Surge: 1.2x | BB50: [$61308.29 - $61627.77] | Tren 15m: BEARISH
[DEBUG] EMA streak: 0 | EMA13: 61395.66 | EMA34: 61430.52 | Selisih: -34.86
[2026-07-03 03:37:58] Keputusan analis: Wait
[2026-07-03 03:37:58] Validasi gagal / keputusan WAIT. Tidak ada eksekusi.
[2026-07-03 03:38:58] Siklus Menit Baru. Harga BTC Terakhir (OKX): $61355.30
[ANALIS] State: BEARISH | EMA13/34: $61389.9/$61426.2 | VWAP Sesi: $60974.98 | Vol Surge: 0.7x | BB50: [$61302.99 - $61625.49] | Tren 15m: BEARISH
[DEBUG] EMA streak: 0 | EMA13: 61389.89 | EMA34: 61426.17 | Selisih: -36.28
[2026-07-03 03:38:58] Keputusan analis: Wait
[2026-07-03 03:38:58] Validasi gagal / keputusan WAIT. Tidak ada eksekusi.
[2026-07-03 03:39:58] Siklus Menit Baru. Harga BTC Terakhir (OKX): $61355.50
[ANALIS] State: BEARISH | EMA13/34: $61384.1/$61427.6 | VWAP Sesi: $60975.02 | Vol Surge: 0.3x | BB50: [$61297.49 - $61623.14] | Tren 15m: BEARISH
[DEBUG] EMA streak: 0 | EMA13: 61384.11 | EMA34: 61427.60 | Selisih: -43.49
[2026-07-03 03:39:58] Keputusan analis: Wait
[2026-07-03 03:39:58] Validasi gagal / keputusan WAIT. Tidak ada eksekusi.
[2026-07-03 03:40:59] Siklus Menit Baru. Harga BTC Terakhir (OKX): $61375.00
[ANALIS] State: BEARISH | EMA13/34: $61382.8/$61425.4 | VWAP Sesi: $60975.04 | Vol Surge: 0.2x | BB50: [$61300.04 - $61609.38] | Tren 15m: BEARISH
[DEBUG] EMA streak: 0 | EMA13: 61382.82 | EMA34: 61425.37 | Selisih: -42.55
[2026-07-03 03:40:59] Keputusan analis: Wait
[2026-07-03 03:40:59] Validasi gagal / keputusan WAIT. Tidak ada eksekusi.
[2026-07-03 03:41:59] Siklus Menit Baru. Harga BTC Terakhir (OKX): $61389.50
[ANALIS] State: BEARISH | EMA13/34: $61383.8/$61422.2 | VWAP Sesi: $60975.17 | Vol Surge: 0.9x | BB50: [$61306.18 - $61592.02] | Tren 15m: BEARISH
[DEBUG] EMA streak: 0 | EMA13: 61383.76 | EMA34: 61422.17 | Selisih: -38.40
[2026-07-03 03:41:59] Keputusan analis: Wait
[2026-07-03 03:41:59] Validasi gagal / keputusan WAIT. Tidak ada eksekusi.
[2026-07-03 03:42:59] Siklus Menit Baru. Harga BTC Terakhir (OKX): $61395.20
[ANALIS] State: BEARISH | EMA13/34: $61385.4/$61420.1 | VWAP Sesi: $60975.20 | Vol Surge: 0.2x | BB50: [$61312.19 - $61575.89] | Tren 15m: BEARISH
[DEBUG] EMA streak: 0 | EMA13: 61385.39 | EMA34: 61420.13 | Selisih: -34.74
[2026-07-03 03:42:59] Keputusan analis: Wait
[2026-07-03 03:42:59] Validasi gagal / keputusan WAIT. Tidak ada eksekusi.
[2026-07-03 03:43:59] Siklus Menit Baru. Harga BTC Terakhir (OKX): $61359.20
[ANALIS] State: BEARISH | EMA13/34: $61381.7/$61418.4 | VWAP Sesi: $60975.53 | Vol Surge: 2.6x | BB50: [$61316.79 - $61560.11] | Tren 15m: BEARISH
[DEBUG] EMA streak: 0 | EMA13: 61381.67 | EMA34: 61418.37 | Selisih: -36.70
[2026-07-03 03:43:59] Keputusan analis: Wait
[2026-07-03 03:43:59] Validasi gagal / keputusan WAIT. Tidak ada eksekusi.
[2026-07-03 03:44:59] Siklus Menit Baru. Harga BTC Terakhir (OKX): $61355.90
[ANALIS] State: SIDEWAYS | EMA13/34: $61377.9/$61406.0 | VWAP Sesi: $60976.28 | Vol Surge: 5.4x | BB50: [$61327.99 - $61536.28] | Tren 15m: BEARISH
[ANALIS-SIDEWAYS] WAIT - Lebar BB sempit (0.339%).
[2026-07-03 03:44:59] Keputusan analis: Wait
[2026-07-03 03:44:59] Validasi gagal / keputusan WAIT. Tidak ada eksekusi.
[2026-07-03 03:45:59] Siklus Menit Baru. Harga BTC Terakhir (OKX): $61391.10
[ANALIS] State: SIDEWAYS | EMA13/34: $61380.1/$61408.6 | VWAP Sesi: $60976.76 | Vol Surge: 3.8x | BB50: [$61327.27 - $61532.58] | Tren 15m: BULLISH
[ANALIS-SIDEWAYS] WAIT - Lebar BB sempit (0.334%).
[2026-07-03 03:45:59] Keputusan analis: Wait
[2026-07-03 03:45:59] Validasi gagal / keputusan WAIT. Tidak ada eksekusi.
[2026-07-03 03:46:59] Siklus Menit Baru. Harga BTC Terakhir (OKX): $61394.40
[ANALIS] State: SIDEWAYS | EMA13/34: $61381.9/$61408.4 | VWAP Sesi: $60976.84 | Vol Surge: 0.6x | BB50: [$61331.05 - $61521.81] | Tren 15m: BEARISH
[ANALIS-SIDEWAYS] WAIT - Lebar BB sempit (0.311%).
[2026-07-03 03:46:59] Keputusan analis: Wait
[2026-07-03 03:46:59] Validasi gagal / keputusan WAIT. Tidak ada eksekusi.
[2026-07-03 03:48:00] Siklus Menit Baru. Harga BTC Terakhir (OKX): $61395.90
[ANALIS] State: SIDEWAYS | EMA13/34: $61383.9/$61402.6 | VWAP Sesi: $60976.86 | Vol Surge: 0.1x | BB50: [$61337.82 - $61507.65] | Tren 15m: BEARISH
[ANALIS-SIDEWAYS] WAIT - Lebar BB sempit (0.277%).
[2026-07-03 03:48:00] Keputusan analis: Wait
[2026-07-03 03:48:00] Validasi gagal / keputusan WAIT. Tidak ada eksekusi.
[2026-07-03 03:49:00] Siklus Menit Baru. Harga BTC Terakhir (OKX): $61390.40
[ANALIS] State: SIDEWAYS | EMA13/34: $61384.8/$61401.8 | VWAP Sesi: $60976.92 | Vol Surge: 0.6x | BB50: [$61337.37 - $61504.30] | Tren 15m: BULLISH
[ANALIS-SIDEWAYS] WAIT - Lebar BB sempit (0.272%).
[2026-07-03 03:49:00] Keputusan analis: Wait
[2026-07-03 03:49:00] Validasi gagal / keputusan WAIT. Tidak ada eksekusi.
[2026-07-03 03:50:00] Siklus Menit Baru. Harga BTC Terakhir (OKX): $61468.60
[ANALIS] State: SIDEWAYS | EMA13/34: $61396.8/$61402.9 | VWAP Sesi: $60977.08 | Vol Surge: 1.3x | BB50: [$61337.83 - $61503.28] | Tren 15m: BULLISH
[ANALIS-SIDEWAYS] WAIT - Lebar BB sempit (0.269%).
[2026-07-03 03:50:00] Keputusan analis: Wait
[2026-07-03 03:50:00] Validasi gagal / keputusan WAIT. Tidak ada eksekusi.
[2026-07-03 03:51:00] Siklus Menit Baru. Harga BTC Terakhir (OKX): $61472.40
[ANALIS] State: SIDEWAYS | EMA13/34: $61407.5/$61405.4 | VWAP Sesi: $60977.16 | Vol Surge: 0.8x | BB50: [$61337.44 - $61505.33] | Tren 15m: BULLISH
[ANALIS-SIDEWAYS] WAIT - Lebar BB sempit (0.273%).
[2026-07-03 03:51:00] Keputusan analis: Wait
[2026-07-03 03:51:00] Validasi gagal / keputusan WAIT. Tidak ada eksekusi.
[2026-07-03 03:52:00] Siklus Menit Baru. Harga BTC Terakhir (OKX): $61475.70
[ANALIS] State: SIDEWAYS | EMA13/34: $61417.3/$61409.4 | VWAP Sesi: $60977.19 | Vol Surge: 0.3x | BB50: [$61337.69 - $61507.97] | Tren 15m: BULLISH
[ANALIS-SIDEWAYS] WAIT - Lebar BB sempit (0.277%).
[2026-07-03 03:52:00] Keputusan analis: Wait
[2026-07-03 03:52:00] Validasi gagal / keputusan WAIT. Tidak ada eksekusi.
[2026-07-03 03:53:00] Siklus Menit Baru. Harga BTC Terakhir (OKX): $61458.00
[ANALIS] State: SIDEWAYS | EMA13/34: $61423.1/$61415.1 | VWAP Sesi: $60977.22 | Vol Surge: 0.3x | BB50: [$61338.37 - $61509.43] | Tren 15m: BULLISH
[ANALIS-SIDEWAYS] WAIT - Lebar BB sempit (0.278%).
[2026-07-03 03:53:00] Keputusan analis: Wait
[2026-07-03 03:53:00] Validasi gagal / keputusan WAIT. Tidak ada eksekusi.
[2026-07-03 03:54:00] Siklus Menit Baru. Harga BTC Terakhir (OKX): $61425.90
[ANALIS] State: SIDEWAYS | EMA13/34: $61423.5/$61415.8 | VWAP Sesi: $60977.47 | Vol Surge: 2.6x | BB50: [$61338.29 - $61508.20] | Tren 15m: BULLISH
[ANALIS-SIDEWAYS] WAIT - Lebar BB sempit (0.277%).
[2026-07-03 03:54:00] Keputusan analis: Wait
[2026-07-03 03:54:00] Validasi gagal / keputusan WAIT. Tidak ada eksekusi.
[2026-07-03 03:55:01] Siklus Menit Baru. Harga BTC Terakhir (OKX): $61430.90
[ANALIS] State: SIDEWAYS | EMA13/34: $61424.6/$61415.9 | VWAP Sesi: $60977.67 | Vol Surge: 2.1x | BB50: [$61338.34 - $61506.96] | Tren 15m: BULLISH
[ANALIS-SIDEWAYS] WAIT - Lebar BB sempit (0.274%).
[2026-07-03 03:55:01] Keputusan analis: Wait
[2026-07-03 03:55:01] Validasi gagal / keputusan WAIT. Tidak ada eksekusi.
[2026-07-03 03:56:01] Siklus Menit Baru. Harga BTC Terakhir (OKX): $61426.90
[ANALIS] State: SIDEWAYS | EMA13/34: $61424.9/$61416.1 | VWAP Sesi: $60977.68 | Vol Surge: 0.1x | BB50: [$61338.21 - $61506.34] | Tren 15m: BULLISH
[ANALIS-SIDEWAYS] WAIT - Lebar BB sempit (0.274%).
[2026-07-03 03:56:01] Keputusan analis: Wait
[2026-07-03 03:56:01] Validasi gagal / keputusan WAIT. Tidak ada eksekusi.
[2026-07-03 03:57:01] Siklus Menit Baru. Harga BTC Terakhir (OKX): $61427.40
[ANALIS] State: SIDEWAYS | EMA13/34: $61425.6/$61422.0 | VWAP Sesi: $60977.68 | Vol Surge: 0.0x | BB50: [$61338.96 - $61502.81] | Tren 15m: BULLISH
[ANALIS-SIDEWAYS] WAIT - Lebar BB sempit (0.267%).
[2026-07-03 03:57:01] Keputusan analis: Wait
[2026-07-03 03:57:01] Validasi gagal / keputusan WAIT. Tidak ada eksekusi.
[2026-07-03 03:58:01] Siklus Menit Baru. Harga BTC Terakhir (OKX): $61591.80
[ANALIS] State: SIDEWAYS | EMA13/34: $61470.4/$61440.2 | VWAP Sesi: $60979.03 | Vol Surge: 0.0x | BB50: [$61322.80 - $61528.35] | Tren 15m: BULLISH
[ANALIS-SIDEWAYS] WAIT - Lebar BB sempit (0.334%).
[2026-07-03 03:58:01] Keputusan analis: Wait
[2026-07-03 03:58:01] Validasi gagal / keputusan WAIT. Tidak ada eksekusi.
[2026-07-03 03:59:01] Siklus Menit Baru. Harga BTC Terakhir (OKX): $61599.10
[ANALIS] State: BULLISH | EMA13/34: $61487.8/$61446.9 | VWAP Sesi: $60979.26 | Vol Surge: 0.0x | BB50: [$61316.91 - $61537.38] | Tren 15m: BULLISH
[DEBUG] EMA streak: 0 | EMA13: 61487.75 | EMA34: 61446.91 | Selisih: 40.84
[ANALIS-TRENDING] Quant Golden Cross (EMA13 > EMA34), Di atas VWAP ($60979.26), & Tren 15m Bullish. Sinyal BUY.
[2026-07-03 03:59:01] Keputusan analis: Buy(0.0032097294083212272, "[Trending] Quant EMA13/34 Buy (Vol 0.0x)")
[2026-07-03 03:59:01] Mengeksekusi transaksi...
[2026-07-03 03:59:01] Eksekusi sukses. Saldo: $790.67, BTC: 0.0032
[2026-07-03 04:00:01] Siklus Menit Baru. Harga BTC Terakhir (OKX): $61593.70
[ANALIS] State: BULLISH | EMA13/34: $61486.7/$61446.5 | VWAP Sesi: $60979.51 | Vol Surge: 1.6x | BB50: [$61317.66 - $61536.32] | Tren 15m: BULLISH
[DEBUG] EMA streak: 0 | EMA13: 61486.65 | EMA34: 61446.47 | Selisih: 40.18
[ANALIS-TRENDING] Quant Golden Cross (EMA13 > EMA34), Di atas VWAP ($60979.51), & Tren 15m Bullish. Sinyal BUY.
[2026-07-03 04:00:01] Keputusan analis: Buy(0.0025673666454253743, "[Trending] Quant EMA13/34 Buy (Vol 1.6x)")
Mencegah transaksi berulang (Cool-down aktif). Aksi terakhir BUY pada 03:59:01 (1 menit lalu)
[2026-07-03 04:00:01] Validasi gagal / keputusan WAIT. Tidak ada eksekusi.
[2026-07-03 04:01:02] Siklus Menit Baru. Harga BTC Terakhir (OKX): $61584.10
[ANALIS] State: BULLISH | EMA13/34: $61511.5/$61460.0 | VWAP Sesi: $60979.78 | Vol Surge: 0.0x | BB50: [$61307.66 - $61555.52] | Tren 15m: BULLISH
[DEBUG] EMA streak: 0 | EMA13: 61511.46 | EMA34: 61459.98 | Selisih: 51.48
[ANALIS-TRENDING] Quant Golden Cross (EMA13 > EMA34), Di atas VWAP ($60979.78), & Tren 15m Bullish. Sinyal BUY.
[2026-07-03 04:01:02] Keputusan analis: Buy(0.0025677668578145472, "[Trending] Quant EMA13/34 Buy (Vol 0.0x)")
Mencegah transaksi berulang (Cool-down aktif). Aksi terakhir BUY pada 03:59:01 (2 menit lalu)
[2026-07-03 04:01:02] Validasi gagal / keputusan WAIT. Tidak ada eksekusi.
[2026-07-03 04:02:02] Siklus Menit Baru. Harga BTC Terakhir (OKX): $61655.60
[ANALIS] State: BULLISH | EMA13/34: $61540.3/$61473.9 | VWAP Sesi: $60979.97 | Vol Surge: 0.1x | BB50: [$61291.35 - $61582.72] | Tren 15m: BULLISH
[DEBUG] EMA streak: 0 | EMA13: 61540.29 | EMA34: 61473.87 | Selisih: 66.42
[ANALIS-TRENDING] Quant Golden Cross (EMA13 > EMA34), Di atas VWAP ($60979.97), & Tren 15m Bullish. Sinyal BUY.
[2026-07-03 04:02:02] Keputusan analis: Buy(0.002564789101855093, "[Trending] Quant EMA13/34 Buy (Vol 0.1x)")
Mencegah transaksi berulang (Cool-down aktif). Aksi terakhir BUY pada 03:59:01 (3 menit lalu)
[2026-07-03 04:02:02] Validasi gagal / keputusan WAIT. Tidak ada eksekusi.
[2026-07-03 04:03:02] Siklus Menit Baru. Harga BTC Terakhir (OKX): $61564.40
[ANALIS] State: BULLISH | EMA13/34: $61532.8/$61474.4 | VWAP Sesi: $60980.38 | Vol Surge: 0.0x | BB50: [$61296.38 - $61579.37] | Tren 15m: BULLISH
[DEBUG] EMA streak: 0 | EMA13: 61532.83 | EMA34: 61474.44 | Selisih: 58.40
[ANALIS-TRENDING] Quant Golden Cross (EMA13 > EMA34), Di atas VWAP ($60980.38), & Tren 15m Bullish. Sinyal BUY.
[2026-07-03 04:03:02] Keputusan analis: Buy(0.0025685885178502003, "[Trending] Quant EMA13/34 Buy (Vol 0.0x)")
Mencegah transaksi berulang (Cool-down aktif). Aksi terakhir BUY pada 03:59:01 (4 menit lalu)
[2026-07-03 04:03:02] Validasi gagal / keputusan WAIT. Tidak ada eksekusi.
[2026-07-03 04:04:02] Siklus Menit Baru. Harga BTC Terakhir (OKX): $61551.90
[ANALIS] State: BULLISH | EMA13/34: $61535.6/$61481.0 | VWAP Sesi: $60980.51 | Vol Surge: 0.1x | BB50: [$61295.21 - $61585.07] | Tren 15m: BULLISH
[DEBUG] EMA streak: 0 | EMA13: 61535.57 | EMA34: 61481.03 | Selisih: 54.55
[ANALIS-TRENDING] Quant Golden Cross (EMA13 > EMA34), Di atas VWAP ($60980.51), & Tren 15m Bullish. Sinyal BUY.
[2026-07-03 04:04:02] Keputusan analis: Buy(0.0025691101484817992, "[Trending] Quant EMA13/34 Buy (Vol 0.1x)")
[2026-07-03 04:04:02] Mengeksekusi transaksi...
[2026-07-03 04:04:02] Eksekusi sukses. Saldo: $632.38, BTC: 0.0058
[2026-07-03 04:05:02] Siklus Menit Baru. Harga BTC Terakhir (OKX): $61551.10
[ANALIS] State: BULLISH | EMA13/34: $61536.1/$61484.9 | VWAP Sesi: $60980.69 | Vol Surge: 0.4x | BB50: [$61294.29 - $61588.34] | Tren 15m: BULLISH
[DEBUG] EMA streak: 0 | EMA13: 61536.14 | EMA34: 61484.86 | Selisih: 51.27
[ANALIS-TRENDING] Quant Golden Cross (EMA13 > EMA34), Di atas VWAP ($60980.69), & Tren 15m Bullish. Sinyal BUY.
[2026-07-03 04:05:02] Keputusan analis: Buy(0.002054801003336737, "[Trending] Quant EMA13/34 Buy (Vol 0.4x)")
Mencegah transaksi berulang (Cool-down aktif). Aksi terakhir BUY pada 04:04:02 (1 menit lalu)
[2026-07-03 04:05:02] Validasi gagal / keputusan WAIT. Tidak ada eksekusi.
[2026-07-03 04:06:02] Siklus Menit Baru. Harga BTC Terakhir (OKX): $61557.60
[ANALIS] State: BULLISH | EMA13/34: $61539.4/$61486.9 | VWAP Sesi: $60980.74 | Vol Surge: 0.0x | BB50: [$61292.60 - $61592.82] | Tren 15m: BULLISH
[DEBUG] EMA streak: 0 | EMA13: 61539.39 | EMA34: 61486.91 | Selisih: 52.48
[ANALIS-TRENDING] Quant Golden Cross (EMA13 > EMA34), Di atas VWAP ($60980.74), & Tren 15m Bullish. Sinyal BUY.
[2026-07-03 04:06:02] Keputusan analis: Buy(0.0020545840324587023, "[Trending] Quant EMA13/34 Buy (Vol 0.0x)")
Mencegah transaksi berulang (Cool-down aktif). Aksi terakhir BUY pada 04:04:02 (2 menit lalu)
[2026-07-03 04:06:02] Validasi gagal / keputusan WAIT. Tidak ada eksekusi.
[2026-07-03 04:07:03] Siklus Menit Baru. Harga BTC Terakhir (OKX): $61546.00
[ANALIS] State: BULLISH | EMA13/34: $61538.9/$61490.8 | VWAP Sesi: $60980.78 | Vol Surge: 0.0x | BB50: [$61292.22 - $61596.66] | Tren 15m: BULLISH
[DEBUG] EMA streak: 0 | EMA13: 61538.94 | EMA34: 61490.76 | Selisih: 48.18
[ANALIS-TRENDING] Quant Golden Cross (EMA13 > EMA34), Di atas VWAP ($60980.78), & Tren 15m Bullish. Sinyal BUY.
[2026-07-03 04:07:03] Keputusan analis: Buy(0.002054971274111718, "[Trending] Quant EMA13/34 Buy (Vol 0.0x)")
Mencegah transaksi berulang (Cool-down aktif). Aksi terakhir BUY pada 04:04:02 (3 menit lalu)
[2026-07-03 04:07:03] Validasi gagal / keputusan WAIT. Tidak ada eksekusi.
[2026-07-03 04:08:03] Siklus Menit Baru. Harga BTC Terakhir (OKX): $61543.90
[ANALIS] State: BULLISH | EMA13/34: $61539.4/$61492.1 | VWAP Sesi: $60980.81 | Vol Surge: 0.0x | BB50: [$61291.40 - $61600.42] | Tren 15m: BULLISH
[DEBUG] EMA streak: 0 | EMA13: 61539.38 | EMA34: 61492.14 | Selisih: 47.24
[ANALIS-TRENDING] Quant Golden Cross (EMA13 > EMA34), Di atas VWAP ($60980.81), & Tren 15m Bullish. Sinyal BUY.
[2026-07-03 04:08:03] Keputusan analis: Buy(0.002055041393809619, "[Trending] Quant EMA13/34 Buy (Vol 0.0x)")
Mencegah transaksi berulang (Cool-down aktif). Aksi terakhir BUY pada 04:04:02 (4 menit lalu)
[2026-07-03 04:08:03] Validasi gagal / keputusan WAIT. Tidak ada eksekusi.
[2026-07-03 04:09:03] Siklus Menit Baru. Harga BTC Terakhir (OKX): $61544.00
[ANALIS] State: BULLISH | EMA13/34: $61540.0/$61494.2 | VWAP Sesi: $60981.20 | Vol Surge: 0.0x | BB50: [$61291.08 - $61604.93] | Tren 15m: BULLISH
[DEBUG] EMA streak: 0 | EMA13: 61540.04 | EMA34: 61494.16 | Selisih: 45.88
[ANALIS-TRENDING] Quant Golden Cross (EMA13 > EMA34), Di atas VWAP ($60981.20), & Tren 15m Bullish. Sinyal BUY.
[2026-07-03 04:09:03] Keputusan analis: Buy(0.002055038054667877, "[Trending] Quant EMA13/34 Buy (Vol 0.0x)")
[2026-07-03 04:09:03] Mengeksekusi transaksi...
[2026-07-03 04:09:03] Eksekusi sukses. Saldo: $505.77, BTC: 0.0078
[2026-07-03 04:10:03] Siklus Menit Baru. Harga BTC Terakhir (OKX): $61544.10
[ANALIS] State: BULLISH | EMA13/34: $61541.0/$61497.5 | VWAP Sesi: $60981.24 | Vol Surge: 0.1x | BB50: [$61291.38 - $61609.66] | Tren 15m: BULLISH
[DEBUG] EMA streak: 0 | EMA13: 61540.98 | EMA34: 61497.46 | Selisih: 43.52
[ANALIS-TRENDING] Quant Golden Cross (EMA13 > EMA34), Di atas VWAP ($60981.24), & Tren 15m Bullish. Sinyal BUY.
[2026-07-03 04:10:03] Keputusan analis: Buy(0.0016436167654864811, "[Trending] Quant EMA13/34 Buy (Vol 0.1x)")
Mencegah transaksi berulang (Cool-down aktif). Aksi terakhir BUY pada 04:09:03 (1 menit lalu)
[2026-07-03 04:10:03] Validasi gagal / keputusan WAIT. Tidak ada eksekusi.
[2026-07-03 04:11:03] Siklus Menit Baru. Harga BTC Terakhir (OKX): $61544.00
[ANALIS] State: BULLISH | EMA13/34: $61541.4/$61499.8 | VWAP Sesi: $60981.25 | Vol Surge: 0.0x | BB50: [$61291.75 - $61613.97] | Tren 15m: BULLISH
[DEBUG] EMA streak: 0 | EMA13: 61541.40 | EMA34: 61499.78 | Selisih: 41.62
[ANALIS-TRENDING] Quant Golden Cross (EMA13 > EMA34), Di atas VWAP ($60981.25), & Tren 15m Bullish. Sinyal BUY.
[2026-07-03 04:11:03] Keputusan analis: Buy(0.0016436194361233677, "[Trending] Quant EMA13/34 Buy (Vol 0.0x)")
Mencegah transaksi berulang (Cool-down aktif). Aksi terakhir BUY pada 04:09:03 (2 menit lalu)
[2026-07-03 04:11:03] Validasi gagal / keputusan WAIT. Tidak ada eksekusi.
[2026-07-03 04:12:03] Siklus Menit Baru. Harga BTC Terakhir (OKX): $61551.00
[ANALIS] State: BULLISH | EMA13/34: $61544.2/$61503.6 | VWAP Sesi: $60981.29 | Vol Surge: 0.0x | BB50: [$61292.05 - $61619.32] | Tren 15m: BEARISH
[DEBUG] EMA streak: 0 | EMA13: 61544.16 | EMA34: 61503.63 | Selisih: 40.53
[ANALIS-TRENDING] Menunggu konfirmasi streak 2 menit. Saat ini: 1 menit.
[2026-07-03 04:12:03] Keputusan analis: Wait
[2026-07-03 04:12:03] Validasi gagal / keputusan WAIT. Tidak ada eksekusi.
[2026-07-03 04:13:04] Siklus Menit Baru. Harga BTC Terakhir (OKX): $61549.00
[ANALIS] State: BULLISH | EMA13/34: $61543.9/$61505.5 | VWAP Sesi: $60981.52 | Vol Surge: 0.7x | BB50: [$61292.86 - $61623.08] | Tren 15m: BEARISH
[DEBUG] EMA streak: 1 | EMA13: 61543.85 | EMA34: 61505.51 | Selisih: 38.34
[ANALIS-TRENDING] Sinyal melemah/Death Cross terkonfirmasi 2 menit berturut. Sinyal SELL.
[2026-07-03 04:13:04] Keputusan analis: Sell(0.007833877611470903, "[Trending] Quant EMA13/34 Sell Confirmed (2m streak)")
Mencegah Whipsaw (Holding time < 15 menit). Beli terakhir 4 menit lalu. Sinyal normal ([Trending] Quant EMA13/34 Sell Confirmed (2m streak)) diabaikan.
[2026-07-03 04:13:04] Validasi gagal / keputusan WAIT. Tidak ada eksekusi.
[2026-07-03 04:14:04] Siklus Menit Baru. Harga BTC Terakhir (OKX): $61529.00
[ANALIS] State: BULLISH | EMA13/34: $61539.3/$61505.6 | VWAP Sesi: $60981.87 | Vol Surge: 0.2x | BB50: [$61294.52 - $61624.91] | Tren 15m: BEARISH
[DEBUG] EMA streak: 0 | EMA13: 61539.28 | EMA34: 61505.61 | Selisih: 33.67
[ANALIS-TRENDING] Menunggu konfirmasi streak 2 menit. Saat ini: 1 menit.
[2026-07-03 04:14:04] Keputusan analis: Wait
[2026-07-03 04:14:04] Validasi gagal / keputusan WAIT. Tidak ada eksekusi.
[2026-07-03 04:15:04] Siklus Menit Baru. Harga BTC Terakhir (OKX): $61529.00
[ANALIS] State: BULLISH | EMA13/34: $61537.8/$61506.0 | VWAP Sesi: $60982.17 | Vol Surge: 0.0x | BB50: [$61296.04 - $61627.81] | Tren 15m: BEARISH
[DEBUG] EMA streak: 1 | EMA13: 61537.81 | EMA34: 61506.05 | Selisih: 31.76
[ANALIS-TRENDING] Sinyal melemah/Death Cross terkonfirmasi 2 menit berturut. Sinyal SELL.
[2026-07-03 04:15:04] Keputusan analis: Sell(0.007833877611470903, "[Trending] Quant EMA13/34 Sell Confirmed (2m streak)")
Mencegah Whipsaw (Holding time < 15 menit). Beli terakhir 6 menit lalu. Sinyal normal ([Trending] Quant EMA13/34 Sell Confirmed (2m streak)) diabaikan.
[2026-07-03 04:15:04] Validasi gagal / keputusan WAIT. Tidak ada eksekusi.
[2026-07-03 04:16:04] Siklus Menit Baru. Harga BTC Terakhir (OKX): $61536.70
[ANALIS] State: BULLISH | EMA13/34: $61541.0/$61509.2 | VWAP Sesi: $60982.22 | Vol Surge: 0.0x | BB50: [$61297.96 - $61632.35] | Tren 15m: BEARISH
[DEBUG] EMA streak: 0 | EMA13: 61540.96 | EMA34: 61509.23 | Selisih: 31.73
[ANALIS-TRENDING] Menunggu konfirmasi streak 2 menit. Saat ini: 1 menit.
[2026-07-03 04:16:04] Keputusan analis: Wait
[2026-07-03 04:16:04] Validasi gagal / keputusan WAIT. Tidak ada eksekusi.
[2026-07-03 04:17:04] Siklus Menit Baru. Harga BTC Terakhir (OKX): $61549.10
[ANALIS] State: BULLISH | EMA13/34: $61543.0/$61511.9 | VWAP Sesi: $60982.26 | Vol Surge: 0.0x | BB50: [$61300.18 - $61636.32] | Tren 15m: BEARISH
[DEBUG] EMA streak: 1 | EMA13: 61543.00 | EMA34: 61511.89 | Selisih: 31.11
[ANALIS-TRENDING] Sinyal melemah/Death Cross terkonfirmasi 2 menit berturut. Sinyal SELL.
[2026-07-03 04:17:04] Keputusan analis: Sell(0.007833877611470903, "[Trending] Quant EMA13/34 Sell Confirmed (2m streak)")
Mencegah Whipsaw (Holding time < 15 menit). Beli terakhir 8 menit lalu. Sinyal normal ([Trending] Quant EMA13/34 Sell Confirmed (2m streak)) diabaikan.
[2026-07-03 04:17:04] Validasi gagal / keputusan WAIT. Tidak ada eksekusi.
[2026-07-03 04:18:04] Siklus Menit Baru. Harga BTC Terakhir (OKX): $61544.40
[ANALIS] State: BULLISH | EMA13/34: $61542.6/$61513.4 | VWAP Sesi: $60982.26 | Vol Surge: 0.0x | BB50: [$61302.90 - $61639.13] | Tren 15m: BEARISH
[DEBUG] EMA streak: 0 | EMA13: 61542.62 | EMA34: 61513.42 | Selisih: 29.20
[ANALIS-TRENDING] Menunggu konfirmasi streak 2 menit. Saat ini: 1 menit.
[2026-07-03 04:18:04] Keputusan analis: Wait
[2026-07-03 04:18:04] Validasi gagal / keputusan WAIT. Tidak ada eksekusi.
[2026-07-03 04:19:05] Siklus Menit Baru. Harga BTC Terakhir (OKX): $61548.60
[ANALIS] State: BULLISH | EMA13/34: $61544.0/$61515.1 | VWAP Sesi: $60982.27 | Vol Surge: 0.0x | BB50: [$61305.68 - $61642.46] | Tren 15m: BEARISH
[DEBUG] EMA streak: 1 | EMA13: 61543.97 | EMA34: 61515.11 | Selisih: 28.87
[ANALIS-TRENDING] Sinyal melemah/Death Cross terkonfirmasi 2 menit berturut. Sinyal SELL.
[2026-07-03 04:19:05] Keputusan analis: Sell(0.007833877611470903, "[Trending] Quant EMA13/34 Sell Confirmed (2m streak)")
Mencegah Whipsaw (Holding time < 15 menit). Beli terakhir 10 menit lalu. Sinyal normal ([Trending] Quant EMA13/34 Sell Confirmed (2m streak)) diabaikan.
[2026-07-03 04:19:05] Validasi gagal / keputusan WAIT. Tidak ada eksekusi.
[2026-07-03 04:20:05] Siklus Menit Baru. Harga BTC Terakhir (OKX): $61545.20
[ANALIS] State: BULLISH | EMA13/34: $61543.7/$61517.5 | VWAP Sesi: $60982.28 | Vol Surge: 0.0x | BB50: [$61309.44 - $61644.78] | Tren 15m: BEARISH
[DEBUG] EMA streak: 0 | EMA13: 61543.74 | EMA34: 61517.53 | Selisih: 26.21
[ANALIS-TRENDING] Menunggu konfirmasi streak 2 menit. Saat ini: 1 menit.
[2026-07-03 04:20:05] Keputusan analis: Wait
[2026-07-03 04:20:05] Validasi gagal / keputusan WAIT. Tidak ada eksekusi.
[2026-07-03 04:21:05] Siklus Menit Baru. Harga BTC Terakhir (OKX): $61545.10
[ANALIS] State: BULLISH | EMA13/34: $61543.9/$61519.4 | VWAP Sesi: $60982.32 | Vol Surge: 0.0x | BB50: [$61312.39 - $61647.37] | Tren 15m: BEARISH
[DEBUG] EMA streak: 1 | EMA13: 61543.92 | EMA34: 61519.44 | Selisih: 24.48
[ANALIS-TRENDING] Sinyal melemah/Death Cross terkonfirmasi 2 menit berturut. Sinyal SELL.
[2026-07-03 04:21:05] Keputusan analis: Sell(0.007833877611470903, "[Trending] Quant EMA13/34 Sell Confirmed (2m streak)")
Mencegah Whipsaw (Holding time < 15 menit). Beli terakhir 12 menit lalu. Sinyal normal ([Trending] Quant EMA13/34 Sell Confirmed (2m streak)) diabaikan.
[2026-07-03 04:21:05] Validasi gagal / keputusan WAIT. Tidak ada eksekusi.
[2026-07-03 04:22:05] Siklus Menit Baru. Harga BTC Terakhir (OKX): $61545.20
[ANALIS] State: BULLISH | EMA13/34: $61544.1/$61519.7 | VWAP Sesi: $60982.34 | Vol Surge: 0.0x | BB50: [$61315.17 - $61649.88] | Tren 15m: BULLISH
[DEBUG] EMA streak: 0 | EMA13: 61544.08 | EMA34: 61519.71 | Selisih: 24.37
[ANALIS-TRENDING] Quant Golden Cross (EMA13 > EMA34), Di atas VWAP ($60982.34), & Tren 15m Bullish. Sinyal BUY.
[2026-07-03 04:22:05] Keputusan analis: Buy(0.0016435873890535177, "[Trending] Quant EMA13/34 Buy (Vol 0.0x)")
Max pyramiding (3 layer) tercapai. Tunggu siklus selesai (posisi aktif saat ini: 3).
[2026-07-03 04:22:05] Validasi gagal / keputusan WAIT. Tidak ada eksekusi.
[2026-07-03 04:23:05] Siklus Menit Baru. Harga BTC Terakhir (OKX): $61545.20
[ANALIS] State: BULLISH | EMA13/34: $61544.2/$61521.9 | VWAP Sesi: $60982.36 | Vol Surge: 0.0x | BB50: [$61319.48 - $61651.76] | Tren 15m: BULLISH
[DEBUG] EMA streak: 0 | EMA13: 61544.25 | EMA34: 61521.89 | Selisih: 22.35
[ANALIS-TRENDING] Quant Golden Cross (EMA13 > EMA34), Di atas VWAP ($60982.36), & Tren 15m Bullish. Sinyal BUY.
[2026-07-03 04:23:05] Keputusan analis: Buy(0.0016435873890535177, "[Trending] Quant EMA13/34 Buy (Vol 0.0x)")
Max pyramiding (3 layer) tercapai. Tunggu siklus selesai (posisi aktif saat ini: 3).
[2026-07-03 04:23:05] Validasi gagal / keputusan WAIT. Tidak ada eksekusi.
[2026-07-03 04:24:05] Siklus Menit Baru. Harga BTC Terakhir (OKX): $61535.40
[ANALIS] State: BULLISH | EMA13/34: $61541.8/$61521.9 | VWAP Sesi: $60982.42 | Vol Surge: 0.0x | BB50: [$61323.25 - $61652.85] | Tren 15m: BEARISH
[DEBUG] EMA streak: 0 | EMA13: 61541.78 | EMA34: 61521.92 | Selisih: 19.86
[ANALIS-TRENDING] Menunggu konfirmasi streak 2 menit. Saat ini: 1 menit.
[2026-07-03 04:24:05] Keputusan analis: Wait
[2026-07-03 04:24:05] Validasi gagal / keputusan WAIT. Tidak ada eksekusi.
[2026-07-03 04:25:06] Siklus Menit Baru. Harga BTC Terakhir (OKX): $61543.10
[ANALIS] State: BULLISH | EMA13/34: $61542.9/$61522.4 | VWAP Sesi: $60982.46 | Vol Surge: 0.1x | BB50: [$61327.34 - $61654.79] | Tren 15m: BEARISH
[DEBUG] EMA streak: 1 | EMA13: 61542.89 | EMA34: 61522.40 | Selisih: 20.49
[ANALIS-TRENDING] Sinyal melemah/Death Cross terkonfirmasi 2 menit berturut. Sinyal SELL.
[2026-07-03 04:25:06] Keputusan analis: Sell(0.007833877611470903, "[Trending] Quant EMA13/34 Sell Confirmed (2m streak)")
[2026-07-03 04:25:06] Mengeksekusi transaksi...
[2026-07-03 04:25:06] Eksekusi sukses. Saldo: $987.41, BTC: 0.0000
[2026-07-03 04:26:06] Siklus Menit Baru. Harga BTC Terakhir (OKX): $61540.80
[ANALIS] State: BULLISH | EMA13/34: $61542.3/$61521.4 | VWAP Sesi: $60982.48 | Vol Surge: 0.0x | BB50: [$61333.25 - $61655.29] | Tren 15m: BEARISH
[DEBUG] EMA streak: 0 | EMA13: 61542.29 | EMA34: 61521.41 | Selisih: 20.88
[2026-07-03 04:26:06] Keputusan analis: Wait
[2026-07-03 04:26:06] Validasi gagal / keputusan WAIT. Tidak ada eksekusi.
[2026-07-03 04:27:06] Siklus Menit Baru. Harga BTC Terakhir (OKX): $61543.10
[ANALIS] State: BULLISH | EMA13/34: $61542.7/$61523.1 | VWAP Sesi: $60982.49 | Vol Surge: 0.0x | BB50: [$61342.73 - $61653.95] | Tren 15m: BEARISH
[DEBUG] EMA streak: 0 | EMA13: 61542.69 | EMA34: 61523.08 | Selisih: 19.61
[2026-07-03 04:27:06] Keputusan analis: Wait
[2026-07-03 04:27:06] Validasi gagal / keputusan WAIT. Tidak ada eksekusi.
[2026-07-03 04:28:06] Siklus Menit Baru. Harga BTC Terakhir (OKX): $61543.10
[ANALIS] State: BULLISH | EMA13/34: $61542.7/$61524.6 | VWAP Sesi: $60982.49 | Vol Surge: 0.0x | BB50: [$61352.24 - $61652.24] | Tren 15m: BULLISH
[DEBUG] EMA streak: 0 | EMA13: 61542.74 | EMA34: 61524.62 | Selisih: 18.12
[ANALIS-TRENDING] Quant Golden Cross (EMA13 > EMA34), Di atas VWAP ($60982.49), & Tren 15m Bullish. Sinyal BUY.
[2026-07-03 04:28:06] Keputusan analis: Buy(0.003208852219017785, "[Trending] Quant EMA13/34 Buy (Vol 0.0x)")
[2026-07-03 04:28:06] Mengeksekusi transaksi...
[2026-07-03 04:28:06] Eksekusi sukses. Saldo: $789.73, BTC: 0.0032
[2026-07-03 04:29:06] Siklus Menit Baru. Harga BTC Terakhir (OKX): $61543.10
[ANALIS] State: BULLISH | EMA13/34: $61542.8/$61526.7 | VWAP Sesi: $60982.53 | Vol Surge: 0.0x | BB50: [$61361.58 - $61650.41] | Tren 15m: BULLISH
[DEBUG] EMA streak: 0 | EMA13: 61542.80 | EMA34: 61526.71 | Selisih: 16.09
[ANALIS-TRENDING] Quant Golden Cross (EMA13 > EMA34), Di atas VWAP ($60982.53), & Tren 15m Bullish. Sinyal BUY.
[2026-07-03 04:29:06] Keputusan analis: Buy(0.0025664400047704246, "[Trending] Quant EMA13/34 Buy (Vol 0.0x)")
Mencegah transaksi berulang (Cool-down aktif). Aksi terakhir BUY pada 04:28:06 (1 menit lalu)
[2026-07-03 04:29:06] Validasi gagal / keputusan WAIT. Tidak ada eksekusi.
[2026-07-03 04:30:06] Siklus Menit Baru. Harga BTC Terakhir (OKX): $61539.40
[ANALIS] State: BULLISH | EMA13/34: $61542.3/$61528.2 | VWAP Sesi: $60982.57 | Vol Surge: 0.2x | BB50: [$61369.54 - $61649.03] | Tren 15m: BEARISH
[DEBUG] EMA streak: 0 | EMA13: 61542.32 | EMA34: 61528.20 | Selisih: 14.12
[ANALIS-TRENDING] Menunggu konfirmasi streak 2 menit. Saat ini: 1 menit.
[2026-07-03 04:30:06] Keputusan analis: Wait
[2026-07-03 04:30:06] Validasi gagal / keputusan WAIT. Tidak ada eksekusi.
[2026-07-03 04:31:07] Siklus Menit Baru. Harga BTC Terakhir (OKX): $61544.10
[ANALIS] State: BULLISH | EMA13/34: $61542.3/$61529.3 | VWAP Sesi: $60982.61 | Vol Surge: 0.0x | BB50: [$61376.57 - $61648.08] | Tren 15m: BEARISH
[DEBUG] EMA streak: 1 | EMA13: 61542.27 | EMA34: 61529.27 | Selisih: 13.00
[ANALIS-TRENDING] Sinyal melemah/Death Cross terkonfirmasi 2 menit berturut. Sinyal SELL.
[2026-07-03 04:31:07] Keputusan analis: Sell(0.003208852219017785, "[Trending] Quant EMA13/34 Sell Confirmed (2m streak)")
Mencegah Whipsaw (Holding time < 15 menit). Beli terakhir 3 menit lalu. Sinyal normal ([Trending] Quant EMA13/34 Sell Confirmed (2m streak)) diabaikan.
[2026-07-03 04:31:07] Validasi gagal / keputusan WAIT. Tidak ada eksekusi.
[2026-07-03 04:32:07] Siklus Menit Baru. Harga BTC Terakhir (OKX): $61527.20
[ANALIS] State: BULLISH | EMA13/34: $61538.0/$61526.3 | VWAP Sesi: $60982.69 | Vol Surge: 0.0x | BB50: [$61383.23 - $61646.02] | Tren 15m: BEARISH
[DEBUG] EMA streak: 0 | EMA13: 61538.01 | EMA34: 61526.33 | Selisih: 11.67
[ANALIS-TRENDING] Menunggu konfirmasi streak 2 menit. Saat ini: 1 menit.
[2026-07-03 04:32:07] Keputusan analis: Wait
[2026-07-03 04:32:07] Validasi gagal / keputusan WAIT. Tidak ada eksekusi.
[2026-07-03 04:33:07] Siklus Menit Baru. Harga BTC Terakhir (OKX): $61529.60
[ANALIS] State: BULLISH | EMA13/34: $61537.4/$61526.6 | VWAP Sesi: $60982.86 | Vol Surge: 0.0x | BB50: [$61394.38 - $61641.86] | Tren 15m: BEARISH
[DEBUG] EMA streak: 1 | EMA13: 61537.36 | EMA34: 61526.59 | Selisih: 10.77
[ANALIS-TRENDING] Sinyal melemah/Death Cross terkonfirmasi 2 menit berturut. Sinyal SELL.
[2026-07-03 04:33:07] Keputusan analis: Sell(0.003208852219017785, "[Trending] Quant EMA13/34 Sell Confirmed (2m streak)")
Mencegah Whipsaw (Holding time < 15 menit). Beli terakhir 5 menit lalu. Sinyal normal ([Trending] Quant EMA13/34 Sell Confirmed (2m streak)) diabaikan.
[2026-07-03 04:33:07] Validasi gagal / keputusan WAIT. Tidak ada eksekusi.
[2026-07-03 04:34:07] Siklus Menit Baru. Harga BTC Terakhir (OKX): $61540.20
[ANALIS] State: BULLISH | EMA13/34: $61539.1/$61529.8 | VWAP Sesi: $60982.92 | Vol Surge: 0.0x | BB50: [$61407.07 - $61636.96] | Tren 15m: BEARISH
[DEBUG] EMA streak: 0 | EMA13: 61539.06 | EMA34: 61529.79 | Selisih: 9.27
[ANALIS-TRENDING] Menunggu konfirmasi streak 2 menit. Saat ini: 1 menit.
[2026-07-03 04:34:07] Keputusan analis: Wait
[2026-07-03 04:34:07] Validasi gagal / keputusan WAIT. Tidak ada eksekusi.
[2026-07-03 04:35:07] Siklus Menit Baru. Harga BTC Terakhir (OKX): $61534.80
[ANALIS] State: BULLISH | EMA13/34: $61537.8/$61530.0 | VWAP Sesi: $60982.95 | Vol Surge: 0.0x | BB50: [$61416.10 - $61633.46] | Tren 15m: BEARISH
[DEBUG] EMA streak: 1 | EMA13: 61537.80 | EMA34: 61529.96 | Selisih: 7.84
[ANALIS-TRENDING] Sinyal melemah/Death Cross terkonfirmasi 2 menit berturut. Sinyal SELL.
[2026-07-03 04:35:07] Keputusan analis: Sell(0.003208852219017785, "[Trending] Quant EMA13/34 Sell Confirmed (2m streak)")
Mencegah Whipsaw (Holding time < 15 menit). Beli terakhir 7 menit lalu. Sinyal normal ([Trending] Quant EMA13/34 Sell Confirmed (2m streak)) diabaikan.
[2026-07-03 04:35:07] Validasi gagal / keputusan WAIT. Tidak ada eksekusi.
[2026-07-03 04:36:07] Siklus Menit Baru. Harga BTC Terakhir (OKX): $61539.10
[ANALIS] State: SIDEWAYS | EMA13/34: $61538.6/$61530.8 | VWAP Sesi: $60983.04 | Vol Surge: 0.1x | BB50: [$61425.59 - $61629.96] | Tren 15m: BEARISH
[ANALIS-SIDEWAYS] WAIT - Lebar BB sempit (0.332%).
[2026-07-03 04:36:07] Keputusan analis: Wait
[2026-07-03 04:36:07] Validasi gagal / keputusan WAIT. Tidak ada eksekusi.
[2026-07-03 04:37:08] Siklus Menit Baru. Harga BTC Terakhir (OKX): $61556.90
[ANALIS] State: SIDEWAYS | EMA13/34: $61543.5/$61533.0 | VWAP Sesi: $60983.57 | Vol Surge: 0.0x | BB50: [$61435.83 - $61626.91] | Tren 15m: BULLISH
[ANALIS-SIDEWAYS] WAIT - Lebar BB sempit (0.310%).
[2026-07-03 04:37:08] Keputusan analis: Wait
[2026-07-03 04:37:08] Validasi gagal / keputusan WAIT. Tidak ada eksekusi.
[2026-07-03 04:38:08] Siklus Menit Baru. Harga BTC Terakhir (OKX): $61553.70
[ANALIS] State: SIDEWAYS | EMA13/34: $61544.6/$61538.2 | VWAP Sesi: $60983.59 | Vol Surge: 0.0x | BB50: [$61447.82 - $61621.32] | Tren 15m: BULLISH
[ANALIS-SIDEWAYS] WAIT - Lebar BB sempit (0.282%).
[2026-07-03 04:38:08] Keputusan analis: Wait
[2026-07-03 04:38:08] Validasi gagal / keputusan WAIT. Tidak ada eksekusi.
[2026-07-03 04:39:08] Siklus Menit Baru. Harga BTC Terakhir (OKX): $61547.30
[ANALIS] State: SIDEWAYS | EMA13/34: $61544.2/$61538.5 | VWAP Sesi: $60983.60 | Vol Surge: 0.0x | BB50: [$61451.37 - $61620.67] | Tren 15m: BULLISH
[ANALIS-SIDEWAYS] WAIT - Lebar BB sempit (0.275%).
[2026-07-03 04:39:08] Keputusan analis: Wait
[2026-07-03 04:39:08] Validasi gagal / keputusan WAIT. Tidak ada eksekusi.
[2026-07-03 04:40:08] Siklus Menit Baru. Harga BTC Terakhir (OKX): $61541.70
[ANALIS] State: SIDEWAYS | EMA13/34: $61543.8/$61538.9 | VWAP Sesi: $60983.61 | Vol Surge: 0.1x | BB50: [$61454.72 - $61620.09] | Tren 15m: BULLISH
[ANALIS-SIDEWAYS] WAIT - Lebar BB sempit (0.269%).
[2026-07-03 04:40:08] Keputusan analis: Wait
[2026-07-03 04:40:08] Validasi gagal / keputusan WAIT. Tidak ada eksekusi.
[2026-07-03 04:41:08] Siklus Menit Baru. Harga BTC Terakhir (OKX): $61541.60
[ANALIS] State: SIDEWAYS | EMA13/34: $61543.5/$61538.1 | VWAP Sesi: $60983.62 | Vol Surge: 0.0x | BB50: [$61457.94 - $61619.51] | Tren 15m: BEARISH
[ANALIS-SIDEWAYS] WAIT - Lebar BB sempit (0.263%).
[2026-07-03 04:41:08] Keputusan analis: Wait
[2026-07-03 04:41:08] Validasi gagal / keputusan WAIT. Tidak ada eksekusi.
[2026-07-03 04:42:08] Siklus Menit Baru. Harga BTC Terakhir (OKX): $61525.30
[ANALIS] State: SIDEWAYS | EMA13/34: $61539.0/$61534.9 | VWAP Sesi: $60983.67 | Vol Surge: 0.0x | BB50: [$61462.12 - $61617.39] | Tren 15m: BEARISH
[ANALIS-SIDEWAYS] WAIT - Lebar BB sempit (0.252%).
[2026-07-03 04:42:08] Keputusan analis: Wait
[2026-07-03 04:42:08] Validasi gagal / keputusan WAIT. Tidak ada eksekusi.
[2026-07-03 04:43:08] Siklus Menit Baru. Harga BTC Terakhir (OKX): $61527.70
[ANALIS] State: SIDEWAYS | EMA13/34: $61537.4/$61534.7 | VWAP Sesi: $60983.71 | Vol Surge: 0.1x | BB50: [$61471.18 - $61612.40] | Tren 15m: BEARISH
[ANALIS-SIDEWAYS] WAIT - Lebar BB sempit (0.230%).
[2026-07-03 04:43:08] Keputusan analis: Wait
[2026-07-03 04:43:08] Validasi gagal / keputusan WAIT. Tidak ada eksekusi.
[2026-07-03 04:44:09] Siklus Menit Baru. Harga BTC Terakhir (OKX): $61524.80
[ANALIS] State: SIDEWAYS | EMA13/34: $61535.2/$61533.8 | VWAP Sesi: $60983.75 | Vol Surge: 0.0x | BB50: [$61480.21 - $61607.01] | Tren 15m: BEARISH
[ANALIS-SIDEWAYS] WAIT - Lebar BB sempit (0.206%).
[2026-07-03 04:44:09] Keputusan analis: Wait
[2026-07-03 04:44:09] Validasi gagal / keputusan WAIT. Tidak ada eksekusi.
[2026-07-03 04:45:09] Siklus Menit Baru. Harga BTC Terakhir (OKX): $61523.20
[ANALIS] State: SIDEWAYS | EMA13/34: $61533.5/$61533.2 | VWAP Sesi: $60983.75 | Vol Surge: 0.0x | BB50: [$61491.23 - $61599.83] | Tren 15m: BEARISH
[ANALIS-SIDEWAYS] WAIT - Lebar BB sempit (0.177%).
[2026-07-03 04:45:09] Keputusan analis: Wait
[2026-07-03 04:45:09] Validasi gagal / keputusan WAIT. Tidak ada eksekusi.
[2026-07-03 04:46:09] Siklus Menit Baru. Harga BTC Terakhir (OKX): $61520.90
[ANALIS] State: SIDEWAYS | EMA13/34: $61531.5/$61541.4 | VWAP Sesi: $60983.76 | Vol Surge: 0.0x | BB50: [$61504.04 - $61590.67] | Tren 15m: BEARISH
[ANALIS-SIDEWAYS] WAIT - Lebar BB sempit (0.141%).
[2026-07-03 04:46:09] Keputusan analis: Wait
[2026-07-03 04:46:09] Validasi gagal / keputusan WAIT. Tidak ada eksekusi.
[2026-07-03 04:47:09] Siklus Menit Baru. Harga BTC Terakhir (OKX): $61520.90
[ANALIS] State: SIDEWAYS | EMA13/34: $61530.0/$61539.9 | VWAP Sesi: $60983.76 | Vol Surge: 0.0x | BB50: [$61504.47 - $61587.11] | Tren 15m: BEARISH
[ANALIS-SIDEWAYS] WAIT - Lebar BB sempit (0.134%).
[2026-07-03 04:47:09] Keputusan analis: Wait
[2026-07-03 04:47:09] Validasi gagal / keputusan WAIT. Tidak ada eksekusi.
[2026-07-03 04:48:09] Siklus Menit Baru. Harga BTC Terakhir (OKX): $61520.90
[ANALIS] State: SIDEWAYS | EMA13/34: $61528.7/$61538.4 | VWAP Sesi: $60983.77 | Vol Surge: 0.0x | BB50: [$61504.64 - $61584.09] | Tren 15m: BEARISH
[ANALIS-SIDEWAYS] WAIT - Lebar BB sempit (0.129%).
[2026-07-03 04:48:09] Keputusan analis: Wait
[2026-07-03 04:48:09] Validasi gagal / keputusan WAIT. Tidak ada eksekusi.
[2026-07-03 04:49:09] Siklus Menit Baru. Harga BTC Terakhir (OKX): $61520.90
[ANALIS] State: SIDEWAYS | EMA13/34: $61527.5/$61536.9 | VWAP Sesi: $60983.78 | Vol Surge: 0.0x | BB50: [$61504.52 - $61581.67] | Tren 15m: BEARISH
[ANALIS-SIDEWAYS] WAIT - Lebar BB sempit (0.125%).
[2026-07-03 04:49:09] Keputusan analis: Wait
[2026-07-03 04:49:09] Validasi gagal / keputusan WAIT. Tidak ada eksekusi.
[2026-07-03 04:50:10] Siklus Menit Baru. Harga BTC Terakhir (OKX): $61520.90
[ANALIS] State: SIDEWAYS | EMA13/34: $61526.6/$61539.9 | VWAP Sesi: $60983.78 | Vol Surge: 0.0x | BB50: [$61504.07 - $61579.93] | Tren 15m: BEARISH
[ANALIS-SIDEWAYS] WAIT - Lebar BB sempit (0.123%).
[2026-07-03 04:50:10] Keputusan analis: Wait
[2026-07-03 04:50:10] Validasi gagal / keputusan WAIT. Tidak ada eksekusi.
[2026-07-03 04:51:10] Siklus Menit Baru. Harga BTC Terakhir (OKX): $61519.80
[ANALIS] State: SIDEWAYS | EMA13/34: $61525.2/$61534.2 | VWAP Sesi: $60983.81 | Vol Surge: 0.0x | BB50: [$61516.23 - $61562.42] | Tren 15m: BEARISH
[ANALIS-SIDEWAYS] WAIT - Lebar BB sempit (0.075%).
[2026-07-03 04:51:10] Keputusan analis: Wait
[2026-07-03 04:51:10] Validasi gagal / keputusan WAIT. Tidak ada eksekusi.
[2026-07-03 04:52:10] Siklus Menit Baru. Harga BTC Terakhir (OKX): $61611.60
[ANALIS] State: SIDEWAYS | EMA13/34: $61546.4/$61541.8 | VWAP Sesi: $60984.30 | Vol Surge: 0.1x | BB50: [$61509.14 - $61574.16] | Tren 15m: BULLISH
[ANALIS-SIDEWAYS] WAIT - Lebar BB sempit (0.106%).
[2026-07-03 04:52:10] Keputusan analis: Wait
[2026-07-03 04:52:10] Validasi gagal / keputusan WAIT. Tidak ada eksekusi.
[2026-07-03 04:53:10] Siklus Menit Baru. Harga BTC Terakhir (OKX): $61580.70
[ANALIS] State: SIDEWAYS | EMA13/34: $61549.5/$61543.0 | VWAP Sesi: $60984.39 | Vol Surge: 0.1x | BB50: [$61509.91 - $61573.93] | Tren 15m: BULLISH
[ANALIS-SIDEWAYS] WAIT - Lebar BB sempit (0.104%).
[2026-07-03 04:53:10] Keputusan analis: Wait
[2026-07-03 04:53:10] Validasi gagal / keputusan WAIT. Tidak ada eksekusi.
[2026-07-03 04:54:10] Siklus Menit Baru. Harga BTC Terakhir (OKX): $61573.70
[ANALIS] State: SIDEWAYS | EMA13/34: $61552.3/$61544.6 | VWAP Sesi: $60984.47 | Vol Surge: 0.0x | BB50: [$61509.60 - $61575.01] | Tren 15m: BULLISH
[ANALIS-SIDEWAYS] WAIT - Lebar BB sempit (0.106%).
[2026-07-03 04:54:10] Keputusan analis: Wait
[2026-07-03 04:54:10] Validasi gagal / keputusan WAIT. Tidak ada eksekusi.
[2026-07-03 04:55:10] Siklus Menit Baru. Harga BTC Terakhir (OKX): $61553.60
[ANALIS] State: SIDEWAYS | EMA13/34: $61550.0/$61543.8 | VWAP Sesi: $60984.68 | Vol Surge: 0.0x | BB50: [$61510.26 - $61573.61] | Tren 15m: BULLISH
[ANALIS-SIDEWAYS] WAIT - Lebar BB sempit (0.103%).
[2026-07-03 04:55:10] Keputusan analis: Wait
[2026-07-03 04:55:10] Validasi gagal / keputusan WAIT. Tidak ada eksekusi.
[2026-07-03 04:56:10] Siklus Menit Baru. Harga BTC Terakhir (OKX): $61552.70
[ANALIS] State: SIDEWAYS | EMA13/34: $61549.0/$61543.5 | VWAP Sesi: $60984.68 | Vol Surge: 0.1x | BB50: [$61510.23 - $61573.43] | Tren 15m: BULLISH
[ANALIS-SIDEWAYS] WAIT - Lebar BB sempit (0.103%).
[2026-07-03 04:56:10] Keputusan analis: Wait
[2026-07-03 04:56:10] Validasi gagal / keputusan WAIT. Tidak ada eksekusi.
[2026-07-03 04:57:10] Siklus Menit Baru. Harga BTC Terakhir (OKX): $61568.40
[ANALIS] State: SIDEWAYS | EMA13/34: $61551.9/$61545.0 | VWAP Sesi: $60984.70 | Vol Surge: 0.2x | BB50: [$61509.85 - $61574.83] | Tren 15m: BULLISH
[ANALIS-SIDEWAYS] WAIT - Lebar BB sempit (0.106%).
[2026-07-03 04:57:10] Keputusan analis: Wait
[2026-07-03 04:57:10] Validasi gagal / keputusan WAIT. Tidak ada eksekusi.
[2026-07-03 04:58:11] Siklus Menit Baru. Harga BTC Terakhir (OKX): $61566.50
[ANALIS] State: SIDEWAYS | EMA13/34: $61553.7/$61546.3 | VWAP Sesi: $60984.72 | Vol Surge: 0.0x | BB50: [$61509.68 - $61575.82] | Tren 15m: BULLISH
[ANALIS-SIDEWAYS] WAIT - Lebar BB sempit (0.107%).
[2026-07-03 04:58:11] Keputusan analis: Wait
[2026-07-03 04:58:11] Validasi gagal / keputusan WAIT. Tidak ada eksekusi.
[2026-07-03 04:59:11] Siklus Menit Baru. Harga BTC Terakhir (OKX): $61572.40
[ANALIS] State: SIDEWAYS | EMA13/34: $61557.1/$61547.9 | VWAP Sesi: $60984.73 | Vol Surge: 0.0x | BB50: [$61508.94 - $61577.82] | Tren 15m: BULLISH
[ANALIS-SIDEWAYS] WAIT - Lebar BB sempit (0.112%).
[2026-07-03 04:59:11] Keputusan analis: Wait
[2026-07-03 04:59:11] Validasi gagal / keputusan WAIT. Tidak ada eksekusi.
[2026-07-03 05:00:11] Siklus Menit Baru. Harga BTC Terakhir (OKX): $61562.30
[ANALIS] State: SIDEWAYS | EMA13/34: $61560.4/$61550.2 | VWAP Sesi: $60984.76 | Vol Surge: 0.3x | BB50: [$61507.52 - $61580.80] | Tren 15m: BULLISH
[ANALIS-SIDEWAYS] WAIT - Lebar BB sempit (0.119%).
[2026-07-03 05:00:11] Keputusan analis: Wait
[2026-07-03 05:00:11] Validasi gagal / keputusan WAIT. Tidak ada eksekusi.
[2026-07-03 05:01:11] Siklus Menit Baru. Harga BTC Terakhir (OKX): $61532.20
[ANALIS] State: SIDEWAYS | EMA13/34: $61553.0/$61547.5 | VWAP Sesi: $60984.81 | Vol Surge: 0.1x | BB50: [$61506.79 - $61579.67] | Tren 15m: BULLISH
[ANALIS-SIDEWAYS] WAIT - Lebar BB sempit (0.118%).
[2026-07-03 05:01:11] Keputusan analis: Wait
[2026-07-03 05:01:11] Validasi gagal / keputusan WAIT. Tidak ada eksekusi.
[2026-07-03 05:02:11] Siklus Menit Baru. Harga BTC Terakhir (OKX): $61561.50
[ANALIS] State: SIDEWAYS | EMA13/34: $61556.9/$61548.5 | VWAP Sesi: $60984.82 | Vol Surge: 0.0x | BB50: [$61507.21 - $61580.72] | Tren 15m: BULLISH
[ANALIS-SIDEWAYS] WAIT - Lebar BB sempit (0.119%).
[2026-07-03 05:02:11] Keputusan analis: Wait
[2026-07-03 05:02:11] Validasi gagal / keputusan WAIT. Tidak ada eksekusi.
[2026-07-03 05:03:11] Siklus Menit Baru. Harga BTC Terakhir (OKX): $61552.50
[ANALIS] State: SIDEWAYS | EMA13/34: $61557.1/$61549.2 | VWAP Sesi: $60984.97 | Vol Surge: 0.5x | BB50: [$61507.65 - $61581.51] | Tren 15m: BULLISH
[ANALIS-SIDEWAYS] WAIT - Lebar BB sempit (0.120%).
[2026-07-03 05:03:11] Keputusan analis: Wait
[2026-07-03 05:03:11] Validasi gagal / keputusan WAIT. Tidak ada eksekusi.
[2026-07-03 05:04:12] Siklus Menit Baru. Harga BTC Terakhir (OKX): $61549.00
[ANALIS] State: SIDEWAYS | EMA13/34: $61558.0/$61551.1 | VWAP Sesi: $60984.99 | Vol Surge: 0.1x | BB50: [$61508.10 - $61582.53] | Tren 15m: BULLISH
[ANALIS-SIDEWAYS] WAIT - Lebar BB sempit (0.121%).
[2026-07-03 05:04:12] Keputusan analis: Wait
[2026-07-03 05:04:12] Validasi gagal / keputusan WAIT. Tidak ada eksekusi.
[2026-07-03 05:05:12] Siklus Menit Baru. Harga BTC Terakhir (OKX): $61532.30
[ANALIS] State: SIDEWAYS | EMA13/34: $61552.3/$61549.1 | VWAP Sesi: $60985.00 | Vol Surge: 0.0x | BB50: [$61507.10 - $61582.15] | Tren 15m: BULLISH
[ANALIS-SIDEWAYS] WAIT - Lebar BB sempit (0.122%).
[2026-07-03 05:05:12] Keputusan analis: Wait
[2026-07-03 05:05:12] Validasi gagal / keputusan WAIT. Tidak ada eksekusi.
[2026-07-03 05:06:12] Siklus Menit Baru. Harga BTC Terakhir (OKX): $61532.30
[ANALIS] State: SIDEWAYS | EMA13/34: $61549.4/$61547.9 | VWAP Sesi: $60985.01 | Vol Surge: 0.0x | BB50: [$61506.63 - $61581.95] | Tren 15m: BEARISH
[ANALIS-SIDEWAYS] WAIT - Lebar BB sempit (0.122%).
[2026-07-03 05:06:12] Keputusan analis: Wait
[2026-07-03 05:06:12] Validasi gagal / keputusan WAIT. Tidak ada eksekusi.
[2026-07-03 05:07:12] Siklus Menit Baru. Harga BTC Terakhir (OKX): $61532.20
[ANALIS] State: SIDEWAYS | EMA13/34: $61547.0/$61547.2 | VWAP Sesi: $60985.02 | Vol Surge: 0.1x | BB50: [$61506.23 - $61581.85] | Tren 15m: BEARISH
[ANALIS-SIDEWAYS] WAIT - Lebar BB sempit (0.123%).
[2026-07-03 05:07:12] Keputusan analis: Wait
[2026-07-03 05:07:12] Validasi gagal / keputusan WAIT. Tidak ada eksekusi.
[2026-07-03 05:08:12] Siklus Menit Baru. Harga BTC Terakhir (OKX): $61544.80
[ANALIS] State: SIDEWAYS | EMA13/34: $61548.2/$61547.6 | VWAP Sesi: $60985.03 | Vol Surge: 0.0x | BB50: [$61506.58 - $61581.86] | Tren 15m: BEARISH
[ANALIS-SIDEWAYS] WAIT - Lebar BB sempit (0.122%).
[2026-07-03 05:08:12] Keputusan analis: Wait
[2026-07-03 05:08:12] Validasi gagal / keputusan WAIT. Tidak ada eksekusi.
[2026-07-03 05:09:12] Siklus Menit Baru. Harga BTC Terakhir (OKX): $61555.80
[ANALIS] State: SIDEWAYS | EMA13/34: $61547.7/$61547.4 | VWAP Sesi: $60985.08 | Vol Surge: 0.3x | BB50: [$61506.25 - $61582.12] | Tren 15m: BULLISH
[ANALIS-SIDEWAYS] WAIT - Lebar BB sempit (0.123%).
[2026-07-03 05:09:12] Keputusan analis: Wait
[2026-07-03 05:09:12] Validasi gagal / keputusan WAIT. Tidak ada eksekusi.
[2026-07-03 05:10:12] Siklus Menit Baru. Harga BTC Terakhir (OKX): $61532.20
[ANALIS] State: SIDEWAYS | EMA13/34: $61542.6/$61545.2 | VWAP Sesi: $60985.09 | Vol Surge: 0.1x | BB50: [$61505.38 - $61581.52] | Tren 15m: BEARISH
[ANALIS-SIDEWAYS] WAIT - Lebar BB sempit (0.124%).
[2026-07-03 05:10:12] Keputusan analis: Wait
[2026-07-03 05:10:12] Validasi gagal / keputusan WAIT. Tidak ada eksekusi.
[2026-07-03 05:11:13] Siklus Menit Baru. Harga BTC Terakhir (OKX): $61538.30
[ANALIS] State: SIDEWAYS | EMA13/34: $61543.1/$61545.3 | VWAP Sesi: $60985.10 | Vol Surge: 0.1x | BB50: [$61505.53 - $61581.46] | Tren 15m: BEARISH
[ANALIS-SIDEWAYS] WAIT - Lebar BB sempit (0.123%).
[2026-07-03 05:11:13] Keputusan analis: Wait
[2026-07-03 05:11:13] Validasi gagal / keputusan WAIT. Tidak ada eksekusi.
[2026-07-03 05:12:13] Siklus Menit Baru. Harga BTC Terakhir (OKX): $61537.80
[ANALIS] State: SIDEWAYS | EMA13/34: $61542.3/$61544.4 | VWAP Sesi: $60985.32 | Vol Surge: 0.1x | BB50: [$61505.34 - $61581.34] | Tren 15m: BEARISH
[ANALIS-SIDEWAYS] WAIT - Lebar BB sempit (0.124%).
[2026-07-03 05:12:13] Keputusan analis: Wait
[2026-07-03 05:12:13] Validasi gagal / keputusan WAIT. Tidak ada eksekusi.
[2026-07-03 05:13:13] Siklus Menit Baru. Harga BTC Terakhir (OKX): $61528.50
[ANALIS] State: SIDEWAYS | EMA13/34: $61539.2/$61543.4 | VWAP Sesi: $60985.33 | Vol Surge: 0.0x | BB50: [$61504.66 - $61581.37] | Tren 15m: BEARISH
[ANALIS-SIDEWAYS] WAIT - Lebar BB sempit (0.125%).
[2026-07-03 05:13:13] Keputusan analis: Wait
[2026-07-03 05:13:13] Validasi gagal / keputusan WAIT. Tidak ada eksekusi.
[2026-07-03 05:14:13] Siklus Menit Baru. Harga BTC Terakhir (OKX): $61521.40
[ANALIS] State: SIDEWAYS | EMA13/34: $61535.8/$61541.6 | VWAP Sesi: $60985.34 | Vol Surge: 0.0x | BB50: [$61503.36 - $61581.53] | Tren 15m: BEARISH
[ANALIS-SIDEWAYS] WAIT - Lebar BB sempit (0.127%).
[2026-07-03 05:14:13] Keputusan analis: Wait
[2026-07-03 05:14:13] Validasi gagal / keputusan WAIT. Tidak ada eksekusi.
[2026-07-03 05:15:13] Siklus Menit Baru. Harga BTC Terakhir (OKX): $61528.60
[ANALIS] State: SIDEWAYS | EMA13/34: $61535.6/$61541.4 | VWAP Sesi: $60985.35 | Vol Surge: 0.1x | BB50: [$61503.32 - $61581.36] | Tren 15m: BEARISH
[ANALIS-SIDEWAYS] WAIT - Lebar BB sempit (0.127%).
[2026-07-03 05:15:13] Keputusan analis: Wait
[2026-07-03 05:15:13] Validasi gagal / keputusan WAIT. Tidak ada eksekusi.
[2026-07-03 05:16:13] Siklus Menit Baru. Harga BTC Terakhir (OKX): $61527.90
[ANALIS] State: SIDEWAYS | EMA13/34: $61535.2/$61540.9 | VWAP Sesi: $60985.39 | Vol Surge: 0.4x | BB50: [$61503.05 - $61581.26] | Tren 15m: BEARISH
[ANALIS-SIDEWAYS] WAIT - Lebar BB sempit (0.127%).
[2026-07-03 05:16:13] Keputusan analis: Wait
[2026-07-03 05:16:13] Validasi gagal / keputusan WAIT. Tidak ada eksekusi.
[2026-07-03 05:17:13] Siklus Menit Baru. Harga BTC Terakhir (OKX): $61527.90
[ANALIS] State: SIDEWAYS | EMA13/34: $61534.2/$61540.2 | VWAP Sesi: $60985.40 | Vol Surge: 0.0x | BB50: [$61502.54 - $61581.16] | Tren 15m: BEARISH
[ANALIS-SIDEWAYS] WAIT - Lebar BB sempit (0.128%).
[2026-07-03 05:17:13] Keputusan analis: Wait
[2026-07-03 05:17:13] Validasi gagal / keputusan WAIT. Tidak ada eksekusi.
[2026-07-03 05:18:14] Siklus Menit Baru. Harga BTC Terakhir (OKX): $61537.70
[ANALIS] State: SIDEWAYS | EMA13/34: $61536.3/$61540.7 | VWAP Sesi: $60985.45 | Vol Surge: 0.1x | BB50: [$61502.88 - $61581.13] | Tren 15m: BEARISH
[ANALIS-SIDEWAYS] WAIT - Lebar BB sempit (0.127%).
[2026-07-03 05:18:14] Keputusan analis: Wait
[2026-07-03 05:18:14] Validasi gagal / keputusan WAIT. Tidak ada eksekusi.
[2026-07-03 05:19:14] Siklus Menit Baru. Harga BTC Terakhir (OKX): $61537.70
[ANALIS] State: SIDEWAYS | EMA13/34: $61536.5/$61540.2 | VWAP Sesi: $60985.47 | Vol Surge: 0.0x | BB50: [$61502.75 - $61581.04] | Tren 15m: BULLISH
[ANALIS-SIDEWAYS] WAIT - Lebar BB sempit (0.127%).
[2026-07-03 05:19:14] Keputusan analis: Wait
[2026-07-03 05:19:14] Validasi gagal / keputusan WAIT. Tidak ada eksekusi.
[2026-07-03 05:20:14] Siklus Menit Baru. Harga BTC Terakhir (OKX): $61532.60
[ANALIS] State: SIDEWAYS | EMA13/34: $61538.6/$61540.4 | VWAP Sesi: $60985.60 | Vol Surge: 1.5x | BB50: [$61502.75 - $61581.73] | Tren 15m: BULLISH
[ANALIS-SIDEWAYS] WAIT - Lebar BB sempit (0.128%).
[2026-07-03 05:20:14] Keputusan analis: Wait
[2026-07-03 05:20:14] Validasi gagal / keputusan WAIT. Tidak ada eksekusi.
[2026-07-03 05:21:14] Siklus Menit Baru. Harga BTC Terakhir (OKX): $61532.60
[ANALIS] State: SIDEWAYS | EMA13/34: $61537.7/$61540.2 | VWAP Sesi: $60985.62 | Vol Surge: 0.0x | BB50: [$61503.00 - $61581.70] | Tren 15m: BULLISH
[ANALIS-SIDEWAYS] WAIT - Lebar BB sempit (0.128%).
[2026-07-03 05:21:14] Keputusan analis: Wait
[2026-07-03 05:21:14] Validasi gagal / keputusan WAIT. Tidak ada eksekusi.
[2026-07-03 05:22:14] Siklus Menit Baru. Harga BTC Terakhir (OKX): $61528.00
[ANALIS] State: SIDEWAYS | EMA13/34: $61535.7/$61539.7 | VWAP Sesi: $60985.64 | Vol Surge: 0.0x | BB50: [$61502.63 - $61581.74] | Tren 15m: BEARISH
[ANALIS-SIDEWAYS] WAIT - Lebar BB sempit (0.129%).
[2026-07-03 05:22:14] Keputusan analis: Wait
[2026-07-03 05:22:14] Validasi gagal / keputusan WAIT. Tidak ada eksekusi.
[2026-07-03 05:23:14] Siklus Menit Baru. Harga BTC Terakhir (OKX): $61539.20
[ANALIS] State: SIDEWAYS | EMA13/34: $61537.6/$61540.0 | VWAP Sesi: $60985.66 | Vol Surge: 0.0x | BB50: [$61503.02 - $61581.75] | Tren 15m: BULLISH
[ANALIS-SIDEWAYS] WAIT - Lebar BB sempit (0.128%).
[2026-07-03 05:23:14] Keputusan analis: Wait
[2026-07-03 05:23:14] Validasi gagal / keputusan WAIT. Tidak ada eksekusi.
[2026-07-03 05:24:14] Siklus Menit Baru. Harga BTC Terakhir (OKX): $61548.00
[ANALIS] State: SIDEWAYS | EMA13/34: $61539.1/$61540.7 | VWAP Sesi: $60985.69 | Vol Surge: 0.4x | BB50: [$61503.32 - $61581.99] | Tren 15m: BULLISH
[ANALIS-SIDEWAYS] WAIT - Lebar BB sempit (0.128%).
[2026-07-03 05:24:14] Keputusan analis: Wait
[2026-07-03 05:24:14] Validasi gagal / keputusan WAIT. Tidak ada eksekusi.
[2026-07-03 05:25:14] Siklus Menit Baru. Harga BTC Terakhir (OKX): $61534.70
[ANALIS] State: SIDEWAYS | EMA13/34: $61538.8/$61541.5 | VWAP Sesi: $60985.71 | Vol Surge: 0.4x | BB50: [$61503.18 - $61582.02] | Tren 15m: BEARISH
[ANALIS-SIDEWAYS] WAIT - Lebar BB sempit (0.128%).
[2026-07-03 05:25:14] Keputusan analis: Wait
[2026-07-03 05:25:14] Validasi gagal / keputusan WAIT. Tidak ada eksekusi.
[2026-07-03 05:26:15] Siklus Menit Baru. Harga BTC Terakhir (OKX): $61531.70
[ANALIS] State: SIDEWAYS | EMA13/34: $61537.4/$61540.5 | VWAP Sesi: $60985.72 | Vol Surge: 0.0x | BB50: [$61502.67 - $61581.37] | Tren 15m: BEARISH
[ANALIS-SIDEWAYS] WAIT - Lebar BB sempit (0.128%).
[2026-07-03 05:26:15] Keputusan analis: Wait
[2026-07-03 05:26:15] Validasi gagal / keputusan WAIT. Tidak ada eksekusi.
[2026-07-03 05:27:15] Siklus Menit Baru. Harga BTC Terakhir (OKX): $61531.70
[ANALIS] State: SIDEWAYS | EMA13/34: $61536.6/$61539.7 | VWAP Sesi: $60985.73 | Vol Surge: 0.0x | BB50: [$61502.27 - $61580.89] | Tren 15m: BULLISH
[ANALIS-SIDEWAYS] WAIT - Lebar BB sempit (0.128%).
[2026-07-03 05:27:15] Keputusan analis: Wait
[2026-07-03 05:27:15] Validasi gagal / keputusan WAIT. Tidak ada eksekusi.
[2026-07-03 05:28:15] Siklus Menit Baru. Harga BTC Terakhir (OKX): $61531.70
[ANALIS] State: SIDEWAYS | EMA13/34: $61535.9/$61539.2 | VWAP Sesi: $60985.73 | Vol Surge: 0.0x | BB50: [$61501.89 - $61580.64] | Tren 15m: BULLISH
[ANALIS-SIDEWAYS] WAIT - Lebar BB sempit (0.128%).
[2026-07-03 05:28:15] Keputusan analis: Wait
[2026-07-03 05:28:15] Validasi gagal / keputusan WAIT. Tidak ada eksekusi.
[2026-07-03 05:29:15] Siklus Menit Baru. Harga BTC Terakhir (OKX): $61530.70
[ANALIS] State: SIDEWAYS | EMA13/34: $61535.1/$61538.4 | VWAP Sesi: $60985.74 | Vol Surge: 0.2x | BB50: [$61501.49 - $61580.38] | Tren 15m: BULLISH
[ANALIS-SIDEWAYS] WAIT - Lebar BB sempit (0.128%).
[2026-07-03 05:29:15] Keputusan analis: Wait
[2026-07-03 05:29:15] Validasi gagal / keputusan WAIT. Tidak ada eksekusi.
[2026-07-03 05:30:15] Siklus Menit Baru. Harga BTC Terakhir (OKX): $61523.40
[ANALIS] State: SIDEWAYS | EMA13/34: $61532.5/$61536.3 | VWAP Sesi: $60985.76 | Vol Surge: 0.0x | BB50: [$61500.46 - $61580.37] | Tren 15m: BEARISH
[ANALIS-SIDEWAYS] WAIT - Lebar BB sempit (0.130%).
[2026-07-03 05:30:15] Keputusan analis: Wait
[2026-07-03 05:30:15] Validasi gagal / keputusan WAIT. Tidak ada eksekusi.
[2026-07-03 05:31:15] Siklus Menit Baru. Harga BTC Terakhir (OKX): $61512.70
[ANALIS] State: SIDEWAYS | EMA13/34: $61529.7/$61535.0 | VWAP Sesi: $60985.83 | Vol Surge: 1.8x | BB50: [$61499.65 - $61580.65] | Tren 15m: BEARISH
[ANALIS-SIDEWAYS] WAIT - Lebar BB sempit (0.132%).
[2026-07-03 05:31:15] Keputusan analis: Wait
[2026-07-03 05:31:15] Validasi gagal / keputusan WAIT. Tidak ada eksekusi.
[2026-07-03 05:32:15] Siklus Menit Baru. Harga BTC Terakhir (OKX): $61518.10
[ANALIS] State: SIDEWAYS | EMA13/34: $61528.4/$61534.1 | VWAP Sesi: $60985.94 | Vol Surge: 2.2x | BB50: [$61499.46 - $61580.68] | Tren 15m: BEARISH
[ANALIS-SIDEWAYS] WAIT - Lebar BB sempit (0.132%).
[2026-07-03 05:32:15] Keputusan analis: Wait
[2026-07-03 05:32:15] Validasi gagal / keputusan WAIT. Tidak ada eksekusi.
[2026-07-03 05:33:16] Siklus Menit Baru. Harga BTC Terakhir (OKX): $61531.00
[ANALIS] State: SIDEWAYS | EMA13/34: $61530.4/$61534.6 | VWAP Sesi: $60985.95 | Vol Surge: 0.0x | BB50: [$61500.40 - $61580.51] | Tren 15m: BEARISH
[ANALIS-SIDEWAYS] WAIT - Lebar BB sempit (0.130%).
[2026-07-03 05:33:16] Keputusan analis: Wait
[2026-07-03 05:33:16] Validasi gagal / keputusan WAIT. Tidak ada eksekusi.
[2026-07-03 05:34:16] Siklus Menit Baru. Harga BTC Terakhir (OKX): $61520.60
[ANALIS] State: SIDEWAYS | EMA13/34: $61527.7/$61533.1 | VWAP Sesi: $60985.97 | Vol Surge: 0.0x | BB50: [$61499.67 - $61580.66] | Tren 15m: BEARISH
[ANALIS-SIDEWAYS] WAIT - Lebar BB sempit (0.132%).
[2026-07-03 05:34:16] Keputusan analis: Wait
[2026-07-03 05:34:16] Validasi gagal / keputusan WAIT. Tidak ada eksekusi.
[2026-07-03 05:35:16] Siklus Menit Baru. Harga BTC Terakhir (OKX): $61538.00
[ANALIS] State: SIDEWAYS | EMA13/34: $61531.2/$61534.3 | VWAP Sesi: $60985.98 | Vol Surge: 0.0x | BB50: [$61501.12 - $61580.57] | Tren 15m: BULLISH
[ANALIS-SIDEWAYS] WAIT - Lebar BB sempit (0.129%).
[2026-07-03 05:35:16] Keputusan analis: Wait
[2026-07-03 05:35:16] Validasi gagal / keputusan WAIT. Tidak ada eksekusi.
[2026-07-03 05:36:16] Siklus Menit Baru. Harga BTC Terakhir (OKX): $61544.70
[ANALIS] State: SIDEWAYS | EMA13/34: $61534.0/$61535.2 | VWAP Sesi: $60985.98 | Vol Surge: 0.0x | BB50: [$61502.12 - $61580.78] | Tren 15m: BULLISH
[ANALIS-SIDEWAYS] WAIT - Lebar BB sempit (0.128%).
[2026-07-03 05:36:16] Keputusan analis: Wait
[2026-07-03 05:36:16] Validasi gagal / keputusan WAIT. Tidak ada eksekusi.
[2026-07-03 05:37:16] Siklus Menit Baru. Harga BTC Terakhir (OKX): $61543.20
[ANALIS] State: SIDEWAYS | EMA13/34: $61534.0/$61535.1 | VWAP Sesi: $60986.02 | Vol Surge: 0.1x | BB50: [$61502.74 - $61580.63] | Tren 15m: BULLISH
[ANALIS-SIDEWAYS] WAIT - Lebar BB sempit (0.127%).
[2026-07-03 05:37:16] Keputusan analis: Wait
[2026-07-03 05:37:16] Validasi gagal / keputusan WAIT. Tidak ada eksekusi.
[2026-07-03 05:38:16] Siklus Menit Baru. Harga BTC Terakhir (OKX): $61534.60
[ANALIS] State: SIDEWAYS | EMA13/34: $61533.0/$61534.6 | VWAP Sesi: $60986.03 | Vol Surge: 0.1x | BB50: [$61503.19 - $61580.38] | Tren 15m: BEARISH
[ANALIS-SIDEWAYS] WAIT - Lebar BB sempit (0.125%).
[2026-07-03 05:38:16] Keputusan analis: Wait
[2026-07-03 05:38:16] Validasi gagal / keputusan WAIT. Tidak ada eksekusi.
[2026-07-03 05:39:17] Siklus Menit Baru. Harga BTC Terakhir (OKX): $61544.30
[ANALIS] State: SIDEWAYS | EMA13/34: $61535.8/$61535.5 | VWAP Sesi: $60986.27 | Vol Surge: 1.4x | BB50: [$61504.37 - $61580.52] | Tren 15m: BEARISH
[ANALIS-SIDEWAYS] WAIT - Lebar BB sempit (0.124%).
[2026-07-03 05:39:17] Keputusan analis: Wait
[2026-07-03 05:39:17] Validasi gagal / keputusan WAIT. Tidak ada eksekusi.
[2026-07-03 05:40:17] Siklus Menit Baru. Harga BTC Terakhir (OKX): $61530.80
[ANALIS] State: SIDEWAYS | EMA13/34: $61533.5/$61538.5 | VWAP Sesi: $60986.30 | Vol Surge: 0.1x | BB50: [$61504.77 - $61580.13] | Tren 15m: BEARISH
[ANALIS-SIDEWAYS] WAIT - Lebar BB sempit (0.122%).
[2026-07-03 05:40:17] Keputusan analis: Wait
[2026-07-03 05:40:17] Validasi gagal / keputusan WAIT. Tidak ada eksekusi.
[2026-07-03 05:41:17] Siklus Menit Baru. Harga BTC Terakhir (OKX): $61530.90
[ANALIS] State: SIDEWAYS | EMA13/34: $61533.1/$61538.3 | VWAP Sesi: $60986.31 | Vol Surge: 0.2x | BB50: [$61506.20 - $61576.25] | Tren 15m: BEARISH
[ANALIS-SIDEWAYS] WAIT - Lebar BB sempit (0.114%).
[2026-07-03 05:41:17] Keputusan analis: Wait
[2026-07-03 05:41:17] Validasi gagal / keputusan WAIT. Tidak ada eksekusi.
[2026-07-03 05:42:17] Siklus Menit Baru. Harga BTC Terakhir (OKX): $61530.80
[ANALIS] State: SIDEWAYS | EMA13/34: $61532.8/$61536.7 | VWAP Sesi: $60986.34 | Vol Surge: 0.7x | BB50: [$61508.61 - $61571.18] | Tren 15m: BEARISH
[ANALIS-SIDEWAYS] WAIT - Lebar BB sempit (0.102%).
[2026-07-03 05:42:17] Keputusan analis: Wait
[2026-07-03 05:42:17] Validasi gagal / keputusan WAIT. Tidak ada eksekusi.
[2026-07-03 05:43:17] Siklus Menit Baru. Harga BTC Terakhir (OKX): $61528.60
[ANALIS] State: SIDEWAYS | EMA13/34: $61531.9/$61535.0 | VWAP Sesi: $60986.35 | Vol Surge: 0.0x | BB50: [$61509.13 - $61568.69] | Tren 15m: BEARISH
[ANALIS-SIDEWAYS] WAIT - Lebar BB sempit (0.097%).
[2026-07-03 05:43:17] Keputusan analis: Wait
[2026-07-03 05:43:17] Validasi gagal / keputusan WAIT. Tidak ada eksekusi.
[2026-07-03 05:44:17] Siklus Menit Baru. Harga BTC Terakhir (OKX): $61528.70
[ANALIS] State: SIDEWAYS | EMA13/34: $61531.4/$61534.0 | VWAP Sesi: $60986.37 | Vol Surge: 0.0x | BB50: [$61508.81 - $61568.03] | Tren 15m: BULLISH
[ANALIS-SIDEWAYS] WAIT - Lebar BB sempit (0.096%).
[2026-07-03 05:44:17] Keputusan analis: Wait
[2026-07-03 05:44:17] Validasi gagal / keputusan WAIT. Tidak ada eksekusi.
[2026-07-03 05:45:18] Siklus Menit Baru. Harga BTC Terakhir (OKX): $61528.70
[ANALIS] State: SIDEWAYS | EMA13/34: $61531.0/$61534.3 | VWAP Sesi: $60986.40 | Vol Surge: 0.0x | BB50: [$61508.43 - $61567.84] | Tren 15m: BULLISH
[ANALIS-SIDEWAYS] WAIT - Lebar BB sempit (0.097%).
[2026-07-03 05:45:18] Keputusan analis: Wait
[2026-07-03 05:45:18] Validasi gagal / keputusan WAIT. Tidak ada eksekusi.
[2026-07-03 05:46:18] Siklus Menit Baru. Harga BTC Terakhir (OKX): $61524.40
[ANALIS] State: SIDEWAYS | EMA13/34: $61530.0/$61534.4 | VWAP Sesi: $60986.44 | Vol Surge: 0.2x | BB50: [$61507.87 - $61567.22] | Tren 15m: BULLISH
[ANALIS-SIDEWAYS] WAIT - Lebar BB sempit (0.096%).
[2026-07-03 05:46:18] Keputusan analis: Wait
[2026-07-03 05:46:18] Validasi gagal / keputusan WAIT. Tidak ada eksekusi.
[2026-07-03 05:47:18] Siklus Menit Baru. Harga BTC Terakhir (OKX): $61524.30
[ANALIS] State: SIDEWAYS | EMA13/34: $61529.2/$61534.1 | VWAP Sesi: $60986.44 | Vol Surge: 0.2x | BB50: [$61507.98 - $61565.43] | Tren 15m: BEARISH
[ANALIS-SIDEWAYS] WAIT - Lebar BB sempit (0.093%).
[2026-07-03 05:47:18] Keputusan analis: Wait
[2026-07-03 05:47:18] Validasi gagal / keputusan WAIT. Tidak ada eksekusi.
[2026-07-03 05:48:18] Siklus Menit Baru. Harga BTC Terakhir (OKX): $61518.10
[ANALIS] State: SIDEWAYS | EMA13/34: $61526.8/$61533.9 | VWAP Sesi: $60986.58 | Vol Surge: 0.0x | BB50: [$61507.91 - $61563.08] | Tren 15m: BEARISH
[ANALIS-SIDEWAYS] WAIT - Lebar BB sempit (0.090%).
[2026-07-03 05:48:18] Keputusan analis: Wait
[2026-07-03 05:48:18] Validasi gagal / keputusan WAIT. Tidak ada eksekusi.
[2026-07-03 05:49:18] Siklus Menit Baru. Harga BTC Terakhir (OKX): $61518.10
[ANALIS] State: SIDEWAYS | EMA13/34: $61525.5/$61530.0 | VWAP Sesi: $60986.59 | Vol Surge: 0.2x | BB50: [$61511.40 - $61556.59] | Tren 15m: BEARISH
[ANALIS-SIDEWAYS] WAIT - Lebar BB sempit (0.073%).
[2026-07-03 05:49:18] Keputusan analis: Wait
[2026-07-03 05:49:18] Validasi gagal / keputusan WAIT. Tidak ada eksekusi.
[2026-07-03 05:50:18] Siklus Menit Baru. Harga BTC Terakhir (OKX): $61518.00
[ANALIS] State: SIDEWAYS | EMA13/34: $61524.5/$61530.3 | VWAP Sesi: $60986.60 | Vol Surge: 0.2x | BB50: [$61510.62 - $61556.70] | Tren 15m: BEARISH
[ANALIS-SIDEWAYS] WAIT - Lebar BB sempit (0.075%).
[2026-07-03 05:50:18] Keputusan analis: Wait
[2026-07-03 05:50:18] Validasi gagal / keputusan WAIT. Tidak ada eksekusi.
[2026-07-03 05:51:18] Siklus Menit Baru. Harga BTC Terakhir (OKX): $61518.10
[ANALIS] State: SIDEWAYS | EMA13/34: $61523.6/$61530.4 | VWAP Sesi: $60986.61 | Vol Surge: 0.1x | BB50: [$61510.26 - $61555.62] | Tren 15m: BEARISH
[ANALIS-SIDEWAYS] WAIT - Lebar BB sempit (0.074%).
[2026-07-03 05:51:18] Keputusan analis: Wait
[2026-07-03 05:51:18] Validasi gagal / keputusan WAIT. Tidak ada eksekusi.
[2026-07-03 05:52:18] Siklus Menit Baru. Harga BTC Terakhir (OKX): $61462.20
[ANALIS] State: SIDEWAYS | EMA13/34: $61502.9/$61521.2 | VWAP Sesi: $60987.34 | Vol Surge: 1.3x | BB50: [$61487.21 - $61570.48] | Tren 15m: BEARISH
[ANALIS-SIDEWAYS] WAIT - Lebar BB sempit (0.135%).
[2026-07-03 05:52:18] Keputusan analis: Wait
[2026-07-03 05:52:18] Validasi gagal / keputusan WAIT. Tidak ada eksekusi.
[2026-07-03 05:53:19] Siklus Menit Baru. Harga BTC Terakhir (OKX): $61528.50
[ANALIS] State: SIDEWAYS | EMA13/34: $61505.8/$61519.4 | VWAP Sesi: $60987.56 | Vol Surge: 3.9x | BB50: [$61487.07 - $61568.80] | Tren 15m: BEARISH
[ANALIS-SIDEWAYS] WAIT - Lebar BB sempit (0.133%).
[2026-07-03 05:53:19] Keputusan analis: Wait
[2026-07-03 05:53:19] Validasi gagal / keputusan WAIT. Tidak ada eksekusi.
[2026-07-03 05:54:19] Siklus Menit Baru. Harga BTC Terakhir (OKX): $61527.10
[ANALIS] State: SIDEWAYS | EMA13/34: $61508.8/$61519.8 | VWAP Sesi: $60987.58 | Vol Surge: 0.1x | BB50: [$61486.97 - $61568.66] | Tren 15m: BEARISH
[ANALIS-SIDEWAYS] WAIT - Lebar BB sempit (0.133%).
[2026-07-03 05:54:19] Keputusan analis: Wait
[2026-07-03 05:54:19] Validasi gagal / keputusan WAIT. Tidak ada eksekusi.
[2026-07-03 05:55:19] Siklus Menit Baru. Harga BTC Terakhir (OKX): $61551.90
[ANALIS] State: SIDEWAYS | EMA13/34: $61518.2/$61523.1 | VWAP Sesi: $60987.60 | Vol Surge: 0.1x | BB50: [$61486.74 - $61570.76] | Tren 15m: BULLISH
[ANALIS-SIDEWAYS] WAIT - Lebar BB sempit (0.136%).
[2026-07-03 05:55:19] Keputusan analis: Wait
[2026-07-03 05:55:19] Validasi gagal / keputusan WAIT. Tidak ada eksekusi.
[2026-07-03 05:56:19] Siklus Menit Baru. Harga BTC Terakhir (OKX): $61553.90
[ANALIS] State: SIDEWAYS | EMA13/34: $61523.0/$61525.4 | VWAP Sesi: $60987.63 | Vol Surge: 0.0x | BB50: [$61486.66 - $61571.58] | Tren 15m: BULLISH
[ANALIS-SIDEWAYS] WAIT - Lebar BB sempit (0.138%).
[2026-07-03 05:56:19] Keputusan analis: Wait
[2026-07-03 05:56:19] Validasi gagal / keputusan WAIT. Tidak ada eksekusi.
[2026-07-03 05:57:19] Siklus Menit Baru. Harga BTC Terakhir (OKX): $61529.10
[ANALIS] State: SIDEWAYS | EMA13/34: $61522.8/$61524.4 | VWAP Sesi: $60987.65 | Vol Surge: 0.2x | BB50: [$61486.76 - $61570.51] | Tren 15m: BULLISH
[ANALIS-SIDEWAYS] WAIT - Lebar BB sempit (0.136%).
[2026-07-03 05:57:19] Keputusan analis: Wait
[2026-07-03 05:57:19] Validasi gagal / keputusan WAIT. Tidak ada eksekusi.
[2026-07-03 05:58:19] Siklus Menit Baru. Harga BTC Terakhir (OKX): $61514.70
[ANALIS] State: SIDEWAYS | EMA13/34: $61521.8/$61524.0 | VWAP Sesi: $60987.66 | Vol Surge: 0.3x | BB50: [$61486.27 - $61570.36] | Tren 15m: BEARISH
[ANALIS-SIDEWAYS] WAIT - Lebar BB sempit (0.137%).
[2026-07-03 05:58:19] Keputusan analis: Wait
[2026-07-03 05:58:19] Validasi gagal / keputusan WAIT. Tidak ada eksekusi.
[2026-07-03 05:59:19] Siklus Menit Baru. Harga BTC Terakhir (OKX): $61491.50
[ANALIS] State: SIDEWAYS | EMA13/34: $61516.9/$61522.3 | VWAP Sesi: $60987.70 | Vol Surge: 0.8x | BB50: [$61484.01 - $61570.81] | Tren 15m: BEARISH
[ANALIS-SIDEWAYS] WAIT - Lebar BB sempit (0.141%).
[2026-07-03 05:59:19] Keputusan analis: Wait
[2026-07-03 05:59:19] Validasi gagal / keputusan WAIT. Tidak ada eksekusi.
[2026-07-03 06:00:20] Siklus Menit Baru. Harga BTC Terakhir (OKX): $61438.50
[ANALIS] State: SIDEWAYS | EMA13/34: $61504.1/$61516.6 | VWAP Sesi: $60987.73 | Vol Surge: 0.2x | BB50: [$61474.69 - $61575.45] | Tren 15m: BEARISH
[ANALIS-SIDEWAYS] WAIT - Lebar BB sempit (0.164%).
[2026-07-03 06:00:20] Keputusan analis: Wait
[2026-07-03 06:00:20] Validasi gagal / keputusan WAIT. Tidak ada eksekusi.
[2026-07-03 06:01:20] Siklus Menit Baru. Harga BTC Terakhir (OKX): $61423.50
[ANALIS] State: SIDEWAYS | EMA13/34: $61487.6/$61508.6 | VWAP Sesi: $60987.80 | Vol Surge: 0.3x | BB50: [$61459.07 - $61584.86] | Tren 15m: BEARISH
[ANALIS-SIDEWAYS] WAIT - Lebar BB sempit (0.205%).
[2026-07-03 06:01:20] Keputusan analis: Wait
[2026-07-03 06:01:20] Validasi gagal / keputusan WAIT. Tidak ada eksekusi.
[2026-07-03 06:02:20] Siklus Menit Baru. Harga BTC Terakhir (OKX): $61378.90
[ANALIS] State: SIDEWAYS | EMA13/34: $61469.5/$61499.7 | VWAP Sesi: $60987.89 | Vol Surge: 1.7x | BB50: [$61441.69 - $61595.41] | Tren 15m: BEARISH
[ANALIS-SIDEWAYS] WAIT - Lebar BB sempit (0.250%).
[2026-07-03 06:02:20] Keputusan analis: Wait
[2026-07-03 06:02:20] Validasi gagal / keputusan WAIT. Tidak ada eksekusi.
[2026-07-03 06:03:20] Siklus Menit Baru. Harga BTC Terakhir (OKX): $61365.70
[ANALIS] State: SIDEWAYS | EMA13/34: $61454.7/$61492.4 | VWAP Sesi: $60987.90 | Vol Surge: 0.2x | BB50: [$61427.51 - $61603.38] | Tren 15m: BEARISH
[ANALIS-SIDEWAYS] WAIT - Lebar BB sempit (0.287%).
[2026-07-03 06:03:20] Keputusan analis: Wait
[2026-07-03 06:03:20] Validasi gagal / keputusan WAIT. Tidak ada eksekusi.
[2026-07-03 06:04:20] Siklus Menit Baru. Harga BTC Terakhir (OKX): $61364.50
[ANALIS] State: SIDEWAYS | EMA13/34: $61442.7/$61485.8 | VWAP Sesi: $60987.91 | Vol Surge: 0.1x | BB50: [$61415.71 - $61608.91] | Tren 15m: BEARISH
[ANALIS-SIDEWAYS] WAIT - Lebar BB sempit (0.315%).
[2026-07-03 06:04:20] Keputusan analis: Wait
[2026-07-03 06:04:20] Validasi gagal / keputusan WAIT. Tidak ada eksekusi.
[2026-07-03 06:05:20] Siklus Menit Baru. Harga BTC Terakhir (OKX): $61364.30
[ANALIS] State: SIDEWAYS | EMA13/34: $61432.5/$61479.0 | VWAP Sesi: $60987.93 | Vol Surge: 0.4x | BB50: [$61405.10 - $61613.04] | Tren 15m: BEARISH
[ANALIS-SIDEWAYS] WAIT - Lebar BB sempit (0.339%).
[2026-07-03 06:05:20] Keputusan analis: Wait
[2026-07-03 06:05:20] Validasi gagal / keputusan WAIT. Tidak ada eksekusi.
[2026-07-03 06:06:20] Siklus Menit Baru. Harga BTC Terakhir (OKX): $61364.20
[ANALIS] State: BEARISH | EMA13/34: $61422.8/$61473.1 | VWAP Sesi: $60987.93 | Vol Surge: 0.0x | BB50: [$61394.36 - $61617.23] | Tren 15m: BEARISH
[DEBUG] EMA streak: 0 | EMA13: 61422.78 | EMA34: 61473.11 | Selisih: -50.33
[ANALIS-TRENDING] Menunggu konfirmasi streak 2 menit. Saat ini: 1 menit.
[2026-07-03 06:06:20] Keputusan analis: Wait
[2026-07-03 06:06:20] Validasi gagal / keputusan WAIT. Tidak ada eksekusi.
[2026-07-03 06:07:21] Siklus Menit Baru. Harga BTC Terakhir (OKX): $61358.00
[ANALIS] State: BEARISH | EMA13/34: $61415.0/$61467.0 | VWAP Sesi: $60987.97 | Vol Surge: 0.4x | BB50: [$61385.06 - $61619.69] | Tren 15m: BEARISH
[DEBUG] EMA streak: 1 | EMA13: 61414.97 | EMA34: 61467.00 | Selisih: -52.02
[ANALIS-TRENDING] Sinyal melemah/Death Cross terkonfirmasi 2 menit berturut. Sinyal SELL.
[2026-07-03 06:07:21] Keputusan analis: Sell(0.003208852219017785, "[Trending] Quant EMA13/34 Sell Confirmed (2m streak)")
[2026-07-03 06:07:21] Mengeksekusi transaksi...
[2026-07-03 06:07:21] Eksekusi sukses. Saldo: $986.43, BTC: 0.0000
[2026-07-03 06:08:21] Siklus Menit Baru. Harga BTC Terakhir (OKX): $61356.00
[ANALIS] State: BEARISH | EMA13/34: $61408.0/$61462.4 | VWAP Sesi: $60988.01 | Vol Surge: 0.3x | BB50: [$61376.19 - $61621.76] | Tren 15m: BEARISH
[DEBUG] EMA streak: 0 | EMA13: 61407.97 | EMA34: 61462.41 | Selisih: -54.45
[2026-07-03 06:08:21] Keputusan analis: Wait
[2026-07-03 06:08:21] Validasi gagal / keputusan WAIT. Tidak ada eksekusi.
[2026-07-03 06:09:21] Siklus Menit Baru. Harga BTC Terakhir (OKX): $61365.60
[ANALIS] State: BEARISH | EMA13/34: $61403.5/$61456.2 | VWAP Sesi: $60988.02 | Vol Surge: 0.0x | BB50: [$61369.34 - $61621.36] | Tren 15m: BEARISH
[DEBUG] EMA streak: 0 | EMA13: 61403.46 | EMA34: 61456.15 | Selisih: -52.69
[2026-07-03 06:09:21] Keputusan analis: Wait
[2026-07-03 06:09:21] Validasi gagal / keputusan WAIT. Tidak ada eksekusi.
[2026-07-03 06:10:21] Siklus Menit Baru. Harga BTC Terakhir (OKX): $61373.40
[ANALIS] State: BEARISH | EMA13/34: $61401.1/$61452.0 | VWAP Sesi: $60988.08 | Vol Surge: 1.3x | BB50: [$61363.58 - $61621.39] | Tren 15m: BEARISH
[DEBUG] EMA streak: 0 | EMA13: 61401.10 | EMA34: 61452.03 | Selisih: -50.94
[2026-07-03 06:10:21] Keputusan analis: Wait
[2026-07-03 06:10:21] Validasi gagal / keputusan WAIT. Tidak ada eksekusi.
[2026-07-03 06:11:21] Siklus Menit Baru. Harga BTC Terakhir (OKX): $61362.00
[ANALIS] State: BEARISH | EMA13/34: $61394.4/$61447.0 | VWAP Sesi: $60988.09 | Vol Surge: 0.1x | BB50: [$61354.78 - $61623.19] | Tren 15m: BEARISH
[DEBUG] EMA streak: 0 | EMA13: 61394.39 | EMA34: 61446.98 | Selisih: -52.59
[2026-07-03 06:11:21] Keputusan analis: Wait
[2026-07-03 06:11:21] Validasi gagal / keputusan WAIT. Tidak ada eksekusi.
[2026-07-03 06:12:21] Siklus Menit Baru. Harga BTC Terakhir (OKX): $61370.70
[ANALIS] State: BEARISH | EMA13/34: $61391.0/$61442.6 | VWAP Sesi: $60988.10 | Vol Surge: 0.2x | BB50: [$61348.20 - $61623.03] | Tren 15m: BEARISH
[DEBUG] EMA streak: 0 | EMA13: 61391.02 | EMA34: 61442.64 | Selisih: -51.63
[2026-07-03 06:12:21] Keputusan analis: Wait
[2026-07-03 06:12:21] Validasi gagal / keputusan WAIT. Tidak ada eksekusi.
[2026-07-03 06:13:21] Siklus Menit Baru. Harga BTC Terakhir (OKX): $61355.70
[ANALIS] State: BEARISH | EMA13/34: $61384.1/$61437.4 | VWAP Sesi: $60988.11 | Vol Surge: 0.0x | BB50: [$61339.39 - $61623.89] | Tren 15m: BEARISH
[DEBUG] EMA streak: 0 | EMA13: 61384.12 | EMA34: 61437.44 | Selisih: -53.32
[2026-07-03 06:13:21] Keputusan analis: Wait
[2026-07-03 06:13:21] Validasi gagal / keputusan WAIT. Tidak ada eksekusi.
[2026-07-03 06:14:21] Siklus Menit Baru. Harga BTC Terakhir (OKX): $61355.60
[ANALIS] State: BEARISH | EMA13/34: $61380.0/$61431.8 | VWAP Sesi: $60988.11 | Vol Surge: 0.0x | BB50: [$61332.60 - $61622.89] | Tren 15m: BEARISH
[DEBUG] EMA streak: 0 | EMA13: 61380.03 | EMA34: 61431.77 | Selisih: -51.73
[2026-07-03 06:14:21] Keputusan analis: Wait
[2026-07-03 06:14:21] Validasi gagal / keputusan WAIT. Tidak ada eksekusi.
[2026-07-03 06:15:22] Siklus Menit Baru. Harga BTC Terakhir (OKX): $61355.60
[ANALIS] State: BEARISH | EMA13/34: $61376.5/$61427.4 | VWAP Sesi: $60988.11 | Vol Surge: 0.0x | BB50: [$61325.97 - $61622.48] | Tren 15m: BEARISH
[DEBUG] EMA streak: 0 | EMA13: 61376.54 | EMA34: 61427.42 | Selisih: -50.88
[2026-07-03 06:15:22] Keputusan analis: Wait
[2026-07-03 06:15:22] Validasi gagal / keputusan WAIT. Tidak ada eksekusi.
[2026-07-03 06:16:22] Siklus Menit Baru. Harga BTC Terakhir (OKX): $61379.30
[ANALIS] State: BEARISH | EMA13/34: $61379.2/$61425.6 | VWAP Sesi: $60988.14 | Vol Surge: 0.2x | BB50: [$61322.92 - $61620.16] | Tren 15m: BEARISH
[DEBUG] EMA streak: 0 | EMA13: 61379.17 | EMA34: 61425.65 | Selisih: -46.48
[2026-07-03 06:16:22] Keputusan analis: Wait
[2026-07-03 06:16:22] Validasi gagal / keputusan WAIT. Tidak ada eksekusi.
[2026-07-03 06:17:22] Siklus Menit Baru. Harga BTC Terakhir (OKX): $61408.50
[ANALIS] State: BEARISH | EMA13/34: $61386.8/$61426.2 | VWAP Sesi: $60988.19 | Vol Surge: 0.1x | BB50: [$61322.17 - $61617.12] | Tren 15m: BULLISH
[DEBUG] EMA streak: 0 | EMA13: 61386.83 | EMA34: 61426.20 | Selisih: -39.37
[2026-07-03 06:17:22] Keputusan analis: Wait
[2026-07-03 06:17:22] Validasi gagal / keputusan WAIT. Tidak ada eksekusi.
[2026-07-03 06:18:22] Siklus Menit Baru. Harga BTC Terakhir (OKX): $61406.30
[ANALIS] State: BEARISH | EMA13/34: $61388.5/$61424.1 | VWAP Sesi: $60988.20 | Vol Surge: 0.1x | BB50: [$61319.19 - $61614.71] | Tren 15m: BULLISH
[DEBUG] EMA streak: 0 | EMA13: 61388.50 | EMA34: 61424.13 | Selisih: -35.62
[2026-07-03 06:18:22] Keputusan analis: Wait
[2026-07-03 06:18:22] Validasi gagal / keputusan WAIT. Tidak ada eksekusi.
[2026-07-03 06:19:22] Siklus Menit Baru. Harga BTC Terakhir (OKX): $61444.60
[ANALIS] State: BEARISH | EMA13/34: $61400.7/$61427.1 | VWAP Sesi: $60988.27 | Vol Surge: 1.0x | BB50: [$61319.82 - $61612.30] | Tren 15m: BULLISH
[DEBUG] EMA streak: 0 | EMA13: 61400.70 | EMA34: 61427.14 | Selisih: -26.44
[2026-07-03 06:19:22] Keputusan analis: Wait
[2026-07-03 06:19:22] Validasi gagal / keputusan WAIT. Tidak ada eksekusi.
[2026-07-03 06:20:22] Siklus Menit Baru. Harga BTC Terakhir (OKX): $61430.90
[ANALIS] State: BEARISH | EMA13/34: $61403.3/$61426.2 | VWAP Sesi: $60988.29 | Vol Surge: 0.1x | BB50: [$61318.11 - $61609.77] | Tren 15m: BULLISH
[DEBUG] EMA streak: 0 | EMA13: 61403.35 | EMA34: 61426.21 | Selisih: -22.87
[2026-07-03 06:20:22] Keputusan analis: Wait
[2026-07-03 06:20:22] Validasi gagal / keputusan WAIT. Tidak ada eksekusi.
[2026-07-03 06:21:23] Siklus Menit Baru. Harga BTC Terakhir (OKX): $61430.90
[ANALIS] State: BEARISH | EMA13/34: $61407.3/$61427.3 | VWAP Sesi: $60988.31 | Vol Surge: 0.4x | BB50: [$61316.90 - $61607.60] | Tren 15m: BULLISH
[DEBUG] EMA streak: 0 | EMA13: 61407.30 | EMA34: 61427.30 | Selisih: -20.00
[2026-07-03 06:21:23] Keputusan analis: Wait
[2026-07-03 06:21:23] Validasi gagal / keputusan WAIT. Tidak ada eksekusi.
[2026-07-03 06:22:23] Siklus Menit Baru. Harga BTC Terakhir (OKX): $61461.40
[ANALIS] State: BEARISH | EMA13/34: $61421.5/$61431.5 | VWAP Sesi: $60988.40 | Vol Surge: 0.4x | BB50: [$61318.03 - $61605.79] | Tren 15m: BULLISH
[DEBUG] EMA streak: 0 | EMA13: 61421.51 | EMA34: 61431.55 | Selisih: -10.04
[2026-07-03 06:22:23] Keputusan analis: Wait
[2026-07-03 06:22:23] Validasi gagal / keputusan WAIT. Tidak ada eksekusi.
[2026-07-03 06:23:23] Siklus Menit Baru. Harga BTC Terakhir (OKX): $61438.30
[ANALIS] State: BEARISH | EMA13/34: $61421.5/$61431.7 | VWAP Sesi: $60988.48 | Vol Surge: 0.7x | BB50: [$61316.75 - $61602.98] | Tren 15m: BULLISH
[DEBUG] EMA streak: 0 | EMA13: 61421.49 | EMA34: 61431.75 | Selisih: -10.26
[2026-07-03 06:23:23] Keputusan analis: Wait
[2026-07-03 06:23:23] Validasi gagal / keputusan WAIT. Tidak ada eksekusi.
[2026-07-03 06:24:23] Siklus Menit Baru. Harga BTC Terakhir (OKX): $61450.60
[ANALIS] State: BEARISH | EMA13/34: $61425.8/$61433.3 | VWAP Sesi: $60988.51 | Vol Surge: 0.1x | BB50: [$61316.77 - $61599.55] | Tren 15m: BULLISH
[DEBUG] EMA streak: 0 | EMA13: 61425.84 | EMA34: 61433.29 | Selisih: -7.45
[2026-07-03 06:24:23] Keputusan analis: Wait
[2026-07-03 06:24:23] Validasi gagal / keputusan WAIT. Tidak ada eksekusi.
[2026-07-03 06:25:23] Siklus Menit Baru. Harga BTC Terakhir (OKX): $61458.40
[ANALIS] State: BEARISH | EMA13/34: $61431.3/$61434.5 | VWAP Sesi: $60988.53 | Vol Surge: 0.1x | BB50: [$61317.37 - $61595.78] | Tren 15m: BULLISH
[DEBUG] EMA streak: 0 | EMA13: 61431.33 | EMA34: 61434.53 | Selisih: -3.21
[2026-07-03 06:25:23] Keputusan analis: Wait
[2026-07-03 06:25:23] Validasi gagal / keputusan WAIT. Tidak ada eksekusi.
[2026-07-03 06:26:23] Siklus Menit Baru. Harga BTC Terakhir (OKX): $61498.20
[ANALIS] State: BULLISH | EMA13/34: $61446.0/$61440.4 | VWAP Sesi: $60988.58 | Vol Surge: 0.5x | BB50: [$61318.17 - $61595.21] | Tren 15m: BULLISH
[DEBUG] EMA streak: 0 | EMA13: 61445.96 | EMA34: 61440.44 | Selisih: 5.52
[ANALIS-TRENDING] Quant Golden Cross (EMA13 > EMA34), Di atas VWAP ($60988.58), & Tren 15m Bullish. Sinyal BUY.
[2026-07-03 06:26:23] Keputusan analis: Buy(0.0032079808351723215, "[Trending] Quant EMA13/34 Buy (Vol 0.5x)")
[2026-07-03 06:26:23] Mengeksekusi transaksi...
[2026-07-03 06:26:23] Eksekusi sukses. Saldo: $788.94, BTC: 0.0032
[2026-07-03 06:27:23] Siklus Menit Baru. Harga BTC Terakhir (OKX): $61531.80
[ANALIS] State: BULLISH | EMA13/34: $61463.7/$61448.6 | VWAP Sesi: $60988.69 | Vol Surge: 0.3x | BB50: [$61317.51 - $61597.54] | Tren 15m: BULLISH
[DEBUG] EMA streak: 0 | EMA13: 61463.68 | EMA34: 61448.56 | Selisih: 15.11
[ANALIS-TRENDING] Quant Golden Cross (EMA13 > EMA34), Di atas VWAP ($60988.69), & Tren 15m Bullish. Sinyal BUY.
[2026-07-03 06:27:23] Keputusan analis: Buy(0.0025643420245901475, "[Trending] Quant EMA13/34 Buy (Vol 0.3x)")
Mencegah transaksi berulang (Cool-down aktif). Aksi terakhir BUY pada 06:26:23 (1 menit lalu)
[2026-07-03 06:27:23] Validasi gagal / keputusan WAIT. Tidak ada eksekusi.
[2026-07-03 06:28:23] Siklus Menit Baru. Harga BTC Terakhir (OKX): $61516.80
[ANALIS] State: BULLISH | EMA13/34: $61469.1/$61450.8 | VWAP Sesi: $60988.71 | Vol Surge: 0.0x | BB50: [$61318.43 - $61594.80] | Tren 15m: BULLISH
[DEBUG] EMA streak: 0 | EMA13: 61469.08 | EMA34: 61450.80 | Selisih: 18.28
[ANALIS-TRENDING] Quant Golden Cross (EMA13 > EMA34), Di atas VWAP ($60988.71), & Tren 15m Bullish. Sinyal BUY.
[2026-07-03 06:28:23] Keputusan analis: Buy(0.0025649673030566614, "[Trending] Quant EMA13/34 Buy (Vol 0.0x)")
Mencegah transaksi berulang (Cool-down aktif). Aksi terakhir BUY pada 06:26:23 (2 menit lalu)
[2026-07-03 06:28:23] Validasi gagal / keputusan WAIT. Tidak ada eksekusi.
[2026-07-03 06:29:24] Siklus Menit Baru. Harga BTC Terakhir (OKX): $61514.10
[ANALIS] State: BULLISH | EMA13/34: $61475.2/$61454.3 | VWAP Sesi: $60988.73 | Vol Surge: 0.0x | BB50: [$61318.78 - $61593.69] | Tren 15m: BULLISH
[DEBUG] EMA streak: 0 | EMA13: 61475.22 | EMA34: 61454.29 | Selisih: 20.93
[ANALIS-TRENDING] Quant Golden Cross (EMA13 > EMA34), Di atas VWAP ($60988.73), & Tren 15m Bullish. Sinyal BUY.
[2026-07-03 06:29:24] Keputusan analis: Buy(0.002565079885565684, "[Trending] Quant EMA13/34 Buy (Vol 0.0x)")
Mencegah transaksi berulang (Cool-down aktif). Aksi terakhir BUY pada 06:26:23 (3 menit lalu)
[2026-07-03 06:29:24] Validasi gagal / keputusan WAIT. Tidak ada eksekusi.
[2026-07-03 06:30:24] Siklus Menit Baru. Harga BTC Terakhir (OKX): $61508.00
[ANALIS] State: BULLISH | EMA13/34: $61479.2/$61457.0 | VWAP Sesi: $60988.73 | Vol Surge: 0.1x | BB50: [$61319.24 - $61592.08] | Tren 15m: BULLISH
[DEBUG] EMA streak: 0 | EMA13: 61479.18 | EMA34: 61457.04 | Selisih: 22.14
[ANALIS-TRENDING] Quant Golden Cross (EMA13 > EMA34), Di atas VWAP ($60988.73), & Tren 15m Bullish. Sinyal BUY.
[2026-07-03 06:30:24] Keputusan analis: Buy(0.0025653342750321267, "[Trending] Quant EMA13/34 Buy (Vol 0.1x)")
Mencegah transaksi berulang (Cool-down aktif). Aksi terakhir BUY pada 06:26:23 (4 menit lalu)
[2026-07-03 06:30:24] Validasi gagal / keputusan WAIT. Tidak ada eksekusi.
[2026-07-03 06:31:24] Siklus Menit Baru. Harga BTC Terakhir (OKX): $61525.60
[ANALIS] State: BULLISH | EMA13/34: $61485.6/$61460.8 | VWAP Sesi: $60988.76 | Vol Surge: 0.4x | BB50: [$61319.37 - $61591.69] | Tren 15m: BULLISH
[DEBUG] EMA streak: 0 | EMA13: 61485.64 | EMA34: 61460.76 | Selisih: 24.88
[ANALIS-TRENDING] Quant Golden Cross (EMA13 > EMA34), Di atas VWAP ($60988.76), & Tren 15m Bullish. Sinyal BUY.
[2026-07-03 06:31:24] Keputusan analis: Buy(0.0025646004360571216, "[Trending] Quant EMA13/34 Buy (Vol 0.4x)")
[2026-07-03 06:31:24] Mengeksekusi transaksi...
[2026-07-03 06:31:24] Eksekusi sukses. Saldo: $631.00, BTC: 0.0058
[2026-07-03 06:32:24] Siklus Menit Baru. Harga BTC Terakhir (OKX): $61553.10
[ANALIS] State: BULLISH | EMA13/34: $61494.9/$61465.9 | VWAP Sesi: $60988.80 | Vol Surge: 0.6x | BB50: [$61318.70 - $61593.22] | Tren 15m: BULLISH
[DEBUG] EMA streak: 0 | EMA13: 61494.92 | EMA34: 61465.89 | Selisih: 29.03
[ANALIS-TRENDING] Quant Golden Cross (EMA13 > EMA34), Di atas VWAP ($60988.80), & Tren 15m Bullish. Sinyal BUY.
[2026-07-03 06:32:24] Keputusan analis: Buy(0.002050251031301805, "[Trending] Quant EMA13/34 Buy (Vol 0.6x)")
Mencegah transaksi berulang (Cool-down aktif). Aksi terakhir BUY pada 06:31:24 (1 menit lalu)
[2026-07-03 06:32:24] Validasi gagal / keputusan WAIT. Tidak ada eksekusi.
[2026-07-03 06:33:24] Siklus Menit Baru. Harga BTC Terakhir (OKX): $61556.80
[ANALIS] State: BULLISH | EMA13/34: $61503.1/$61470.8 | VWAP Sesi: $60988.84 | Vol Surge: 0.5x | BB50: [$61318.02 - $61594.82] | Tren 15m: BULLISH
[DEBUG] EMA streak: 0 | EMA13: 61503.15 | EMA34: 61470.81 | Selisih: 32.34
[ANALIS-TRENDING] Quant Golden Cross (EMA13 > EMA34), Di atas VWAP ($60988.84), & Tren 15m Bullish. Sinyal BUY.
[2026-07-03 06:33:24] Keputusan analis: Buy(0.002050127796682464, "[Trending] Quant EMA13/34 Buy (Vol 0.5x)")
Mencegah transaksi berulang (Cool-down aktif). Aksi terakhir BUY pada 06:31:24 (2 menit lalu)
[2026-07-03 06:33:24] Validasi gagal / keputusan WAIT. Tidak ada eksekusi.
[2026-07-03 06:34:24] Siklus Menit Baru. Harga BTC Terakhir (OKX): $61579.40
[ANALIS] State: BULLISH | EMA13/34: $61513.7/$61476.8 | VWAP Sesi: $60988.89 | Vol Surge: 0.4x | BB50: [$61316.32 - $61598.44] | Tren 15m: BULLISH
[DEBUG] EMA streak: 0 | EMA13: 61513.69 | EMA34: 61476.82 | Selisih: 36.87
[ANALIS-TRENDING] Quant Golden Cross (EMA13 > EMA34), Di atas VWAP ($60988.89), & Tren 15m Bullish. Sinyal BUY.
[2026-07-03 06:34:24] Keputusan analis: Buy(0.002049375387789149, "[Trending] Quant EMA13/34 Buy (Vol 0.4x)")
Mencegah transaksi berulang (Cool-down aktif). Aksi terakhir BUY pada 06:31:24 (3 menit lalu)
[2026-07-03 06:34:24] Validasi gagal / keputusan WAIT. Tidak ada eksekusi.
[2026-07-03 06:35:24] Siklus Menit Baru. Harga BTC Terakhir (OKX): $61586.80
[ANALIS] State: BULLISH | EMA13/34: $61526.0/$61483.8 | VWAP Sesi: $60989.01 | Vol Surge: 0.3x | BB50: [$61313.42 - $61604.32] | Tren 15m: BULLISH
[DEBUG] EMA streak: 0 | EMA13: 61526.04 | EMA34: 61483.76 | Selisih: 42.28
[ANALIS-TRENDING] Quant Golden Cross (EMA13 > EMA34), Di atas VWAP ($60989.01), & Tren 15m Bullish. Sinyal BUY.
[2026-07-03 06:35:24] Keputusan analis: Buy(0.002049129143823402, "[Trending] Quant EMA13/34 Buy (Vol 0.3x)")
Mencegah transaksi berulang (Cool-down aktif). Aksi terakhir BUY pada 06:31:24 (4 menit lalu)
[2026-07-03 06:35:24] Validasi gagal / keputusan WAIT. Tidak ada eksekusi.
[2026-07-03 06:36:24] Siklus Menit Baru. Harga BTC Terakhir (OKX): $61544.80
[ANALIS] State: BULLISH | EMA13/34: $61525.5/$61485.5 | VWAP Sesi: $60989.08 | Vol Surge: 0.2x | BB50: [$61314.13 - $61603.37] | Tren 15m: BULLISH
[DEBUG] EMA streak: 0 | EMA13: 61525.49 | EMA34: 61485.48 | Selisih: 40.00
[ANALIS-TRENDING] Quant Golden Cross (EMA13 > EMA34), Di atas VWAP ($60989.08), & Tren 15m Bullish. Sinyal BUY.
[2026-07-03 06:36:24] Keputusan analis: Buy(0.0020505275304302413, "[Trending] Quant EMA13/34 Buy (Vol 0.2x)")
[2026-07-03 06:36:24] Mengeksekusi transaksi...
[2026-07-03 06:36:24] Eksekusi sukses. Saldo: $504.67, BTC: 0.0078
[2026-07-03 06:37:25] Siklus Menit Baru. Harga BTC Terakhir (OKX): $61493.60
[ANALIS] State: BULLISH | EMA13/34: $61516.2/$61483.9 | VWAP Sesi: $60989.11 | Vol Surge: 0.1x | BB50: [$61315.00 - $61599.97] | Tren 15m: BULLISH
[DEBUG] EMA streak: 0 | EMA13: 61516.18 | EMA34: 61483.86 | Selisih: 32.32
[ANALIS-TRENDING] Quant Golden Cross (EMA13 > EMA34), Di atas VWAP ($60989.11), & Tren 15m Bullish. Sinyal BUY.
[2026-07-03 06:37:25] Keputusan analis: Buy(0.0016413774041934043, "[Trending] Quant EMA13/34 Buy (Vol 0.1x)")
Mencegah transaksi berulang (Cool-down aktif). Aksi terakhir BUY pada 06:36:24 (1 menit lalu)
[2026-07-03 06:37:25] Validasi gagal / keputusan WAIT. Tidak ada eksekusi.
[2026-07-03 06:38:25] Siklus Menit Baru. Harga BTC Terakhir (OKX): $61514.10
[ANALIS] State: BULLISH | EMA13/34: $61517.1/$61486.1 | VWAP Sesi: $60989.14 | Vol Surge: 0.1x | BB50: [$61315.02 - $61600.18] | Tren 15m: BULLISH
[DEBUG] EMA streak: 0 | EMA13: 61517.08 | EMA34: 61486.11 | Selisih: 30.97
[ANALIS-TRENDING] Quant Golden Cross (EMA13 > EMA34), Di atas VWAP ($60989.14), & Tren 15m Bullish. Sinyal BUY.
[2026-07-03 06:38:25] Keputusan analis: Buy(0.0016408304038018524, "[Trending] Quant EMA13/34 Buy (Vol 0.1x)")
Mencegah transaksi berulang (Cool-down aktif). Aksi terakhir BUY pada 06:36:24 (2 menit lalu)
[2026-07-03 06:38:25] Validasi gagal / keputusan WAIT. Tidak ada eksekusi.
[2026-07-03 06:39:25] Siklus Menit Baru. Harga BTC Terakhir (OKX): $61487.00
[ANALIS] State: BULLISH | EMA13/34: $61512.8/$61486.2 | VWAP Sesi: $60989.17 | Vol Surge: 0.4x | BB50: [$61315.19 - $61598.77] | Tren 15m: BULLISH
[DEBUG] EMA streak: 0 | EMA13: 61512.77 | EMA34: 61486.16 | Selisih: 26.61
[ANALIS-TRENDING] Quant Golden Cross (EMA13 > EMA34), Di atas VWAP ($60989.17), & Tren 15m Bullish. Sinyal BUY.
[2026-07-03 06:39:25] Keputusan analis: Buy(0.0016415535892547615, "[Trending] Quant EMA13/34 Buy (Vol 0.4x)")
Mencegah transaksi berulang (Cool-down aktif). Aksi terakhir BUY pada 06:36:24 (3 menit lalu)
[2026-07-03 06:39:25] Validasi gagal / keputusan WAIT. Tidak ada eksekusi.
[2026-07-03 06:40:25] Siklus Menit Baru. Harga BTC Terakhir (OKX): $61470.80
[ANALIS] State: BULLISH | EMA13/34: $61506.7/$61480.1 | VWAP Sesi: $60989.19 | Vol Surge: 0.3x | BB50: [$61315.26 - $61596.81] | Tren 15m: BEARISH
[DEBUG] EMA streak: 0 | EMA13: 61506.73 | EMA34: 61480.14 | Selisih: 26.59
[ANALIS-TRENDING] Menunggu konfirmasi streak 2 menit. Saat ini: 1 menit.
[2026-07-03 06:40:25] Keputusan analis: Wait
[2026-07-03 06:40:25] Validasi gagal / keputusan WAIT. Tidak ada eksekusi.
[2026-07-03 06:41:25] Siklus Menit Baru. Harga BTC Terakhir (OKX): $61493.90
[ANALIS] State: BULLISH | EMA13/34: $61506.8/$61483.6 | VWAP Sesi: $60989.21 | Vol Surge: 0.0x | BB50: [$61316.83 - $61598.79] | Tren 15m: BEARISH
[DEBUG] EMA streak: 1 | EMA13: 61506.81 | EMA34: 61483.65 | Selisih: 23.17
[ANALIS-TRENDING] Sinyal melemah/Death Cross terkonfirmasi 2 menit berturut. Sinyal SELL.
[2026-07-03 06:41:25] Keputusan analis: Sell(0.007823108801659685, "[Trending] Quant EMA13/34 Sell Confirmed (2m streak)")
Mencegah Whipsaw (Holding time < 15 menit). Beli terakhir 5 menit lalu. Sinyal normal ([Trending] Quant EMA13/34 Sell Confirmed (2m streak)) diabaikan.
[2026-07-03 06:41:25] Validasi gagal / keputusan WAIT. Tidak ada eksekusi.
[2026-07-03 06:42:25] Siklus Menit Baru. Harga BTC Terakhir (OKX): $61448.90
[ANALIS] State: BULLISH | EMA13/34: $61493.1/$61483.0 | VWAP Sesi: $60989.31 | Vol Surge: 0.0x | BB50: [$61316.13 - $61597.40] | Tren 15m: BEARISH
[DEBUG] EMA streak: 0 | EMA13: 61493.06 | EMA34: 61483.02 | Selisih: 10.04
[ANALIS-TRENDING] Menunggu konfirmasi streak 2 menit. Saat ini: 1 menit.
[2026-07-03 06:42:25] Keputusan analis: Wait
[2026-07-03 06:42:25] Validasi gagal / keputusan WAIT. Tidak ada eksekusi.
[2026-07-03 06:43:25] Siklus Menit Baru. Harga BTC Terakhir (OKX): $61480.00
[ANALIS] State: BULLISH | EMA13/34: $61493.2/$61485.1 | VWAP Sesi: $60989.34 | Vol Surge: 0.1x | BB50: [$61316.79 - $61595.45] | Tren 15m: BEARISH
[DEBUG] EMA streak: 1 | EMA13: 61493.17 | EMA34: 61485.08 | Selisih: 8.09
[ANALIS-TRENDING] Sinyal melemah/Death Cross terkonfirmasi 2 menit berturut. Sinyal SELL.
[2026-07-03 06:43:25] Keputusan analis: Sell(0.007823108801659685, "[Trending] Quant EMA13/34 Sell Confirmed (2m streak)")
Mencegah Whipsaw (Holding time < 15 menit). Beli terakhir 7 menit lalu. Sinyal normal ([Trending] Quant EMA13/34 Sell Confirmed (2m streak)) diabaikan.
[2026-07-03 06:43:25] Validasi gagal / keputusan WAIT. Tidak ada eksekusi.
[2026-07-03 06:44:26] Siklus Menit Baru. Harga BTC Terakhir (OKX): $61497.80
[ANALIS] State: BULLISH | EMA13/34: $61494.5/$61485.8 | VWAP Sesi: $60989.35 | Vol Surge: 0.1x | BB50: [$61317.97 - $61592.25] | Tren 15m: BEARISH
[DEBUG] EMA streak: 0 | EMA13: 61494.52 | EMA34: 61485.84 | Selisih: 8.68
[ANALIS-TRENDING] Menunggu konfirmasi streak 2 menit. Saat ini: 1 menit.
[2026-07-03 06:44:26] Keputusan analis: Wait
[2026-07-03 06:44:26] Validasi gagal / keputusan WAIT. Tidak ada eksekusi.
[2026-07-03 06:45:26] Siklus Menit Baru. Harga BTC Terakhir (OKX): $61494.70
[ANALIS] State: BULLISH | EMA13/34: $61492.4/$61485.2 | VWAP Sesi: $60989.36 | Vol Surge: 0.3x | BB50: [$61319.04 - $61588.31] | Tren 15m: BEARISH
[DEBUG] EMA streak: 1 | EMA13: 61492.39 | EMA34: 61485.21 | Selisih: 7.19
[ANALIS-TRENDING] Sinyal melemah/Death Cross terkonfirmasi 2 menit berturut. Sinyal SELL.
[2026-07-03 06:45:26] Keputusan analis: Sell(0.007823108801659685, "[Trending] Quant EMA13/34 Sell Confirmed (2m streak)")
Mencegah Whipsaw (Holding time < 15 menit). Beli terakhir 9 menit lalu. Sinyal normal ([Trending] Quant EMA13/34 Sell Confirmed (2m streak)) diabaikan.
[2026-07-03 06:45:26] Validasi gagal / keputusan WAIT. Tidak ada eksekusi.
[2026-07-03 06:46:26] Siklus Menit Baru. Harga BTC Terakhir (OKX): $61520.00
[ANALIS] State: BULLISH | EMA13/34: $61499.4/$61487.8 | VWAP Sesi: $60989.43 | Vol Surge: 0.8x | BB50: [$61319.42 - $61587.93] | Tren 15m: BEARISH
[DEBUG] EMA streak: 0 | EMA13: 61499.43 | EMA34: 61487.79 | Selisih: 11.63
[ANALIS-TRENDING] Menunggu konfirmasi streak 2 menit. Saat ini: 1 menit.
[2026-07-03 06:46:26] Keputusan analis: Wait
[2026-07-03 06:46:26] Validasi gagal / keputusan WAIT. Tidak ada eksekusi.
[2026-07-03 06:47:26] Siklus Menit Baru. Harga BTC Terakhir (OKX): $61528.40
[ANALIS] State: BULLISH | EMA13/34: $61505.8/$61490.0 | VWAP Sesi: $60989.47 | Vol Surge: 0.8x | BB50: [$61319.02 - $61588.98] | Tren 15m: BEARISH
[DEBUG] EMA streak: 1 | EMA13: 61505.82 | EMA34: 61490.03 | Selisih: 15.79
[ANALIS-TRENDING] Sinyal melemah/Death Cross terkonfirmasi 2 menit berturut. Sinyal SELL.
[2026-07-03 06:47:26] Keputusan analis: Sell(0.007823108801659685, "[Trending] Quant EMA13/34 Sell Confirmed (2m streak)")
Mencegah Whipsaw (Holding time < 15 menit). Beli terakhir 11 menit lalu. Sinyal normal ([Trending] Quant EMA13/34 Sell Confirmed (2m streak)) diabaikan.
[2026-07-03 06:47:26] Validasi gagal / keputusan WAIT. Tidak ada eksekusi.
[2026-07-03 06:48:26] Siklus Menit Baru. Harga BTC Terakhir (OKX): $61533.00
[ANALIS] State: BULLISH | EMA13/34: $61510.5/$61490.6 | VWAP Sesi: $60989.50 | Vol Surge: 0.1x | BB50: [$61318.40 - $61590.77] | Tren 15m: BEARISH
[DEBUG] EMA streak: 0 | EMA13: 61510.48 | EMA34: 61490.63 | Selisih: 19.85
[ANALIS-TRENDING] Menunggu konfirmasi streak 2 menit. Saat ini: 1 menit.
[2026-07-03 06:48:26] Keputusan analis: Wait
[2026-07-03 06:48:26] Validasi gagal / keputusan WAIT. Tidak ada eksekusi.
[2026-07-03 06:49:26] Siklus Menit Baru. Harga BTC Terakhir (OKX): $61557.20
[ANALIS] State: BULLISH | EMA13/34: $61516.6/$61491.0 | VWAP Sesi: $60989.53 | Vol Surge: 0.2x | BB50: [$61317.38 - $61595.23] | Tren 15m: BEARISH
[DEBUG] EMA streak: 1 | EMA13: 61516.60 | EMA34: 61490.96 | Selisih: 25.64
[ANALIS-TRENDING] Sinyal melemah/Death Cross terkonfirmasi 2 menit berturut. Sinyal SELL.
[2026-07-03 06:49:26] Keputusan analis: Sell(0.007823108801659685, "[Trending] Quant EMA13/34 Sell Confirmed (2m streak)")
Mencegah Whipsaw (Holding time < 15 menit). Beli terakhir 13 menit lalu. Sinyal normal ([Trending] Quant EMA13/34 Sell Confirmed (2m streak)) diabaikan.
[2026-07-03 06:49:26] Validasi gagal / keputusan WAIT. Tidak ada eksekusi.
[2026-07-03 06:50:26] Siklus Menit Baru. Harga BTC Terakhir (OKX): $61559.70
[ANALIS] State: BULLISH | EMA13/34: $61522.7/$61494.7 | VWAP Sesi: $60989.64 | Vol Surge: 0.2x | BB50: [$61318.23 - $61600.54] | Tren 15m: BEARISH
[DEBUG] EMA streak: 0 | EMA13: 61522.66 | EMA34: 61494.70 | Selisih: 27.95
[ANALIS-TRENDING] Menunggu konfirmasi streak 2 menit. Saat ini: 1 menit.
[2026-07-03 06:50:26] Keputusan analis: Wait
[2026-07-03 06:50:26] Validasi gagal / keputusan WAIT. Tidak ada eksekusi.
[2026-07-03 06:51:27] Siklus Menit Baru. Harga BTC Terakhir (OKX): $61550.00
[ANALIS] State: BULLISH | EMA13/34: $61528.1/$61497.3 | VWAP Sesi: $60989.68 | Vol Surge: 0.1x | BB50: [$61319.47 - $61605.70] | Tren 15m: BULLISH
[DEBUG] EMA streak: 1 | EMA13: 61528.11 | EMA34: 61497.31 | Selisih: 30.80
[ANALIS-TRENDING] Quant Golden Cross (EMA13 > EMA34), Di atas VWAP ($60989.68), & Tren 15m Bullish. Sinyal BUY.
[2026-07-03 06:51:27] Keputusan analis: Buy(0.001639873363810033, "[Trending] Quant EMA13/34 Buy (Vol 0.1x)")
Max pyramiding (3 layer) tercapai. Tunggu siklus selesai (posisi aktif saat ini: 3).
[2026-07-03 06:51:27] Validasi gagal / keputusan WAIT. Tidak ada eksekusi.
[2026-07-03 06:52:27] Siklus Menit Baru. Harga BTC Terakhir (OKX): $61584.40
[ANALIS] State: BULLISH | EMA13/34: $61539.3/$61503.4 | VWAP Sesi: $60989.74 | Vol Surge: 0.3x | BB50: [$61320.77 - $61613.66] | Tren 15m: BULLISH
[DEBUG] EMA streak: 0 | EMA13: 61539.34 | EMA34: 61503.37 | Selisih: 35.97
[ANALIS-TRENDING] Quant Golden Cross (EMA13 > EMA34), Di atas VWAP ($60989.74), & Tren 15m Bullish. Sinyal BUY.
[2026-07-03 06:52:27] Keputusan analis: Buy(0.0016389573583977034, "[Trending] Quant EMA13/34 Buy (Vol 0.3x)")
Max pyramiding (3 layer) tercapai. Tunggu siklus selesai (posisi aktif saat ini: 3).
[2026-07-03 06:52:27] Validasi gagal / keputusan WAIT. Tidak ada eksekusi.
[2026-07-03 06:53:27] Siklus Menit Baru. Harga BTC Terakhir (OKX): $61593.60
[ANALIS] State: BULLISH | EMA13/34: $61549.0/$61509.4 | VWAP Sesi: $60989.84 | Vol Surge: 0.9x | BB50: [$61322.82 - $61621.06] | Tren 15m: BULLISH
[DEBUG] EMA streak: 0 | EMA13: 61549.00 | EMA34: 61509.36 | Selisih: 39.64
[ANALIS-TRENDING] Quant Golden Cross (EMA13 > EMA34), Di atas VWAP ($60989.84), & Tren 15m Bullish. Sinyal BUY.
[2026-07-03 06:53:27] Keputusan analis: Buy(0.001638712553617706, "[Trending] Quant EMA13/34 Buy (Vol 0.9x)")
Max pyramiding (3 layer) tercapai. Tunggu siklus selesai (posisi aktif saat ini: 3).
[2026-07-03 06:53:27] Validasi gagal / keputusan WAIT. Tidak ada eksekusi.
[2026-07-03 06:54:27] Siklus Menit Baru. Harga BTC Terakhir (OKX): $61576.00
[ANALIS] State: BULLISH | EMA13/34: $61550.7/$61511.8 | VWAP Sesi: $60989.88 | Vol Surge: 0.0x | BB50: [$61327.51 - $61623.78] | Tren 15m: BULLISH
[DEBUG] EMA streak: 0 | EMA13: 61550.69 | EMA34: 61511.76 | Selisih: 38.93
[ANALIS-TRENDING] Quant Golden Cross (EMA13 > EMA34), Di atas VWAP ($60989.88), & Tren 15m Bullish. Sinyal BUY.
[2026-07-03 06:54:27] Keputusan analis: Buy(0.0016391809396925348, "[Trending] Quant EMA13/34 Buy (Vol 0.0x)")
Max pyramiding (3 layer) tercapai. Tunggu siklus selesai (posisi aktif saat ini: 3).
[2026-07-03 06:54:27] Validasi gagal / keputusan WAIT. Tidak ada eksekusi.
[2026-07-03 06:55:27] Siklus Menit Baru. Harga BTC Terakhir (OKX): $61592.30
[ANALIS] State: BULLISH | EMA13/34: $61557.5/$61517.4 | VWAP Sesi: $60989.90 | Vol Surge: 0.2x | BB50: [$61331.79 - $61628.91] | Tren 15m: BULLISH
[DEBUG] EMA streak: 0 | EMA13: 61557.51 | EMA34: 61517.36 | Selisih: 40.15
[ANALIS-TRENDING] Quant Golden Cross (EMA13 > EMA34), Di atas VWAP ($60989.90), & Tren 15m Bullish. Sinyal BUY.
[2026-07-03 06:55:27] Keputusan analis: Buy(0.0016387471411606243, "[Trending] Quant EMA13/34 Buy (Vol 0.2x)")
Max pyramiding (3 layer) tercapai. Tunggu siklus selesai (posisi aktif saat ini: 3).
[2026-07-03 06:55:27] Validasi gagal / keputusan WAIT. Tidak ada eksekusi.
[2026-07-03 06:56:27] Siklus Menit Baru. Harga BTC Terakhir (OKX): $61580.60
[ANALIS] State: BULLISH | EMA13/34: $61558.3/$61519.5 | VWAP Sesi: $60990.24 | Vol Surge: 5.0x | BB50: [$61337.02 - $61631.05] | Tren 15m: BULLISH
[DEBUG] EMA streak: 0 | EMA13: 61558.30 | EMA34: 61519.54 | Selisih: 38.76
[ANALIS-TRENDING] Quant Golden Cross (EMA13 > EMA34), Di atas VWAP ($60990.24), & Tren 15m Bullish. Sinyal BUY.
[2026-07-03 06:56:27] Keputusan analis: Buy(0.0016390584947614595, "[Trending] Quant EMA13/34 Buy (Vol 5.0x)")
Max pyramiding (3 layer) tercapai. Tunggu siklus selesai (posisi aktif saat ini: 3).
[2026-07-03 06:56:27] Validasi gagal / keputusan WAIT. Tidak ada eksekusi.
[2026-07-03 06:57:27] Siklus Menit Baru. Harga BTC Terakhir (OKX): $61571.90
[ANALIS] State: BULLISH | EMA13/34: $61559.9/$61522.3 | VWAP Sesi: $60990.27 | Vol Surge: 0.6x | BB50: [$61342.83 - $61633.23] | Tren 15m: BULLISH
[DEBUG] EMA streak: 0 | EMA13: 61559.94 | EMA34: 61522.35 | Selisih: 37.59
[ANALIS-TRENDING] Quant Golden Cross (EMA13 > EMA34), Di atas VWAP ($60990.27), & Tren 15m Bullish. Sinyal BUY.
[2026-07-03 06:57:27] Keputusan analis: Buy(0.001639290090812652, "[Trending] Quant EMA13/34 Buy (Vol 0.6x)")
Max pyramiding (3 layer) tercapai. Tunggu siklus selesai (posisi aktif saat ini: 3).
[2026-07-03 06:57:27] Validasi gagal / keputusan WAIT. Tidak ada eksekusi.
[2026-07-03 06:58:27] Siklus Menit Baru. Harga BTC Terakhir (OKX): $61554.90
[ANALIS] State: BULLISH | EMA13/34: $61557.2/$61524.0 | VWAP Sesi: $60990.32 | Vol Surge: 0.0x | BB50: [$61349.81 - $61633.02] | Tren 15m: BULLISH
[DEBUG] EMA streak: 0 | EMA13: 61557.17 | EMA34: 61523.98 | Selisih: 33.20
[ANALIS-TRENDING] Quant Golden Cross (EMA13 > EMA34), Di atas VWAP ($60990.32), & Tren 15m Bullish. Sinyal BUY.
[2026-07-03 06:58:27] Keputusan analis: Buy(0.0016397428237639494, "[Trending] Quant EMA13/34 Buy (Vol 0.0x)")
Max pyramiding (3 layer) tercapai. Tunggu siklus selesai (posisi aktif saat ini: 3).
[2026-07-03 06:58:27] Validasi gagal / keputusan WAIT. Tidak ada eksekusi.
[2026-07-03 06:59:28] Siklus Menit Baru. Harga BTC Terakhir (OKX): $61559.00
[ANALIS] State: BULLISH | EMA13/34: $61557.8/$61525.2 | VWAP Sesi: $60990.53 | Vol Surge: 1.3x | BB50: [$61355.65 - $61634.40] | Tren 15m: BULLISH
[DEBUG] EMA streak: 0 | EMA13: 61557.76 | EMA34: 61525.21 | Selisih: 32.54
[ANALIS-TRENDING] Quant Golden Cross (EMA13 > EMA34), Di atas VWAP ($60990.53), & Tren 15m Bullish. Sinyal BUY.
[2026-07-03 06:59:28] Keputusan analis: Buy(0.0016396336123476263, "[Trending] Quant EMA13/34 Buy (Vol 1.3x)")
Max pyramiding (3 layer) tercapai. Tunggu siklus selesai (posisi aktif saat ini: 3).
[2026-07-03 06:59:28] Validasi gagal / keputusan WAIT. Tidak ada eksekusi.
[2026-07-03 07:00:28] Siklus Menit Baru. Harga BTC Terakhir (OKX): $61561.20
[ANALIS] State: BULLISH | EMA13/34: $61558.3/$61527.2 | VWAP Sesi: $61561.20 | Vol Surge: 8.8x | BB50: [$61363.52 - $61634.41] | Tren 15m: BULLISH
[DEBUG] EMA streak: 0 | EMA13: 61558.26 | EMA34: 61527.16 | Selisih: 31.10
[2026-07-03 07:00:28] Keputusan analis: Wait
[2026-07-03 07:00:28] Validasi gagal / keputusan WAIT. Tidak ada eksekusi.
[2026-07-03 07:01:28] Siklus Menit Baru. Harga BTC Terakhir (OKX): $61505.70
[ANALIS] State: BULLISH | EMA13/34: $61549.3/$61525.0 | VWAP Sesi: $61526.80 | Vol Surge: 8.2x | BB50: [$61372.32 - $61630.90] | Tren 15m: BEARISH
[DEBUG] EMA streak: 0 | EMA13: 61549.32 | EMA34: 61524.97 | Selisih: 24.35
[ANALIS-TRENDING] Menunggu konfirmasi streak 2 menit. Saat ini: 1 menit.
[2026-07-03 07:01:28] Keputusan analis: Wait
[2026-07-03 07:01:28] Validasi gagal / keputusan WAIT. Tidak ada eksekusi.
[2026-07-03 07:02:28] Siklus Menit Baru. Harga BTC Terakhir (OKX): $61470.70
[ANALIS] State: BULLISH | EMA13/34: $61534.9/$61520.5 | VWAP Sesi: $61498.38 | Vol Surge: 6.1x | BB50: [$61380.46 - $61626.32] | Tren 15m: BEARISH
[DEBUG] EMA streak: 1 | EMA13: 61534.92 | EMA34: 61520.48 | Selisih: 14.44
[ANALIS-TRENDING] Sinyal melemah/Death Cross terkonfirmasi 2 menit berturut. Sinyal SELL.
[2026-07-03 07:02:28] Keputusan analis: Sell(0.007823108801659685, "[Trending] Quant EMA13/34 Sell Confirmed (2m streak)")
[2026-07-03 07:02:28] Mengeksekusi transaksi...
[2026-07-03 07:02:28] Eksekusi sukses. Saldo: $985.08, BTC: 0.0000
[2026-07-03 07:03:28] Siklus Menit Baru. Harga BTC Terakhir (OKX): $61448.20
[ANALIS] State: BULLISH | EMA13/34: $61517.9/$61514.3 | VWAP Sesi: $61471.43 | Vol Surge: 9.9x | BB50: [$61386.51 - $61622.46] | Tren 15m: BEARISH
[DEBUG] EMA streak: 0 | EMA13: 61517.90 | EMA34: 61514.31 | Selisih: 3.60
[2026-07-03 07:03:28] Keputusan analis: Wait
[2026-07-03 07:03:28] Validasi gagal / keputusan WAIT. Tidak ada eksekusi.
[2026-07-03 07:04:28] Siklus Menit Baru. Harga BTC Terakhir (OKX): $61495.10
[ANALIS] State: BULLISH | EMA13/34: $61518.1/$61515.7 | VWAP Sesi: $61482.16 | Vol Surge: 3.1x | BB50: [$61398.67 - $61617.00] | Tren 15m: BEARISH
[DEBUG] EMA streak: 0 | EMA13: 61518.10 | EMA34: 61515.68 | Selisih: 2.41
[2026-07-03 07:04:28] Keputusan analis: Wait
[2026-07-03 07:04:28] Validasi gagal / keputusan WAIT. Tidak ada eksekusi.
[2026-07-03 07:05:28] Siklus Menit Baru. Harga BTC Terakhir (OKX): $61447.10
[ANALIS] State: SIDEWAYS | EMA13/34: $61507.9/$61513.5 | VWAP Sesi: $61479.72 | Vol Surge: 3.8x | BB50: [$61405.52 - $61613.06] | Tren 15m: BEARISH
[ANALIS-SIDEWAYS] WAIT - Lebar BB sempit (0.338%).
[2026-07-03 07:05:28] Keputusan analis: Wait
[2026-07-03 07:05:28] Validasi gagal / keputusan WAIT. Tidak ada eksekusi.
[2026-07-03 07:06:29] Siklus Menit Baru. Harga BTC Terakhir (OKX): $61467.60
[ANALIS] State: SIDEWAYS | EMA13/34: $61502.1/$61510.3 | VWAP Sesi: $61478.29 | Vol Surge: 2.1x | BB50: [$61410.09 - $61610.87] | Tren 15m: BEARISH
[ANALIS-SIDEWAYS] WAIT - Lebar BB sempit (0.327%).
[2026-07-03 07:06:29] Keputusan analis: Wait
[2026-07-03 07:06:29] Validasi gagal / keputusan WAIT. Tidak ada eksekusi.
[2026-07-03 07:07:29] Siklus Menit Baru. Harga BTC Terakhir (OKX): $61448.20
[ANALIS] State: SIDEWAYS | EMA13/34: $61491.7/$61508.0 | VWAP Sesi: $61474.91 | Vol Surge: 1.3x | BB50: [$61413.29 - $61608.82] | Tren 15m: BEARISH
[ANALIS-SIDEWAYS] WAIT - Lebar BB sempit (0.318%).
[2026-07-03 07:07:29] Keputusan analis: Wait
[2026-07-03 07:07:29] Validasi gagal / keputusan WAIT. Tidak ada eksekusi.
[2026-07-03 07:08:29] Siklus Menit Baru. Harga BTC Terakhir (OKX): $61450.60
[ANALIS] State: SIDEWAYS | EMA13/34: $61484.6/$61503.6 | VWAP Sesi: $61470.87 | Vol Surge: 2.5x | BB50: [$61413.16 - $61608.89] | Tren 15m: BEARISH
[ANALIS-SIDEWAYS] WAIT - Lebar BB sempit (0.319%).
[2026-07-03 07:08:29] Keputusan analis: Wait
[2026-07-03 07:08:29] Validasi gagal / keputusan WAIT. Tidak ada eksekusi.
[2026-07-03 07:09:29] Siklus Menit Baru. Harga BTC Terakhir (OKX): $61425.80
[ANALIS] State: SIDEWAYS | EMA13/34: $61475.6/$61498.8 | VWAP Sesi: $61469.14 | Vol Surge: 0.5x | BB50: [$61412.33 - $61609.30] | Tren 15m: BEARISH
[ANALIS-SIDEWAYS] WAIT - Lebar BB sempit (0.321%).
[2026-07-03 07:09:29] Keputusan analis: Wait
[2026-07-03 07:09:29] Validasi gagal / keputusan WAIT. Tidak ada eksekusi.
[2026-07-03 07:10:29] Siklus Menit Baru. Harga BTC Terakhir (OKX): $61398.60
[ANALIS] State: SIDEWAYS | EMA13/34: $61461.6/$61494.5 | VWAP Sesi: $61464.22 | Vol Surge: 2.1x | BB50: [$61406.88 - $61612.49] | Tren 15m: BEARISH
[ANALIS-SIDEWAYS] WAIT - Lebar BB sempit (0.335%).
[2026-07-03 07:10:29] Keputusan analis: Wait
[2026-07-03 07:10:29] Validasi gagal / keputusan WAIT. Tidak ada eksekusi.
[2026-07-03 07:11:29] Siklus Menit Baru. Harga BTC Terakhir (OKX): $61394.50
[ANALIS] State: BEARISH | EMA13/34: $61452.0/$61486.7 | VWAP Sesi: $61460.63 | Vol Surge: 1.5x | BB50: [$61400.42 - $61615.44] | Tren 15m: BEARISH
[DEBUG] EMA streak: 0 | EMA13: 61452.01 | EMA34: 61486.71 | Selisih: -34.70
[2026-07-03 07:11:29] Keputusan analis: Wait
[2026-07-03 07:11:29] Validasi gagal / keputusan WAIT. Tidak ada eksekusi.
[2026-07-03 07:12:29] Siklus Menit Baru. Harga BTC Terakhir (OKX): $61409.10
[ANALIS] State: BEARISH | EMA13/34: $61446.9/$61482.6 | VWAP Sesi: $61457.05 | Vol Surge: 1.8x | BB50: [$61398.54 - $61616.29] | Tren 15m: BEARISH
[DEBUG] EMA streak: 0 | EMA13: 61446.91 | EMA34: 61482.56 | Selisih: -35.65
[2026-07-03 07:12:29] Keputusan analis: Wait
[2026-07-03 07:12:29] Validasi gagal / keputusan WAIT. Tidak ada eksekusi.
[2026-07-03 07:13:29] Siklus Menit Baru. Harga BTC Terakhir (OKX): $61410.80
[ANALIS] State: BEARISH | EMA13/34: $61441.2/$61479.2 | VWAP Sesi: $61451.22 | Vol Surge: 2.3x | BB50: [$61395.84 - $61617.67] | Tren 15m: BEARISH
[DEBUG] EMA streak: 0 | EMA13: 61441.23 | EMA34: 61479.16 | Selisih: -37.93
[2026-07-03 07:13:29] Keputusan analis: Wait
[2026-07-03 07:13:29] Validasi gagal / keputusan WAIT. Tidak ada eksekusi.
[2026-07-03 07:14:30] Siklus Menit Baru. Harga BTC Terakhir (OKX): $61439.60
[ANALIS] State: BEARISH | EMA13/34: $61445.3/$61481.0 | VWAP Sesi: $61452.02 | Vol Surge: 0.4x | BB50: [$61397.40 - $61616.78] | Tren 15m: BEARISH
[DEBUG] EMA streak: 0 | EMA13: 61445.27 | EMA34: 61481.01 | Selisih: -35.74
[2026-07-03 07:14:30] Keputusan analis: Wait
[2026-07-03 07:14:30] Validasi gagal / keputusan WAIT. Tidak ada eksekusi.
[2026-07-03 07:15:30] Siklus Menit Baru. Harga BTC Terakhir (OKX): $61409.90
[ANALIS] State: BEARISH | EMA13/34: $61437.1/$61477.8 | VWAP Sesi: $61448.65 | Vol Surge: 0.7x | BB50: [$61390.38 - $61619.19] | Tren 15m: BEARISH
[DEBUG] EMA streak: 0 | EMA13: 61437.12 | EMA34: 61477.84 | Selisih: -40.71
[2026-07-03 07:15:30] Keputusan analis: Wait
[2026-07-03 07:15:30] Validasi gagal / keputusan WAIT. Tidak ada eksekusi.
[2026-07-03 07:16:30] Siklus Menit Baru. Harga BTC Terakhir (OKX): $61386.50
[ANALIS] State: BEARISH | EMA13/34: $61426.6/$61469.6 | VWAP Sesi: $61445.33 | Vol Surge: 0.9x | BB50: [$61380.67 - $61621.57] | Tren 15m: BEARISH
[DEBUG] EMA streak: 0 | EMA13: 61426.57 | EMA34: 61469.65 | Selisih: -43.08
[2026-07-03 07:16:30] Keputusan analis: Wait
[2026-07-03 07:16:30] Validasi gagal / keputusan WAIT. Tidak ada eksekusi.
[2026-07-03 07:17:30] Siklus Menit Baru. Harga BTC Terakhir (OKX): $61400.80
[ANALIS] State: BEARISH | EMA13/34: $61423.3/$61465.9 | VWAP Sesi: $61442.56 | Vol Surge: 1.4x | BB50: [$61375.52 - $61622.31] | Tren 15m: BEARISH
[DEBUG] EMA streak: 0 | EMA13: 61423.26 | EMA34: 61465.90 | Selisih: -42.64
[2026-07-03 07:17:30] Keputusan analis: Wait
[2026-07-03 07:17:30] Validasi gagal / keputusan WAIT. Tidak ada eksekusi.
[2026-07-03 07:18:30] Siklus Menit Baru. Harga BTC Terakhir (OKX): $61382.10
[ANALIS] State: BEARISH | EMA13/34: $61416.0/$61460.2 | VWAP Sesi: $61440.06 | Vol Surge: 0.8x | BB50: [$61367.75 - $61624.32] | Tren 15m: BEARISH
[DEBUG] EMA streak: 0 | EMA13: 61415.97 | EMA34: 61460.16 | Selisih: -44.19
[2026-07-03 07:18:30] Keputusan analis: Wait
[2026-07-03 07:18:30] Validasi gagal / keputusan WAIT. Tidak ada eksekusi.
[2026-07-03 07:19:30] Siklus Menit Baru. Harga BTC Terakhir (OKX): $61379.60
[ANALIS] State: BEARISH | EMA13/34: $61410.2/$61455.2 | VWAP Sesi: $61437.32 | Vol Surge: 0.7x | BB50: [$61360.79 - $61625.98] | Tren 15m: BEARISH
[DEBUG] EMA streak: 0 | EMA13: 61410.25 | EMA34: 61455.25 | Selisih: -45.00
[2026-07-03 07:19:30] Keputusan analis: Wait
[2026-07-03 07:19:30] Validasi gagal / keputusan WAIT. Tidak ada eksekusi.
[2026-07-03 07:20:30] Siklus Menit Baru. Harga BTC Terakhir (OKX): $61394.00
[ANALIS] State: BEARISH | EMA13/34: $61411.3/$61454.1 | VWAP Sesi: $61435.21 | Vol Surge: 0.4x | BB50: [$61357.88 - $61625.48] | Tren 15m: BEARISH
[DEBUG] EMA streak: 0 | EMA13: 61411.32 | EMA34: 61454.08 | Selisih: -42.76
[2026-07-03 07:20:30] Keputusan analis: Wait
[2026-07-03 07:20:30] Validasi gagal / keputusan WAIT. Tidak ada eksekusi.
[2026-07-03 07:21:30] Siklus Menit Baru. Harga BTC Terakhir (OKX): $61424.50
[ANALIS] State: BEARISH | EMA13/34: $61417.4/$61455.6 | VWAP Sesi: $61435.12 | Vol Surge: 1.1x | BB50: [$61357.21 - $61623.61] | Tren 15m: BEARISH
[DEBUG] EMA streak: 0 | EMA13: 61417.36 | EMA34: 61455.58 | Selisih: -38.22
[2026-07-03 07:21:30] Keputusan analis: Wait
[2026-07-03 07:21:30] Validasi gagal / keputusan WAIT. Tidak ada eksekusi.
[2026-07-03 07:22:31] Siklus Menit Baru. Harga BTC Terakhir (OKX): $61391.50
[ANALIS] State: BEARISH | EMA13/34: $61410.4/$61450.8 | VWAP Sesi: $61432.90 | Vol Surge: 1.4x | BB50: [$61350.50 - $61622.99] | Tren 15m: BEARISH
[DEBUG] EMA streak: 0 | EMA13: 61410.41 | EMA34: 61450.79 | Selisih: -40.38
[2026-07-03 07:22:31] Keputusan analis: Wait
[2026-07-03 07:22:31] Validasi gagal / keputusan WAIT. Tidak ada eksekusi.
[2026-07-03 07:23:31] Siklus Menit Baru. Harga BTC Terakhir (OKX): $61366.20
[ANALIS] State: BEARISH | EMA13/34: $61400.7/$61446.6 | VWAP Sesi: $61430.75 | Vol Surge: 0.3x | BB50: [$61341.81 - $61623.06] | Tren 15m: BEARISH
[DEBUG] EMA streak: 0 | EMA13: 61400.70 | EMA34: 61446.63 | Selisih: -45.93
[2026-07-03 07:23:31] Keputusan analis: Wait
[2026-07-03 07:23:31] Validasi gagal / keputusan WAIT. Tidak ada eksekusi.
[2026-07-03 07:24:31] Siklus Menit Baru. Harga BTC Terakhir (OKX): $61356.70
[ANALIS] State: BEARISH | EMA13/34: $61395.9/$61440.2 | VWAP Sesi: $61429.03 | Vol Surge: 0.5x | BB50: [$61337.44 - $61618.38] | Tren 15m: BEARISH
[DEBUG] EMA streak: 0 | EMA13: 61395.88 | EMA34: 61440.24 | Selisih: -44.36
[2026-07-03 07:24:31] Keputusan analis: Wait
[2026-07-03 07:24:31] Validasi gagal / keputusan WAIT. Tidak ada eksekusi.
[2026-07-03 07:25:31] Siklus Menit Baru. Harga BTC Terakhir (OKX): $61358.90
[ANALIS] State: BEARISH | EMA13/34: $61390.5/$61432.9 | VWAP Sesi: $61427.72 | Vol Surge: 0.8x | BB50: [$61331.55 - $61616.28] | Tren 15m: BEARISH
[DEBUG] EMA streak: 0 | EMA13: 61390.54 | EMA34: 61432.87 | Selisih: -42.33
[2026-07-03 07:25:31] Keputusan analis: Wait
[2026-07-03 07:25:31] Validasi gagal / keputusan WAIT. Tidak ada eksekusi.
[2026-07-03 07:26:31] Siklus Menit Baru. Harga BTC Terakhir (OKX): $61353.50
[ANALIS] State: BEARISH | EMA13/34: $61385.4/$61428.2 | VWAP Sesi: $61426.45 | Vol Surge: 0.2x | BB50: [$61325.01 - $61616.73] | Tren 15m: BEARISH
[DEBUG] EMA streak: 0 | EMA13: 61385.44 | EMA34: 61428.21 | Selisih: -42.77
[2026-07-03 07:26:31] Keputusan analis: Wait
[2026-07-03 07:26:31] Validasi gagal / keputusan WAIT. Tidak ada eksekusi.
[2026-07-03 07:27:31] Siklus Menit Baru. Harga BTC Terakhir (OKX): $61348.60
[ANALIS] State: BEARISH | EMA13/34: $61380.5/$61424.4 | VWAP Sesi: $61425.22 | Vol Surge: 0.5x | BB50: [$61318.48 - $61617.17] | Tren 15m: BEARISH
[DEBUG] EMA streak: 0 | EMA13: 61380.48 | EMA34: 61424.35 | Selisih: -43.88
[2026-07-03 07:27:31] Keputusan analis: Wait
[2026-07-03 07:27:31] Validasi gagal / keputusan WAIT. Tidak ada eksekusi.
[2026-07-03 07:28:31] Siklus Menit Baru. Harga BTC Terakhir (OKX): $61329.80
[ANALIS] State: BEARISH | EMA13/34: $61373.2/$61417.5 | VWAP Sesi: $61423.85 | Vol Surge: 0.6x | BB50: [$61310.51 - $61617.77] | Tren 15m: BEARISH
[DEBUG] EMA streak: 0 | EMA13: 61373.23 | EMA34: 61417.53 | Selisih: -44.30
[2026-07-03 07:28:31] Keputusan analis: Wait
[2026-07-03 07:28:31] Validasi gagal / keputusan WAIT. Tidak ada eksekusi.
[2026-07-03 07:29:32] Siklus Menit Baru. Harga BTC Terakhir (OKX): $61307.50
[ANALIS] State: BEARISH | EMA13/34: $61363.9/$61411.2 | VWAP Sesi: $61421.50 | Vol Surge: 0.2x | BB50: [$61300.96 - $61620.15] | Tren 15m: BEARISH
[DEBUG] EMA streak: 0 | EMA13: 61363.85 | EMA34: 61411.21 | Selisih: -47.36
[2026-07-03 07:29:32] Keputusan analis: Wait
[2026-07-03 07:29:32] Validasi gagal / keputusan WAIT. Tidak ada eksekusi.
[2026-07-03 07:30:32] Siklus Menit Baru. Harga BTC Terakhir (OKX): $61268.40
[ANALIS] State: BEARISH | EMA13/34: $61349.3/$61400.7 | VWAP Sesi: $61400.72 | Vol Surge: 6.3x | BB50: [$61287.30 - $61624.79] | Tren 15m: BEARISH
[DEBUG] EMA streak: 0 | EMA13: 61349.29 | EMA34: 61400.68 | Selisih: -51.38
[2026-07-03 07:30:32] Keputusan analis: Wait
[2026-07-03 07:30:32] Validasi gagal / keputusan WAIT. Tidak ada eksekusi.
[2026-07-03 07:31:32] Siklus Menit Baru. Harga BTC Terakhir (OKX): $61292.40
[ANALIS] State: BEARISH | EMA13/34: $61339.9/$61394.8 | VWAP Sesi: $61395.51 | Vol Surge: 1.5x | BB50: [$61276.99 - $61628.44] | Tren 15m: BEARISH
[DEBUG] EMA streak: 0 | EMA13: 61339.95 | EMA34: 61394.79 | Selisih: -54.85
[2026-07-03 07:31:32] Keputusan analis: Wait
[2026-07-03 07:31:32] Validasi gagal / keputusan WAIT. Tidak ada eksekusi.
[2026-07-03 07:32:32] Siklus Menit Baru. Harga BTC Terakhir (OKX): $61320.80
[ANALIS] State: BEARISH | EMA13/34: $61339.7/$61392.7 | VWAP Sesi: $61393.48 | Vol Surge: 1.1x | BB50: [$61272.03 - $61628.43] | Tren 15m: BEARISH
[DEBUG] EMA streak: 0 | EMA13: 61339.66 | EMA34: 61392.73 | Selisih: -53.08
[2026-07-03 07:32:32] Keputusan analis: Wait
[2026-07-03 07:32:32] Validasi gagal / keputusan WAIT. Tidak ada eksekusi.
[2026-07-03 07:33:32] Siklus Menit Baru. Harga BTC Terakhir (OKX): $61272.40
[ANALIS] State: BEARISH | EMA13/34: $61330.7/$61385.9 | VWAP Sesi: $61391.36 | Vol Surge: 0.6x | BB50: [$61261.67 - $61630.48] | Tren 15m: BEARISH
[DEBUG] EMA streak: 0 | EMA13: 61330.71 | EMA34: 61385.86 | Selisih: -55.15
[2026-07-03 07:33:32] Keputusan analis: Wait
[2026-07-03 07:33:32] Validasi gagal / keputusan WAIT. Tidak ada eksekusi.
[2026-07-03 07:34:32] Siklus Menit Baru. Harga BTC Terakhir (OKX): $61278.40
[ANALIS] State: BEARISH | EMA13/34: $61323.8/$61382.1 | VWAP Sesi: $61389.49 | Vol Surge: 0.3x | BB50: [$61252.44 - $61631.81] | Tren 15m: BEARISH
[DEBUG] EMA streak: 0 | EMA13: 61323.78 | EMA34: 61382.05 | Selisih: -58.27
[2026-07-03 07:34:32] Keputusan analis: Wait
[2026-07-03 07:34:32] Validasi gagal / keputusan WAIT. Tidak ada eksekusi.
[2026-07-03 07:35:32] Siklus Menit Baru. Harga BTC Terakhir (OKX): $61245.40
[ANALIS] State: BEARISH | EMA13/34: $61309.1/$61373.7 | VWAP Sesi: $61387.02 | Vol Surge: 0.5x | BB50: [$61237.93 - $61634.19] | Tren 15m: BEARISH
[DEBUG] EMA streak: 0 | EMA13: 61309.10 | EMA34: 61373.68 | Selisih: -64.58
[2026-07-03 07:35:32] Keputusan analis: Wait
[2026-07-03 07:35:32] Validasi gagal / keputusan WAIT. Tidak ada eksekusi.
[2026-07-03 07:36:32] Siklus Menit Baru. Harga BTC Terakhir (OKX): $61266.70
[ANALIS] State: BEARISH | EMA13/34: $61305.7/$61368.6 | VWAP Sesi: $61381.67 | Vol Surge: 0.8x | BB50: [$61231.10 - $61631.02] | Tren 15m: BEARISH
[DEBUG] EMA streak: 0 | EMA13: 61305.71 | EMA34: 61368.55 | Selisih: -62.84
[2026-07-03 07:36:32] Keputusan analis: Wait
[2026-07-03 07:36:32] Validasi gagal / keputusan WAIT. Tidak ada eksekusi.
[2026-07-03 07:37:33] Siklus Menit Baru. Harga BTC Terakhir (OKX): $61273.20
[ANALIS] State: BEARISH | EMA13/34: $61304.4/$61364.7 | VWAP Sesi: $61378.63 | Vol Surge: 0.4x | BB50: [$61225.47 - $61627.29] | Tren 15m: BEARISH
[DEBUG] EMA streak: 0 | EMA13: 61304.45 | EMA34: 61364.71 | Selisih: -60.26
[2026-07-03 07:37:33] Keputusan analis: Wait
[2026-07-03 07:37:33] Validasi gagal / keputusan WAIT. Tidak ada eksekusi.
[2026-07-03 07:38:33] Siklus Menit Baru. Harga BTC Terakhir (OKX): $61352.00
[ANALIS] State: BEARISH | EMA13/34: $61311.4/$61365.2 | VWAP Sesi: $61377.46 | Vol Surge: 0.5x | BB50: [$61223.33 - $61622.07] | Tren 15m: BEARISH
[DEBUG] EMA streak: 0 | EMA13: 61311.36 | EMA34: 61365.19 | Selisih: -53.83
[2026-07-03 07:38:33] Keputusan analis: Wait
[2026-07-03 07:38:33] Validasi gagal / keputusan WAIT. Tidak ada eksekusi.
[2026-07-03 07:39:33] Siklus Menit Baru. Harga BTC Terakhir (OKX): $61329.50
[ANALIS] State: BEARISH | EMA13/34: $61312.9/$61362.9 | VWAP Sesi: $61377.08 | Vol Surge: 0.2x | BB50: [$61220.52 - $61615.36] | Tren 15m: BEARISH
[DEBUG] EMA streak: 0 | EMA13: 61312.87 | EMA34: 61362.95 | Selisih: -50.08
[2026-07-03 07:39:33] Keputusan analis: Wait
[2026-07-03 07:39:33] Validasi gagal / keputusan WAIT. Tidak ada eksekusi.
[2026-07-03 07:40:33] Siklus Menit Baru. Harga BTC Terakhir (OKX): $61364.10
[ANALIS] State: BEARISH | EMA13/34: $61320.2/$61363.7 | VWAP Sesi: $61376.90 | Vol Surge: 0.1x | BB50: [$61220.46 - $61607.43] | Tren 15m: BULLISH
[DEBUG] EMA streak: 0 | EMA13: 61320.20 | EMA34: 61363.66 | Selisih: -43.46
[2026-07-03 07:40:33] Keputusan analis: Wait
[2026-07-03 07:40:33] Validasi gagal / keputusan WAIT. Tidak ada eksekusi.
[2026-07-03 07:41:33] Siklus Menit Baru. Harga BTC Terakhir (OKX): $61329.80
[ANALIS] State: BEARISH | EMA13/34: $61319.6/$61362.1 | VWAP Sesi: $61376.72 | Vol Surge: 0.1x | BB50: [$61219.14 - $61598.27] | Tren 15m: BEARISH
[DEBUG] EMA streak: 0 | EMA13: 61319.65 | EMA34: 61362.14 | Selisih: -42.49
[2026-07-03 07:41:33] Keputusan analis: Wait
[2026-07-03 07:41:33] Validasi gagal / keputusan WAIT. Tidak ada eksekusi.
[2026-07-03 07:42:33] Siklus Menit Baru. Harga BTC Terakhir (OKX): $61324.30
[ANALIS] State: BEARISH | EMA13/34: $61320.8/$61358.9 | VWAP Sesi: $61376.58 | Vol Surge: 0.1x | BB50: [$61220.48 - $61586.06] | Tren 15m: BEARISH
[DEBUG] EMA streak: 0 | EMA13: 61320.79 | EMA34: 61358.92 | Selisih: -38.13
[2026-07-03 07:42:33] Keputusan analis: Wait
[2026-07-03 07:42:33] Validasi gagal / keputusan WAIT. Tidak ada eksekusi.
[2026-07-03 07:43:33] Siklus Menit Baru. Harga BTC Terakhir (OKX): $61328.40
[ANALIS] State: BEARISH | EMA13/34: $61322.3/$61357.8 | VWAP Sesi: $61376.42 | Vol Surge: 0.1x | BB50: [$61221.38 - $61575.41] | Tren 15m: BEARISH
[DEBUG] EMA streak: 0 | EMA13: 61322.34 | EMA34: 61357.76 | Selisih: -35.42
[2026-07-03 07:43:33] Keputusan analis: Wait
[2026-07-03 07:43:33] Validasi gagal / keputusan WAIT. Tidak ada eksekusi.
[2026-07-03 07:44:34] Siklus Menit Baru. Harga BTC Terakhir (OKX): $61336.50
[ANALIS] State: BEARISH | EMA13/34: $61323.6/$61355.6 | VWAP Sesi: $61376.32 | Vol Surge: 0.1x | BB50: [$61223.39 - $61563.28] | Tren 15m: BULLISH
[DEBUG] EMA streak: 0 | EMA13: 61323.58 | EMA34: 61355.61 | Selisih: -32.02
[2026-07-03 07:44:34] Keputusan analis: Wait
[2026-07-03 07:44:34] Validasi gagal / keputusan WAIT. Tidak ada eksekusi.
[2026-07-03 07:45:34] Siklus Menit Baru. Harga BTC Terakhir (OKX): $61329.00
[ANALIS] State: BEARISH | EMA13/34: $61324.6/$61354.5 | VWAP Sesi: $61376.19 | Vol Surge: 0.1x | BB50: [$61225.57 - $61551.47] | Tren 15m: BULLISH
[DEBUG] EMA streak: 0 | EMA13: 61324.61 | EMA34: 61354.53 | Selisih: -29.92
[2026-07-03 07:45:34] Keputusan analis: Wait
[2026-07-03 07:45:34] Validasi gagal / keputusan WAIT. Tidak ada eksekusi.
[2026-07-03 07:46:34] Siklus Menit Baru. Harga BTC Terakhir (OKX): $61338.30
[ANALIS] State: BEARISH | EMA13/34: $61325.2/$61351.8 | VWAP Sesi: $61376.06 | Vol Surge: 0.1x | BB50: [$61228.91 - $61538.08] | Tren 15m: BULLISH
[DEBUG] EMA streak: 0 | EMA13: 61325.17 | EMA34: 61351.77 | Selisih: -26.60
[2026-07-03 07:46:34] Keputusan analis: Wait
[2026-07-03 07:46:34] Validasi gagal / keputusan WAIT. Tidak ada eksekusi.
[2026-07-03 07:47:34] Siklus Menit Baru. Harga BTC Terakhir (OKX): $61393.10
[ANALIS] State: BEARISH | EMA13/34: $61337.8/$61355.5 | VWAP Sesi: $61376.12 | Vol Surge: 0.1x | BB50: [$61234.46 - $61526.99] | Tren 15m: BULLISH
[DEBUG] EMA streak: 0 | EMA13: 61337.75 | EMA34: 61355.54 | Selisih: -17.79
[2026-07-03 07:47:34] Keputusan analis: Wait
[2026-07-03 07:47:34] Validasi gagal / keputusan WAIT. Tidak ada eksekusi.
[2026-07-03 07:48:34] Siklus Menit Baru. Harga BTC Terakhir (OKX): $61400.70
[ANALIS] State: BEARISH | EMA13/34: $61347.9/$61358.7 | VWAP Sesi: $61376.29 | Vol Surge: 0.1x | BB50: [$61240.26 - $61515.30] | Tren 15m: BULLISH
[DEBUG] EMA streak: 0 | EMA13: 61347.92 | EMA34: 61358.71 | Selisih: -10.79
[2026-07-03 07:48:34] Keputusan analis: Wait
[2026-07-03 07:48:34] Validasi gagal / keputusan WAIT. Tidak ada eksekusi.
[2026-07-03 07:49:34] Siklus Menit Baru. Harga BTC Terakhir (OKX): $61385.90
[ANALIS] State: BEARISH | EMA13/34: $61351.1/$61358.8 | VWAP Sesi: $61376.29 | Vol Surge: 0.1x | BB50: [$61246.72 - $61501.19] | Tren 15m: BULLISH
[DEBUG] EMA streak: 0 | EMA13: 61351.15 | EMA34: 61358.81 | Selisih: -7.66
[2026-07-03 07:49:34] Keputusan analis: Wait
[2026-07-03 07:49:34] Validasi gagal / keputusan WAIT. Tidak ada eksekusi.
[2026-07-03 07:50:34] Siklus Menit Baru. Harga BTC Terakhir (OKX): $61389.30
[ANALIS] State: BULLISH | EMA13/34: $61357.1/$61357.1 | VWAP Sesi: $61376.32 | Vol Surge: 0.1x | BB50: [$61253.76 - $61487.92] | Tren 15m: BULLISH
[DEBUG] EMA streak: 0 | EMA13: 61357.12 | EMA34: 61357.10 | Selisih: 0.02
[ANALIS-TRENDING] Quant Golden Cross (EMA13 > EMA34), Di atas VWAP ($61376.32), & Tren 15m Bullish. Sinyal BUY.
[2026-07-03 07:50:34] Keputusan analis: Buy(0.003209295789176633, "[Trending] Quant EMA13/34 Buy (Vol 0.1x)")
[2026-07-03 07:50:34] Mengeksekusi transaksi...
[2026-07-03 07:50:34] Eksekusi sukses. Saldo: $787.87, BTC: 0.0032
[2026-07-03 07:51:35] Siklus Menit Baru. Harga BTC Terakhir (OKX): $61375.90
[ANALIS] State: BULLISH | EMA13/34: $61360.6/$61356.1 | VWAP Sesi: $61376.33 | Vol Surge: 0.2x | BB50: [$61255.89 - $61481.91] | Tren 15m: BULLISH
[DEBUG] EMA streak: 0 | EMA13: 61360.62 | EMA34: 61356.07 | Selisih: 4.55
[2026-07-03 07:51:35] Keputusan analis: Wait
[2026-07-03 07:51:35] Validasi gagal / keputusan WAIT. Tidak ada eksekusi.
[2026-07-03 07:52:35] Siklus Menit Baru. Harga BTC Terakhir (OKX): $61373.20
[ANALIS] State: BULLISH | EMA13/34: $61361.7/$61359.0 | VWAP Sesi: $61376.31 | Vol Surge: 0.0x | BB50: [$61256.08 - $61479.10] | Tren 15m: BULLISH
[DEBUG] EMA streak: 0 | EMA13: 61361.72 | EMA34: 61359.02 | Selisih: 2.70
[2026-07-03 07:52:35] Keputusan analis: Wait
[2026-07-03 07:52:35] Validasi gagal / keputusan WAIT. Tidak ada eksekusi.
[2026-07-03 07:53:35] Siklus Menit Baru. Harga BTC Terakhir (OKX): $61356.60
[ANALIS] State: BULLISH | EMA13/34: $61360.1/$61359.4 | VWAP Sesi: $61376.11 | Vol Surge: 0.5x | BB50: [$61257.94 - $61472.16] | Tren 15m: BULLISH
[DEBUG] EMA streak: 0 | EMA13: 61360.08 | EMA34: 61359.44 | Selisih: 0.64
[2026-07-03 07:53:35] Keputusan analis: Wait
[2026-07-03 07:53:35] Validasi gagal / keputusan WAIT. Tidak ada eksekusi.
[2026-07-03 07:54:35] Siklus Menit Baru. Harga BTC Terakhir (OKX): $61329.50
[ANALIS] State: SIDEWAYS | EMA13/34: $61352.5/$61353.8 | VWAP Sesi: $61375.69 | Vol Surge: 0.0x | BB50: [$61259.90 - $61462.55] | Tren 15m: BULLISH
[ANALIS-SIDEWAYS] WAIT - Lebar BB sempit (0.330%).
[2026-07-03 07:54:35] Keputusan analis: Wait
[2026-07-03 07:54:35] Validasi gagal / keputusan WAIT. Tidak ada eksekusi.
[2026-07-03 07:55:35] Siklus Menit Baru. Harga BTC Terakhir (OKX): $61363.90
[ANALIS] State: SIDEWAYS | EMA13/34: $61356.2/$61355.2 | VWAP Sesi: $61375.68 | Vol Surge: 0.1x | BB50: [$61261.83 - $61457.96] | Tren 15m: BULLISH
[ANALIS-SIDEWAYS] WAIT - Lebar BB sempit (0.320%).
[2026-07-03 07:55:35] Keputusan analis: Wait
[2026-07-03 07:55:35] Validasi gagal / keputusan WAIT. Tidak ada eksekusi.
[2026-07-03 07:56:35] Siklus Menit Baru. Harga BTC Terakhir (OKX): $61333.50
[ANALIS] State: SIDEWAYS | EMA13/34: $61352.2/$61353.3 | VWAP Sesi: $61375.58 | Vol Surge: 0.1x | BB50: [$61262.35 - $61452.72] | Tren 15m: BEARISH
[ANALIS-SIDEWAYS] WAIT - Lebar BB sempit (0.310%).
[2026-07-03 07:56:35] Keputusan analis: Wait
[2026-07-03 07:56:35] Validasi gagal / keputusan WAIT. Tidak ada eksekusi.
[2026-07-03 07:57:35] Siklus Menit Baru. Harga BTC Terakhir (OKX): $61340.10
[ANALIS] State: SIDEWAYS | EMA13/34: $61351.6/$61353.4 | VWAP Sesi: $61375.59 | Vol Surge: 0.0x | BB50: [$61263.45 - $61448.09] | Tren 15m: BULLISH
[ANALIS-SIDEWAYS] WAIT - Lebar BB sempit (0.301%).
[2026-07-03 07:57:35] Keputusan analis: Wait
[2026-07-03 07:57:35] Validasi gagal / keputusan WAIT. Tidak ada eksekusi.
[2026-07-03 07:58:36] Siklus Menit Baru. Harga BTC Terakhir (OKX): $61300.10
[ANALIS] State: SIDEWAYS | EMA13/34: $61342.1/$61347.1 | VWAP Sesi: $61375.39 | Vol Surge: 0.1x | BB50: [$61262.17 - $61442.87] | Tren 15m: BEARISH
[ANALIS-SIDEWAYS] WAIT - Lebar BB sempit (0.295%).
[2026-07-03 07:58:36] Keputusan analis: Wait
[2026-07-03 07:58:36] Validasi gagal / keputusan WAIT. Tidak ada eksekusi.
[2026-07-03 07:59:36] Siklus Menit Baru. Harga BTC Terakhir (OKX): $61309.90
[ANALIS] State: SIDEWAYS | EMA13/34: $61338.3/$61345.2 | VWAP Sesi: $61375.23 | Vol Surge: 0.1x | BB50: [$61261.05 - $61440.57] | Tren 15m: BEARISH
[ANALIS-SIDEWAYS] WAIT - Lebar BB sempit (0.293%).
[2026-07-03 07:59:36] Keputusan analis: Wait
[2026-07-03 07:59:36] Validasi gagal / keputusan WAIT. Tidak ada eksekusi.
[2026-07-03 08:00:36] Siklus Menit Baru. Harga BTC Terakhir (OKX): $61317.90
[ANALIS] State: SIDEWAYS | EMA13/34: $61334.4/$61343.4 | VWAP Sesi: $61375.09 | Vol Surge: 0.1x | BB50: [$61259.59 - $61438.48] | Tren 15m: BULLISH
[ANALIS-SIDEWAYS] WAIT - Lebar BB sempit (0.292%).
[2026-07-03 08:00:36] Keputusan analis: Wait
[2026-07-03 08:00:36] Validasi gagal / keputusan WAIT. Tidak ada eksekusi.
[2026-07-03 08:01:36] Siklus Menit Baru. Harga BTC Terakhir (OKX): $61302.20
[ANALIS] State: SIDEWAYS | EMA13/34: $61330.8/$61341.6 | VWAP Sesi: $61374.98 | Vol Surge: 0.1x | BB50: [$61258.33 - $61436.06] | Tren 15m: BEARISH
[ANALIS-SIDEWAYS] WAIT - Lebar BB sempit (0.290%).
[2026-07-03 08:01:36] Keputusan analis: Wait
[2026-07-03 08:01:36] Validasi gagal / keputusan WAIT. Tidak ada eksekusi.
[2026-07-03 08:02:36] Siklus Menit Baru. Harga BTC Terakhir (OKX): $61317.90
[ANALIS] State: SIDEWAYS | EMA13/34: $61328.7/$61342.3 | VWAP Sesi: $61374.51 | Vol Surge: 0.3x | BB50: [$61257.61 - $61433.19] | Tren 15m: BEARISH
[ANALIS-SIDEWAYS] WAIT - Lebar BB sempit (0.286%).
[2026-07-03 08:02:36] Keputusan analis: Wait
[2026-07-03 08:02:36] Validasi gagal / keputusan WAIT. Tidak ada eksekusi.
[2026-07-03 08:03:36] Siklus Menit Baru. Harga BTC Terakhir (OKX): $61353.10
[ANALIS] State: SIDEWAYS | EMA13/34: $61333.9/$61342.0 | VWAP Sesi: $61374.53 | Vol Surge: 0.0x | BB50: [$61261.09 - $61426.59] | Tren 15m: BEARISH
[ANALIS-SIDEWAYS] WAIT - Lebar BB sempit (0.270%).
[2026-07-03 08:03:36] Keputusan analis: Wait
[2026-07-03 08:03:36] Validasi gagal / keputusan WAIT. Tidak ada eksekusi.
[2026-07-03 08:04:36] Siklus Menit Baru. Harga BTC Terakhir (OKX): $61393.30
[ANALIS] State: SIDEWAYS | EMA13/34: $61345.3/$61344.6 | VWAP Sesi: $61374.56 | Vol Surge: 0.1x | BB50: [$61261.86 - $61425.93] | Tren 15m: BULLISH
[ANALIS-SIDEWAYS] WAIT - Lebar BB sempit (0.267%).
[2026-07-03 08:04:36] Keputusan analis: Wait
[2026-07-03 08:04:36] Validasi gagal / keputusan WAIT. Tidak ada eksekusi.
[2026-07-03 08:05:36] Siklus Menit Baru. Harga BTC Terakhir (OKX): $61477.90
[ANALIS] State: SIDEWAYS | EMA13/34: $61368.0/$61354.2 | VWAP Sesi: $61375.50 | Vol Surge: 0.5x | BB50: [$61255.10 - $61437.74] | Tren 15m: BULLISH
[ANALIS-SIDEWAYS] WAIT - Lebar BB sempit (0.297%).
[2026-07-03 08:05:36] Keputusan analis: Wait
[2026-07-03 08:05:36] Validasi gagal / keputusan WAIT. Tidak ada eksekusi.
[2026-07-03 08:06:37] Siklus Menit Baru. Harga BTC Terakhir (OKX): $61460.30
[ANALIS] State: SIDEWAYS | EMA13/34: $61382.8/$61361.0 | VWAP Sesi: $61376.00 | Vol Surge: 0.2x | BB50: [$61250.59 - $61445.60] | Tren 15m: BULLISH
[ANALIS-SIDEWAYS] WAIT - Lebar BB sempit (0.317%).
[2026-07-03 08:06:37] Keputusan analis: Wait
[2026-07-03 08:06:37] Validasi gagal / keputusan WAIT. Tidak ada eksekusi.
[2026-07-03 08:07:37] Siklus Menit Baru. Harga BTC Terakhir (OKX): $61446.80
[ANALIS] State: SIDEWAYS | EMA13/34: $61390.8/$61364.8 | VWAP Sesi: $61376.07 | Vol Surge: 0.1x | BB50: [$61249.12 - $61449.00] | Tren 15m: BULLISH
[ANALIS-SIDEWAYS] WAIT - Lebar BB sempit (0.325%).
[2026-07-03 08:07:37] Keputusan analis: Wait
[2026-07-03 08:07:37] Validasi gagal / keputusan WAIT. Tidak ada eksekusi.
[2026-07-03 08:08:37] Siklus Menit Baru. Harga BTC Terakhir (OKX): $61496.60
[ANALIS] State: BULLISH | EMA13/34: $61408.9/$61375.1 | VWAP Sesi: $61376.47 | Vol Surge: 0.2x | BB50: [$61242.06 - $61461.72] | Tren 15m: BULLISH
[DEBUG] EMA streak: 0 | EMA13: 61408.86 | EMA34: 61375.10 | Selisih: 33.77
[ANALIS-TRENDING] Quant Golden Cross (EMA13 > EMA34), Di atas VWAP ($61376.47), & Tren 15m Bullish. Sinyal BUY.
[2026-07-03 08:08:37] Keputusan analis: Buy(0.002562316198098802, "[Trending] Quant EMA13/34 Buy (Vol 0.2x)")
[2026-07-03 08:08:37] Mengeksekusi transaksi...
[2026-07-03 08:08:37] Eksekusi sukses. Saldo: $630.14, BTC: 0.0058
[2026-07-03 08:09:37] Siklus Menit Baru. Harga BTC Terakhir (OKX): $61512.80
[ANALIS] State: BULLISH | EMA13/34: $61425.6/$61385.2 | VWAP Sesi: $61377.11 | Vol Surge: 0.3x | BB50: [$61234.92 - $61473.69] | Tren 15m: BULLISH
[DEBUG] EMA streak: 0 | EMA13: 61425.60 | EMA34: 61385.16 | Selisih: 40.43
[ANALIS-TRENDING] Quant Golden Cross (EMA13 > EMA34), Di atas VWAP ($61377.11), & Tren 15m Bullish. Sinyal BUY.
[2026-07-03 08:09:37] Keputusan analis: Buy(0.002048800781293334, "[Trending] Quant EMA13/34 Buy (Vol 0.3x)")
Mencegah transaksi berulang (Cool-down aktif). Aksi terakhir BUY pada 08:08:37 (1 menit lalu)
[2026-07-03 08:09:37] Validasi gagal / keputusan WAIT. Tidak ada eksekusi.
[2026-07-03 08:10:37] Siklus Menit Baru. Harga BTC Terakhir (OKX): $61507.00
[ANALIS] State: BULLISH | EMA13/34: $61441.0/$61391.6 | VWAP Sesi: $61377.89 | Vol Surge: 0.2x | BB50: [$61228.27 - $61484.50] | Tren 15m: BULLISH
[DEBUG] EMA streak: 0 | EMA13: 61440.99 | EMA34: 61391.65 | Selisih: 49.34
[ANALIS-TRENDING] Quant Golden Cross (EMA13 > EMA34), Di atas VWAP ($61377.89), & Tren 15m Bullish. Sinyal BUY.
[2026-07-03 08:10:37] Keputusan analis: Buy(0.0020489939795395747, "[Trending] Quant EMA13/34 Buy (Vol 0.2x)")
Mencegah transaksi berulang (Cool-down aktif). Aksi terakhir BUY pada 08:08:37 (2 menit lalu)
[2026-07-03 08:10:37] Validasi gagal / keputusan WAIT. Tidak ada eksekusi.
[2026-07-03 08:11:37] Siklus Menit Baru. Harga BTC Terakhir (OKX): $61501.90
[ANALIS] State: BULLISH | EMA13/34: $61450.3/$61396.7 | VWAP Sesi: $61378.26 | Vol Surge: 0.2x | BB50: [$61224.08 - $61493.26] | Tren 15m: BULLISH
[DEBUG] EMA streak: 0 | EMA13: 61450.34 | EMA34: 61396.68 | Selisih: 53.66
[ANALIS-TRENDING] Quant Golden Cross (EMA13 > EMA34), Di atas VWAP ($61378.26), & Tren 15m Bullish. Sinyal BUY.
[2026-07-03 08:11:37] Keputusan analis: Buy(0.0020491638908641946, "[Trending] Quant EMA13/34 Buy (Vol 0.2x)")
Mencegah transaksi berulang (Cool-down aktif). Aksi terakhir BUY pada 08:08:37 (3 menit lalu)
[2026-07-03 08:11:37] Validasi gagal / keputusan WAIT. Tidak ada eksekusi.
[2026-07-03 08:12:37] Siklus Menit Baru. Harga BTC Terakhir (OKX): $61516.50
[ANALIS] State: BULLISH | EMA13/34: $61460.8/$61404.8 | VWAP Sesi: $61378.75 | Vol Surge: 0.3x | BB50: [$61219.51 - $61504.31] | Tren 15m: BULLISH
[DEBUG] EMA streak: 0 | EMA13: 61460.83 | EMA34: 61404.77 | Selisih: 56.05
[ANALIS-TRENDING] Quant Golden Cross (EMA13 > EMA34), Di atas VWAP ($61378.75), & Tren 15m Bullish. Sinyal BUY.
[2026-07-03 08:12:37] Keputusan analis: Buy(0.0020486775531693225, "[Trending] Quant EMA13/34 Buy (Vol 0.3x)")
Mencegah transaksi berulang (Cool-down aktif). Aksi terakhir BUY pada 08:08:37 (4 menit lalu)
[2026-07-03 08:12:37] Validasi gagal / keputusan WAIT. Tidak ada eksekusi.
[2026-07-03 08:13:38] Siklus Menit Baru. Harga BTC Terakhir (OKX): $61579.90
[ANALIS] State: BULLISH | EMA13/34: $61481.4/$61415.4 | VWAP Sesi: $61379.78 | Vol Surge: 0.5x | BB50: [$61209.24 - $61523.80] | Tren 15m: BULLISH
[DEBUG] EMA streak: 0 | EMA13: 61481.38 | EMA34: 61415.44 | Selisih: 65.94
[ANALIS-TRENDING] Quant Golden Cross (EMA13 > EMA34), Di atas VWAP ($61379.78), & Tren 15m Bullish. Sinyal BUY.
[2026-07-03 08:13:38] Keputusan analis: Buy(0.0020465683234227503, "[Trending] Quant EMA13/34 Buy (Vol 0.5x)")
[2026-07-03 08:13:38] Mengeksekusi transaksi...
[2026-07-03 08:13:38] Eksekusi sukses. Saldo: $503.98, BTC: 0.0078
[2026-07-03 08:14:38] Siklus Menit Baru. Harga BTC Terakhir (OKX): $61662.40
[ANALIS] State: BULLISH | EMA13/34: $61515.7/$61433.0 | VWAP Sesi: $61386.09 | Vol Surge: 1.7x | BB50: [$61188.91 - $61558.90] | Tren 15m: BULLISH
[DEBUG] EMA streak: 0 | EMA13: 61515.65 | EMA34: 61432.95 | Selisih: 82.70
[ANALIS-TRENDING] Quant Golden Cross (EMA13 > EMA34), Di atas VWAP ($61386.09), & Tren 15m Bullish. Sinyal BUY.
[2026-07-03 08:14:38] Keputusan analis: Buy(0.00163465535991289, "[Trending] Quant EMA13/34 Buy (Vol 1.7x)")
Mencegah transaksi berulang (Cool-down aktif). Aksi terakhir BUY pada 08:13:38 (1 menit lalu)
[2026-07-03 08:14:38] Validasi gagal / keputusan WAIT. Tidak ada eksekusi.
[2026-07-03 08:15:38] Siklus Menit Baru. Harga BTC Terakhir (OKX): $61643.50
[ANALIS] State: BULLISH | EMA13/34: $61529.4/$61443.0 | VWAP Sesi: $61386.65 | Vol Surge: 0.4x | BB50: [$61183.24 - $61574.59] | Tren 15m: BULLISH
[DEBUG] EMA streak: 0 | EMA13: 61529.41 | EMA34: 61443.02 | Selisih: 86.39
[ANALIS-TRENDING] Quant Golden Cross (EMA13 > EMA34), Di atas VWAP ($61386.65), & Tren 15m Bullish. Sinyal BUY.
[2026-07-03 08:15:38] Keputusan analis: Buy(0.0016351565479749298, "[Trending] Quant EMA13/34 Buy (Vol 0.4x)")
Mencegah transaksi berulang (Cool-down aktif). Aksi terakhir BUY pada 08:13:38 (2 menit lalu)
[2026-07-03 08:15:38] Validasi gagal / keputusan WAIT. Tidak ada eksekusi.
[2026-07-03 08:16:38] Siklus Menit Baru. Harga BTC Terakhir (OKX): $61526.50
[ANALIS] State: BULLISH | EMA13/34: $61526.8/$61446.4 | VWAP Sesi: $61388.06 | Vol Surge: 0.3x | BB50: [$61184.30 - $61579.56] | Tren 15m: BULLISH
[DEBUG] EMA streak: 0 | EMA13: 61526.80 | EMA34: 61446.37 | Selisih: 80.43
[ANALIS-TRENDING] Quant Golden Cross (EMA13 > EMA34), Di atas VWAP ($61388.06), & Tren 15m Bullish. Sinyal BUY.
[2026-07-03 08:16:38] Keputusan analis: Buy(0.0016382659937602918, "[Trending] Quant EMA13/34 Buy (Vol 0.3x)")
Mencegah transaksi berulang (Cool-down aktif). Aksi terakhir BUY pada 08:13:38 (3 menit lalu)
[2026-07-03 08:16:38] Validasi gagal / keputusan WAIT. Tidak ada eksekusi.
[2026-07-03 08:17:38] Siklus Menit Baru. Harga BTC Terakhir (OKX): $61525.50
[ANALIS] State: BULLISH | EMA13/34: $61523.6/$61448.6 | VWAP Sesi: $61388.43 | Vol Surge: 0.3x | BB50: [$61184.91 - $61585.03] | Tren 15m: BULLISH
[DEBUG] EMA streak: 0 | EMA13: 61523.58 | EMA34: 61448.56 | Selisih: 75.01
[ANALIS-TRENDING] Quant Golden Cross (EMA13 > EMA34), Di atas VWAP ($61388.43), & Tren 15m Bullish. Sinyal BUY.
[2026-07-03 08:17:38] Keputusan analis: Buy(0.0016382926211910929, "[Trending] Quant EMA13/34 Buy (Vol 0.3x)")
Mencegah transaksi berulang (Cool-down aktif). Aksi terakhir BUY pada 08:13:38 (4 menit lalu)
[2026-07-03 08:17:38] Validasi gagal / keputusan WAIT. Tidak ada eksekusi.
[2026-07-03 08:18:38] Siklus Menit Baru. Harga BTC Terakhir (OKX): $61522.90
[ANALIS] State: BULLISH | EMA13/34: $61520.8/$61450.1 | VWAP Sesi: $61388.62 | Vol Surge: 0.2x | BB50: [$61186.42 - $61590.39] | Tren 15m: BULLISH
[DEBUG] EMA streak: 0 | EMA13: 61520.78 | EMA34: 61450.07 | Selisih: 70.71
[ANALIS-TRENDING] Quant Golden Cross (EMA13 > EMA34), Di atas VWAP ($61388.62), & Tren 15m Bullish. Sinyal BUY.
[2026-07-03 08:18:38] Keputusan analis: Buy(0.0016383618565622327, "[Trending] Quant EMA13/34 Buy (Vol 0.2x)")
Max pyramiding (3 layer) tercapai. Tunggu siklus selesai (posisi aktif saat ini: 3).
[2026-07-03 08:18:38] Validasi gagal / keputusan WAIT. Tidak ada eksekusi.
[2026-07-03 08:19:38] Siklus Menit Baru. Harga BTC Terakhir (OKX): $61523.10
[ANALIS] State: BULLISH | EMA13/34: $61523.1/$61452.9 | VWAP Sesi: $61389.14 | Vol Surge: 0.2x | BB50: [$61188.49 - $61597.91] | Tren 15m: BULLISH
[DEBUG] EMA streak: 0 | EMA13: 61523.14 | EMA34: 61452.95 | Selisih: 70.19
[ANALIS-TRENDING] Quant Golden Cross (EMA13 > EMA34), Di atas VWAP ($61389.14), & Tren 15m Bullish. Sinyal BUY.
[2026-07-03 08:19:38] Keputusan analis: Buy(0.0016383565305566948, "[Trending] Quant EMA13/34 Buy (Vol 0.2x)")
Max pyramiding (3 layer) tercapai. Tunggu siklus selesai (posisi aktif saat ini: 3).
[2026-07-03 08:19:38] Validasi gagal / keputusan WAIT. Tidak ada eksekusi.
[2026-07-03 08:20:39] Siklus Menit Baru. Harga BTC Terakhir (OKX): $61562.70
[ANALIS] State: BULLISH | EMA13/34: $61527.6/$61461.5 | VWAP Sesi: $61389.39 | Vol Surge: 0.2x | BB50: [$61193.11 - $61605.05] | Tren 15m: BULLISH
[DEBUG] EMA streak: 0 | EMA13: 61527.62 | EMA34: 61461.53 | Selisih: 66.09
[ANALIS-TRENDING] Quant Golden Cross (EMA13 > EMA34), Di atas VWAP ($61389.39), & Tren 15m Bullish. Sinyal BUY.
[2026-07-03 08:20:39] Keputusan analis: Buy(0.0016373026632212784, "[Trending] Quant EMA13/34 Buy (Vol 0.2x)")
Max pyramiding (3 layer) tercapai. Tunggu siklus selesai (posisi aktif saat ini: 3).
[2026-07-03 08:20:39] Validasi gagal / keputusan WAIT. Tidak ada eksekusi.
[2026-07-03 08:21:39] Siklus Menit Baru. Harga BTC Terakhir (OKX): $61583.70
[ANALIS] State: BULLISH | EMA13/34: $61536.7/$61469.7 | VWAP Sesi: $61389.70 | Vol Surge: 0.1x | BB50: [$61193.35 - $61616.03] | Tren 15m: BULLISH
[DEBUG] EMA streak: 0 | EMA13: 61536.74 | EMA34: 61469.73 | Selisih: 67.01
[ANALIS-TRENDING] Quant Golden Cross (EMA13 > EMA34), Di atas VWAP ($61389.70), & Tren 15m Bullish. Sinyal BUY.
[2026-07-03 08:21:39] Keputusan analis: Buy(0.0016367443441217822, "[Trending] Quant EMA13/34 Buy (Vol 0.1x)")
Max pyramiding (3 layer) tercapai. Tunggu siklus selesai (posisi aktif saat ini: 3).
[2026-07-03 08:21:39] Validasi gagal / keputusan WAIT. Tidak ada eksekusi.
[2026-07-03 08:22:39] Siklus Menit Baru. Harga BTC Terakhir (OKX): $61567.50
[ANALIS] State: BULLISH | EMA13/34: $61543.6/$61473.8 | VWAP Sesi: $61390.83 | Vol Surge: 0.3x | BB50: [$61193.59 - $61626.26] | Tren 15m: BULLISH
[DEBUG] EMA streak: 0 | EMA13: 61543.61 | EMA34: 61473.80 | Selisih: 69.81
[ANALIS-TRENDING] Quant Golden Cross (EMA13 > EMA34), Di atas VWAP ($61390.83), & Tren 15m Bullish. Sinyal BUY.
[2026-07-03 08:22:39] Keputusan analis: Buy(0.001637175013848095, "[Trending] Quant EMA13/34 Buy (Vol 0.3x)")
Max pyramiding (3 layer) tercapai. Tunggu siklus selesai (posisi aktif saat ini: 3).
[2026-07-03 08:22:39] Validasi gagal / keputusan WAIT. Tidak ada eksekusi.
[2026-07-03 08:23:39] Siklus Menit Baru. Harga BTC Terakhir (OKX): $61609.30
[ANALIS] State: BULLISH | EMA13/34: $61551.4/$61479.4 | VWAP Sesi: $61392.13 | Vol Surge: 1.0x | BB50: [$61197.04 - $61635.59] | Tren 15m: BULLISH
[DEBUG] EMA streak: 0 | EMA13: 61551.38 | EMA34: 61479.43 | Selisih: 71.95
[ANALIS-TRENDING] Quant Golden Cross (EMA13 > EMA34), Di atas VWAP ($61392.13), & Tren 15m Bullish. Sinyal BUY.
[2026-07-03 08:23:39] Keputusan analis: Buy(0.0016360642413579213, "[Trending] Quant EMA13/34 Buy (Vol 1.0x)")
Max pyramiding (3 layer) tercapai. Tunggu siklus selesai (posisi aktif saat ini: 3).
[2026-07-03 08:23:39] Validasi gagal / keputusan WAIT. Tidak ada eksekusi.
[2026-07-03 08:24:39] Siklus Menit Baru. Harga BTC Terakhir (OKX): $61606.50
[ANALIS] State: BULLISH | EMA13/34: $61556.5/$61486.4 | VWAP Sesi: $61392.35 | Vol Surge: 0.2x | BB50: [$61204.08 - $61641.90] | Tren 15m: BULLISH
[DEBUG] EMA streak: 0 | EMA13: 61556.47 | EMA34: 61486.37 | Selisih: 70.10
[ANALIS-TRENDING] Quant Golden Cross (EMA13 > EMA34), Di atas VWAP ($61392.35), & Tren 15m Bullish. Sinyal BUY.
[2026-07-03 08:24:39] Keputusan analis: Buy(0.0016361386000680544, "[Trending] Quant EMA13/34 Buy (Vol 0.2x)")
Max pyramiding (3 layer) tercapai. Tunggu siklus selesai (posisi aktif saat ini: 3).
[2026-07-03 08:24:39] Validasi gagal / keputusan WAIT. Tidak ada eksekusi.
[2026-07-03 08:25:39] Siklus Menit Baru. Harga BTC Terakhir (OKX): $61612.20
[ANALIS] State: BULLISH | EMA13/34: $61565.1/$61495.3 | VWAP Sesi: $61392.73 | Vol Surge: 0.3x | BB50: [$61209.09 - $61650.89] | Tren 15m: BULLISH
[DEBUG] EMA streak: 0 | EMA13: 61565.05 | EMA34: 61495.26 | Selisih: 69.79
[ANALIS-TRENDING] Quant Golden Cross (EMA13 > EMA34), Di atas VWAP ($61392.73), & Tren 15m Bullish. Sinyal BUY.
[2026-07-03 08:25:39] Keputusan analis: Buy(0.001635987234104489, "[Trending] Quant EMA13/34 Buy (Vol 0.3x)")
Max pyramiding (3 layer) tercapai. Tunggu siklus selesai (posisi aktif saat ini: 3).
[2026-07-03 08:25:39] Validasi gagal / keputusan WAIT. Tidak ada eksekusi.
[2026-07-03 08:26:39] Siklus Menit Baru. Harga BTC Terakhir (OKX): $61561.40
[ANALIS] State: BULLISH | EMA13/34: $61559.6/$61495.8 | VWAP Sesi: $61393.02 | Vol Surge: 0.3x | BB50: [$61216.40 - $61652.66] | Tren 15m: BULLISH
[DEBUG] EMA streak: 0 | EMA13: 61559.61 | EMA34: 61495.81 | Selisih: 63.80
[ANALIS-TRENDING] Quant Golden Cross (EMA13 > EMA34), Di atas VWAP ($61393.02), & Tren 15m Bullish. Sinyal BUY.
[2026-07-03 08:26:39] Keputusan analis: Buy(0.0016373372383521588, "[Trending] Quant EMA13/34 Buy (Vol 0.3x)")
Max pyramiding (3 layer) tercapai. Tunggu siklus selesai (posisi aktif saat ini: 3).
[2026-07-03 08:26:39] Validasi gagal / keputusan WAIT. Tidak ada eksekusi.
[2026-07-03 08:27:39] Siklus Menit Baru. Harga BTC Terakhir (OKX): $61568.20
[ANALIS] State: BULLISH | EMA13/34: $61560.8/$61503.8 | VWAP Sesi: $61393.19 | Vol Surge: 0.2x | BB50: [$61224.07 - $61656.72] | Tren 15m: BULLISH
[DEBUG] EMA streak: 0 | EMA13: 61560.76 | EMA34: 61503.80 | Selisih: 56.97
[ANALIS-TRENDING] Quant Golden Cross (EMA13 > EMA34), Di atas VWAP ($61393.19), & Tren 15m Bullish. Sinyal BUY.
[2026-07-03 08:27:39] Keputusan analis: Buy(0.0016371563999774655, "[Trending] Quant EMA13/34 Buy (Vol 0.2x)")
Max pyramiding (3 layer) tercapai. Tunggu siklus selesai (posisi aktif saat ini: 3).
[2026-07-03 08:27:39] Validasi gagal / keputusan WAIT. Tidak ada eksekusi.
[2026-07-03 08:28:40] Siklus Menit Baru. Harga BTC Terakhir (OKX): $61584.20
[ANALIS] State: BULLISH | EMA13/34: $61563.9/$61507.1 | VWAP Sesi: $61393.44 | Vol Surge: 0.3x | BB50: [$61226.82 - $61663.35] | Tren 15m: BEARISH
[DEBUG] EMA streak: 0 | EMA13: 61563.88 | EMA34: 61507.11 | Selisih: 56.77
[ANALIS-TRENDING] Menunggu konfirmasi streak 2 menit. Saat ini: 1 menit.
[2026-07-03 08:28:40] Keputusan analis: Wait
[2026-07-03 08:28:40] Validasi gagal / keputusan WAIT. Tidak ada eksekusi.
[2026-07-03 08:29:40] Siklus Menit Baru. Harga BTC Terakhir (OKX): $61589.60
[ANALIS] State: BULLISH | EMA13/34: $61568.2/$61513.3 | VWAP Sesi: $61393.93 | Vol Surge: 0.0x | BB50: [$61231.00 - $61669.93] | Tren 15m: BEARISH
[DEBUG] EMA streak: 1 | EMA13: 61568.17 | EMA34: 61513.29 | Selisih: 54.88
[ANALIS-TRENDING] Sinyal melemah/Death Cross terkonfirmasi 2 menit berturut. Sinyal SELL.
[2026-07-03 08:29:40] Keputusan analis: Sell(0.007818180310698185, "[Trending] Quant EMA13/34 Sell Confirmed (2m streak)")
[2026-07-03 08:29:40] Mengeksekusi transaksi...
[2026-07-03 08:29:40] Eksekusi sukses. Saldo: $985.02, BTC: 0.0000
[2026-07-03 08:30:40] Siklus Menit Baru. Harga BTC Terakhir (OKX): $61523.30
[ANALIS] State: BULLISH | EMA13/34: $61559.1/$61511.9 | VWAP Sesi: $61394.20 | Vol Surge: 0.2x | BB50: [$61236.11 - $61670.96] | Tren 15m: BEARISH
[DEBUG] EMA streak: 0 | EMA13: 61559.12 | EMA34: 61511.94 | Selisih: 47.18
[2026-07-03 08:30:40] Keputusan analis: Wait
[2026-07-03 08:30:40] Validasi gagal / keputusan WAIT. Tidak ada eksekusi.
[2026-07-03 08:31:40] Siklus Menit Baru. Harga BTC Terakhir (OKX): $61551.80
[ANALIS] State: BULLISH | EMA13/34: $61564.4/$61516.7 | VWAP Sesi: $61394.48 | Vol Surge: 0.4x | BB50: [$61240.82 - $61677.04] | Tren 15m: BULLISH
[DEBUG] EMA streak: 0 | EMA13: 61564.40 | EMA34: 61516.70 | Selisih: 47.70
[ANALIS-TRENDING] Quant Golden Cross (EMA13 > EMA34), Di atas VWAP ($61394.48), & Tren 15m Bullish. Sinyal BUY.
[2026-07-03 08:31:40] Keputusan analis: Buy(0.003200624328748066, "[Trending] Quant EMA13/34 Buy (Vol 0.4x)")
[2026-07-03 08:31:40] Mengeksekusi transaksi...
[2026-07-03 08:31:40] Eksekusi sukses. Saldo: $787.82, BTC: 0.0032
[2026-07-03 08:32:40] Siklus Menit Baru. Harga BTC Terakhir (OKX): $61567.30
[ANALIS] State: BULLISH | EMA13/34: $61565.4/$61519.5 | VWAP Sesi: $61394.56 | Vol Surge: 0.1x | BB50: [$61246.74 - $61680.88] | Tren 15m: BULLISH
[DEBUG] EMA streak: 0 | EMA13: 61565.41 | EMA34: 61519.54 | Selisih: 45.88
[ANALIS-TRENDING] Quant Golden Cross (EMA13 > EMA34), Di atas VWAP ($61394.56), & Tren 15m Bullish. Sinyal BUY.
[2026-07-03 08:32:40] Keputusan analis: Buy(0.002559214875573178, "[Trending] Quant EMA13/34 Buy (Vol 0.1x)")
Mencegah transaksi berulang (Cool-down aktif). Aksi terakhir BUY pada 08:31:40 (1 menit lalu)
[2026-07-03 08:32:40] Validasi gagal / keputusan WAIT. Tidak ada eksekusi.
[2026-07-03 08:33:40] Siklus Menit Baru. Harga BTC Terakhir (OKX): $61612.40
[ANALIS] State: BULLISH | EMA13/34: $61572.6/$61525.9 | VWAP Sesi: $61394.79 | Vol Surge: 0.2x | BB50: [$61252.46 - $61686.96] | Tren 15m: BULLISH
[DEBUG] EMA streak: 0 | EMA13: 61572.62 | EMA34: 61525.95 | Selisih: 46.67
[ANALIS-TRENDING] Quant Golden Cross (EMA13 > EMA34), Di atas VWAP ($61394.79), & Tren 15m Bullish. Sinyal BUY.
[2026-07-03 08:33:40] Keputusan analis: Buy(0.002557341541781793, "[Trending] Quant EMA13/34 Buy (Vol 0.2x)")
Mencegah transaksi berulang (Cool-down aktif). Aksi terakhir BUY pada 08:31:40 (2 menit lalu)
[2026-07-03 08:33:40] Validasi gagal / keputusan WAIT. Tidak ada eksekusi.
[2026-07-03 08:34:40] Siklus Menit Baru. Harga BTC Terakhir (OKX): $61611.20
[ANALIS] State: BULLISH | EMA13/34: $61574.6/$61528.2 | VWAP Sesi: $61395.08 | Vol Surge: 0.3x | BB50: [$61258.40 - $61690.84] | Tren 15m: BULLISH
[DEBUG] EMA streak: 0 | EMA13: 61574.61 | EMA34: 61528.24 | Selisih: 46.37
[ANALIS-TRENDING] Quant Golden Cross (EMA13 > EMA34), Di atas VWAP ($61395.08), & Tren 15m Bullish. Sinyal BUY.
[2026-07-03 08:34:40] Keputusan analis: Buy(0.002557391351067282, "[Trending] Quant EMA13/34 Buy (Vol 0.3x)")
Mencegah transaksi berulang (Cool-down aktif). Aksi terakhir BUY pada 08:31:40 (3 menit lalu)
[2026-07-03 08:34:40] Validasi gagal / keputusan WAIT. Tidak ada eksekusi.
[2026-07-03 08:35:41] Siklus Menit Baru. Harga BTC Terakhir (OKX): $61658.90
[ANALIS] State: BULLISH | EMA13/34: $61592.0/$61540.3 | VWAP Sesi: $61395.89 | Vol Surge: 0.8x | BB50: [$61262.55 - $61702.06] | Tren 15m: BULLISH
[DEBUG] EMA streak: 0 | EMA13: 61592.01 | EMA34: 61540.35 | Selisih: 51.66
[ANALIS-TRENDING] Quant Golden Cross (EMA13 > EMA34), Di atas VWAP ($61395.89), & Tren 15m Bullish. Sinyal BUY.
[2026-07-03 08:35:41] Keputusan analis: Buy(0.002555412925123162, "[Trending] Quant EMA13/34 Buy (Vol 0.8x)")
Mencegah transaksi berulang (Cool-down aktif). Aksi terakhir BUY pada 08:31:40 (4 menit lalu)
[2026-07-03 08:35:41] Validasi gagal / keputusan WAIT. Tidak ada eksekusi.
[2026-07-03 08:36:41] Siklus Menit Baru. Harga BTC Terakhir (OKX): $61708.40
[ANALIS] State: BULLISH | EMA13/34: $61610.9/$61553.1 | VWAP Sesi: $61397.22 | Vol Surge: 1.2x | BB50: [$61262.54 - $61716.68] | Tren 15m: BULLISH
[DEBUG] EMA streak: 0 | EMA13: 61610.92 | EMA34: 61553.12 | Selisih: 57.79
[ANALIS-TRENDING] Quant Golden Cross (EMA13 > EMA34), Di atas VWAP ($61397.22), & Tren 15m Bullish. Sinyal BUY.
[2026-07-03 08:36:41] Keputusan analis: Buy(0.002553363075511219, "[Trending] Quant EMA13/34 Buy (Vol 1.2x)")
[2026-07-03 08:36:41] Mengeksekusi transaksi...
[2026-07-03 08:36:41] Eksekusi sukses. Saldo: $630.10, BTC: 0.0058
[2026-07-03 08:37:41] Siklus Menit Baru. Harga BTC Terakhir (OKX): $61666.80
[ANALIS] State: BULLISH | EMA13/34: $61619.3/$61558.7 | VWAP Sesi: $61398.11 | Vol Surge: 0.8x | BB50: [$61263.70 - $61726.22] | Tren 15m: BULLISH
[DEBUG] EMA streak: 0 | EMA13: 61619.32 | EMA34: 61558.74 | Selisih: 60.58
[ANALIS-TRENDING] Quant Golden Cross (EMA13 > EMA34), Di atas VWAP ($61398.11), & Tren 15m Bullish. Sinyal BUY.
[2026-07-03 08:37:41] Keputusan analis: Buy(0.002043557428261228, "[Trending] Quant EMA13/34 Buy (Vol 0.8x)")
Mencegah transaksi berulang (Cool-down aktif). Aksi terakhir BUY pada 08:36:41 (1 menit lalu)
[2026-07-03 08:37:41] Validasi gagal / keputusan WAIT. Tidak ada eksekusi.
[2026-07-03 08:38:41] Siklus Menit Baru. Harga BTC Terakhir (OKX): $61685.00
[ANALIS] State: BULLISH | EMA13/34: $61628.0/$61566.0 | VWAP Sesi: $61400.80 | Vol Surge: 2.8x | BB50: [$61266.24 - $61735.53] | Tren 15m: BULLISH
[DEBUG] EMA streak: 0 | EMA13: 61627.97 | EMA34: 61566.05 | Selisih: 61.93
[ANALIS-TRENDING] Quant Golden Cross (EMA13 > EMA34), Di atas VWAP ($61400.80), & Tren 15m Bullish. Sinyal BUY.
[2026-07-03 08:38:41] Keputusan analis: Buy(0.0020429544819177995, "[Trending] Quant EMA13/34 Buy (Vol 2.8x)")
Mencegah transaksi berulang (Cool-down aktif). Aksi terakhir BUY pada 08:36:41 (2 menit lalu)
[2026-07-03 08:38:41] Validasi gagal / keputusan WAIT. Tidak ada eksekusi.
[2026-07-03 08:39:41] Siklus Menit Baru. Harga BTC Terakhir (OKX): $61715.80
[ANALIS] State: BULLISH | EMA13/34: $61641.3/$61575.2 | VWAP Sesi: $61401.80 | Vol Surge: 0.3x | BB50: [$61267.11 - $61747.93] | Tren 15m: BULLISH
[DEBUG] EMA streak: 0 | EMA13: 61641.32 | EMA34: 61575.25 | Selisih: 66.07
[ANALIS-TRENDING] Quant Golden Cross (EMA13 > EMA34), Di atas VWAP ($61401.80), & Tren 15m Bullish. Sinyal BUY.
[2026-07-03 08:39:41] Keputusan analis: Buy(0.002041934921318357, "[Trending] Quant EMA13/34 Buy (Vol 0.3x)")
Mencegah transaksi berulang (Cool-down aktif). Aksi terakhir BUY pada 08:36:41 (3 menit lalu)
[2026-07-03 08:39:41] Validasi gagal / keputusan WAIT. Tidak ada eksekusi.
[2026-07-03 08:40:41] Siklus Menit Baru. Harga BTC Terakhir (OKX): $61716.70
[ANALIS] State: BULLISH | EMA13/34: $61653.0/$61582.4 | VWAP Sesi: $61404.85 | Vol Surge: 2.8x | BB50: [$61268.33 - $61759.86] | Tren 15m: BULLISH
[DEBUG] EMA streak: 0 | EMA13: 61653.04 | EMA34: 61582.38 | Selisih: 70.66
[ANALIS-TRENDING] Quant Golden Cross (EMA13 > EMA34), Di atas VWAP ($61404.85), & Tren 15m Bullish. Sinyal BUY.
[2026-07-03 08:40:41] Keputusan analis: Buy(0.0020419051442656442, "[Trending] Quant EMA13/34 Buy (Vol 2.8x)")
Mencegah transaksi berulang (Cool-down aktif). Aksi terakhir BUY pada 08:36:41 (4 menit lalu)
[2026-07-03 08:40:41] Validasi gagal / keputusan WAIT. Tidak ada eksekusi.
[2026-07-03 08:41:41] Siklus Menit Baru. Harga BTC Terakhir (OKX): $61700.20
[ANALIS] State: BULLISH | EMA13/34: $61659.2/$61588.6 | VWAP Sesi: $61405.99 | Vol Surge: 0.2x | BB50: [$61273.25 - $61767.95] | Tren 15m: BULLISH
[DEBUG] EMA streak: 0 | EMA13: 61659.18 | EMA34: 61588.62 | Selisih: 70.55
[ANALIS-TRENDING] Quant Golden Cross (EMA13 > EMA34), Di atas VWAP ($61405.99), & Tren 15m Bullish. Sinyal BUY.
[2026-07-03 08:41:41] Keputusan analis: Buy(0.0020424511949248053, "[Trending] Quant EMA13/34 Buy (Vol 0.2x)")
[2026-07-03 08:41:41] Mengeksekusi transaksi...
[2026-07-03 08:41:41] Eksekusi sukses. Saldo: $503.95, BTC: 0.0078
[2026-07-03 08:42:42] Siklus Menit Baru. Harga BTC Terakhir (OKX): $61725.70
[ANALIS] State: BULLISH | EMA13/34: $61669.7/$61595.1 | VWAP Sesi: $61408.08 | Vol Surge: 1.7x | BB50: [$61277.64 - $61778.31] | Tren 15m: BULLISH
[DEBUG] EMA streak: 0 | EMA13: 61669.66 | EMA34: 61595.06 | Selisih: 74.60
[ANALIS-TRENDING] Quant Golden Cross (EMA13 > EMA34), Di atas VWAP ($61408.08), & Tren 15m Bullish. Sinyal BUY.
[2026-07-03 08:42:42] Keputusan analis: Buy(0.0016328776157133278, "[Trending] Quant EMA13/34 Buy (Vol 1.7x)")
Mencegah transaksi berulang (Cool-down aktif). Aksi terakhir BUY pada 08:41:41 (1 menit lalu)
[2026-07-03 08:42:42] Validasi gagal / keputusan WAIT. Tidak ada eksekusi.
[2026-07-03 08:43:42] Siklus Menit Baru. Harga BTC Terakhir (OKX): $61685.90
[ANALIS] State: BULLISH | EMA13/34: $61673.5/$61601.6 | VWAP Sesi: $61409.62 | Vol Surge: 0.8x | BB50: [$61286.92 - $61783.74] | Tren 15m: BULLISH
[DEBUG] EMA streak: 0 | EMA13: 61673.47 | EMA34: 61601.61 | Selisih: 71.86
[ANALIS-TRENDING] Quant Golden Cross (EMA13 > EMA34), Di atas VWAP ($61409.62), & Tren 15m Bullish. Sinyal BUY.
[2026-07-03 08:43:42] Keputusan analis: Buy(0.0016339311551624627, "[Trending] Quant EMA13/34 Buy (Vol 0.8x)")
Mencegah transaksi berulang (Cool-down aktif). Aksi terakhir BUY pada 08:41:41 (2 menit lalu)
[2026-07-03 08:43:42] Validasi gagal / keputusan WAIT. Tidak ada eksekusi.
[2026-07-03 08:44:42] Siklus Menit Baru. Harga BTC Terakhir (OKX): $61666.50
[ANALIS] State: BULLISH | EMA13/34: $61672.1/$61606.0 | VWAP Sesi: $61409.78 | Vol Surge: 0.2x | BB50: [$61296.96 - $61786.49] | Tren 15m: BULLISH
[DEBUG] EMA streak: 0 | EMA13: 61672.10 | EMA34: 61606.03 | Selisih: 66.07
[ANALIS-TRENDING] Quant Golden Cross (EMA13 > EMA34), Di atas VWAP ($61409.78), & Tren 15m Bullish. Sinyal BUY.
[2026-07-03 08:44:42] Keputusan analis: Buy(0.0016344451824610794, "[Trending] Quant EMA13/34 Buy (Vol 0.2x)")
Mencegah transaksi berulang (Cool-down aktif). Aksi terakhir BUY pada 08:41:41 (3 menit lalu)
[2026-07-03 08:44:42] Validasi gagal / keputusan WAIT. Tidak ada eksekusi.
[2026-07-03 08:45:42] Siklus Menit Baru. Harga BTC Terakhir (OKX): $61625.10
[ANALIS] State: BULLISH | EMA13/34: $61665.8/$61606.6 | VWAP Sesi: $61410.50 | Vol Surge: 0.7x | BB50: [$61306.68 - $61787.51] | Tren 15m: BULLISH
[DEBUG] EMA streak: 0 | EMA13: 61665.84 | EMA34: 61606.55 | Selisih: 59.29
[ANALIS-TRENDING] Quant Golden Cross (EMA13 > EMA34), Di atas VWAP ($61410.50), & Tren 15m Bullish. Sinyal BUY.
[2026-07-03 08:45:42] Keputusan analis: Buy(0.0016355432095726606, "[Trending] Quant EMA13/34 Buy (Vol 0.7x)")
Mencegah transaksi berulang (Cool-down aktif). Aksi terakhir BUY pada 08:41:41 (4 menit lalu)
[2026-07-03 08:45:42] Validasi gagal / keputusan WAIT. Tidak ada eksekusi.
[2026-07-03 08:46:42] Siklus Menit Baru. Harga BTC Terakhir (OKX): $61647.10
[ANALIS] State: BULLISH | EMA13/34: $61664.1/$61607.9 | VWAP Sesi: $61410.69 | Vol Surge: 0.2x | BB50: [$61318.11 - $61788.44] | Tren 15m: BULLISH
[DEBUG] EMA streak: 0 | EMA13: 61664.06 | EMA34: 61607.92 | Selisih: 56.14
[ANALIS-TRENDING] Quant Golden Cross (EMA13 > EMA34), Di atas VWAP ($61410.69), & Tren 15m Bullish. Sinyal BUY.
[2026-07-03 08:46:42] Keputusan analis: Buy(0.0016349595332827685, "[Trending] Quant EMA13/34 Buy (Vol 0.2x)")
Max pyramiding (3 layer) tercapai. Tunggu siklus selesai (posisi aktif saat ini: 3).
[2026-07-03 08:46:42] Validasi gagal / keputusan WAIT. Tidak ada eksekusi.
[2026-07-03 08:47:42] Siklus Menit Baru. Harga BTC Terakhir (OKX): $61626.00
[ANALIS] State: BULLISH | EMA13/34: $61658.9/$61608.4 | VWAP Sesi: $61410.94 | Vol Surge: 0.3x | BB50: [$61332.98 - $61785.91] | Tren 15m: BULLISH
[DEBUG] EMA streak: 0 | EMA13: 61658.86 | EMA34: 61608.36 | Selisih: 50.50
[ANALIS-TRENDING] Quant Golden Cross (EMA13 > EMA34), Di atas VWAP ($61410.94), & Tren 15m Bullish. Sinyal BUY.
[2026-07-03 08:47:42] Keputusan analis: Buy(0.0016355193237308305, "[Trending] Quant EMA13/34 Buy (Vol 0.3x)")
Max pyramiding (3 layer) tercapai. Tunggu siklus selesai (posisi aktif saat ini: 3).
[2026-07-03 08:47:42] Validasi gagal / keputusan WAIT. Tidak ada eksekusi.
[2026-07-03 08:48:42] Siklus Menit Baru. Harga BTC Terakhir (OKX): $61641.00
[ANALIS] State: BULLISH | EMA13/34: $61656.4/$61610.0 | VWAP Sesi: $61411.07 | Vol Surge: 0.1x | BB50: [$61350.48 - $61781.83] | Tren 15m: BULLISH
[DEBUG] EMA streak: 0 | EMA13: 61656.38 | EMA34: 61610.04 | Selisih: 46.34
[ANALIS-TRENDING] Quant Golden Cross (EMA13 > EMA34), Di atas VWAP ($61411.07), & Tren 15m Bullish. Sinyal BUY.
[2026-07-03 08:48:42] Keputusan analis: Buy(0.0016351213290543007, "[Trending] Quant EMA13/34 Buy (Vol 0.1x)")
Max pyramiding (3 layer) tercapai. Tunggu siklus selesai (posisi aktif saat ini: 3).
[2026-07-03 08:48:42] Validasi gagal / keputusan WAIT. Tidak ada eksekusi.
[2026-07-03 08:49:42] Siklus Menit Baru. Harga BTC Terakhir (OKX): $61654.70
[ANALIS] State: BULLISH | EMA13/34: $61656.5/$61614.0 | VWAP Sesi: $61411.83 | Vol Surge: 0.9x | BB50: [$61369.78 - $61776.75] | Tren 15m: BULLISH
[DEBUG] EMA streak: 0 | EMA13: 61656.53 | EMA34: 61614.02 | Selisih: 42.51
[ANALIS-TRENDING] Quant Golden Cross (EMA13 > EMA34), Di atas VWAP ($61411.83), & Tren 15m Bullish. Sinyal BUY.
[2026-07-03 08:49:42] Keputusan analis: Buy(0.0016347579964582776, "[Trending] Quant EMA13/34 Buy (Vol 0.9x)")
Max pyramiding (3 layer) tercapai. Tunggu siklus selesai (posisi aktif saat ini: 3).
[2026-07-03 08:49:42] Validasi gagal / keputusan WAIT. Tidak ada eksekusi.
[2026-07-03 08:50:43] Siklus Menit Baru. Harga BTC Terakhir (OKX): $61637.10
[ANALIS] State: BULLISH | EMA13/34: $61653.7/$61613.9 | VWAP Sesi: $61412.21 | Vol Surge: 0.1x | BB50: [$61387.94 - $61771.01] | Tren 15m: BEARISH
[DEBUG] EMA streak: 0 | EMA13: 61653.71 | EMA34: 61613.92 | Selisih: 39.79
[ANALIS-TRENDING] Menunggu konfirmasi streak 2 menit. Saat ini: 1 menit.
[2026-07-03 08:50:43] Keputusan analis: Wait
[2026-07-03 08:50:43] Validasi gagal / keputusan WAIT. Tidak ada eksekusi.
[2026-07-03 08:51:43] Siklus Menit Baru. Harga BTC Terakhir (OKX): $61623.00
[ANALIS] State: BULLISH | EMA13/34: $61650.8/$61616.8 | VWAP Sesi: $61412.30 | Vol Surge: 0.1x | BB50: [$61411.54 - $61760.83] | Tren 15m: BEARISH
[DEBUG] EMA streak: 1 | EMA13: 61650.81 | EMA34: 61616.82 | Selisih: 33.99
[ANALIS-TRENDING] Sinyal melemah/Death Cross terkonfirmasi 2 menit berturut. Sinyal SELL.
[2026-07-03 08:51:43] Keputusan analis: Sell(0.0077964385991840905, "[Trending] Quant EMA13/34 Sell Confirmed (2m streak)")
Mencegah Whipsaw (Holding time < 15 menit). Beli terakhir 10 menit lalu. Sinyal normal ([Trending] Quant EMA13/34 Sell Confirmed (2m streak)) diabaikan.
[2026-07-03 08:51:43] Validasi gagal / keputusan WAIT. Tidak ada eksekusi.
[2026-07-03 08:52:43] Siklus Menit Baru. Harga BTC Terakhir (OKX): $61641.50
[ANALIS] State: BULLISH | EMA13/34: $61649.7/$61620.7 | VWAP Sesi: $61413.25 | Vol Surge: 0.8x | BB50: [$61432.86 - $61751.94] | Tren 15m: BEARISH
[DEBUG] EMA streak: 0 | EMA13: 61649.69 | EMA34: 61620.66 | Selisih: 29.04
[ANALIS-TRENDING] Menunggu konfirmasi streak 2 menit. Saat ini: 1 menit.
[2026-07-03 08:52:43] Keputusan analis: Wait
[2026-07-03 08:52:43] Validasi gagal / keputusan WAIT. Tidak ada eksekusi.
[2026-07-03 08:53:43] Siklus Menit Baru. Harga BTC Terakhir (OKX): $61639.90
[ANALIS] State: BULLISH | EMA13/34: $61650.3/$61625.2 | VWAP Sesi: $61413.45 | Vol Surge: 0.2x | BB50: [$61449.86 - $61746.12] | Tren 15m: BEARISH
[DEBUG] EMA streak: 1 | EMA13: 61650.35 | EMA34: 61625.16 | Selisih: 25.19
[ANALIS-TRENDING] Sinyal melemah/Death Cross terkonfirmasi 2 menit berturut. Sinyal SELL.
[2026-07-03 08:53:43] Keputusan analis: Sell(0.0077964385991840905, "[Trending] Quant EMA13/34 Sell Confirmed (2m streak)")
Mencegah Whipsaw (Holding time < 15 menit). Beli terakhir 12 menit lalu. Sinyal normal ([Trending] Quant EMA13/34 Sell Confirmed (2m streak)) diabaikan.
[2026-07-03 08:53:43] Validasi gagal / keputusan WAIT. Tidak ada eksekusi.
[2026-07-03 08:54:43] Siklus Menit Baru. Harga BTC Terakhir (OKX): $61635.90
[ANALIS] State: BULLISH | EMA13/34: $61648.3/$61629.3 | VWAP Sesi: $61413.51 | Vol Surge: 0.1x | BB50: [$61462.32 - $61742.12] | Tren 15m: BEARISH
[DEBUG] EMA streak: 0 | EMA13: 61648.30 | EMA34: 61629.28 | Selisih: 19.02
[ANALIS-TRENDING] Menunggu konfirmasi streak 2 menit. Saat ini: 1 menit.
[2026-07-03 08:54:43] Keputusan analis: Wait
[2026-07-03 08:54:43] Validasi gagal / keputusan WAIT. Tidak ada eksekusi.
[2026-07-03 08:55:43] Siklus Menit Baru. Harga BTC Terakhir (OKX): $61651.00
[ANALIS] State: BULLISH | EMA13/34: $61649.2/$61628.7 | VWAP Sesi: $61413.59 | Vol Surge: 0.1x | BB50: [$61468.56 - $61742.47] | Tren 15m: BEARISH
[DEBUG] EMA streak: 1 | EMA13: 61649.25 | EMA34: 61628.66 | Selisih: 20.58
[ANALIS-TRENDING] Sinyal melemah/Death Cross terkonfirmasi 2 menit berturut. Sinyal SELL.
[2026-07-03 08:55:43] Keputusan analis: Sell(0.0077964385991840905, "[Trending] Quant EMA13/34 Sell Confirmed (2m streak)")
Mencegah Whipsaw (Holding time < 15 menit). Beli terakhir 14 menit lalu. Sinyal normal ([Trending] Quant EMA13/34 Sell Confirmed (2m streak)) diabaikan.
[2026-07-03 08:55:43] Validasi gagal / keputusan WAIT. Tidak ada eksekusi.
[2026-07-03 08:56:43] Siklus Menit Baru. Harga BTC Terakhir (OKX): $61639.50
[ANALIS] State: BULLISH | EMA13/34: $61647.6/$61629.8 | VWAP Sesi: $61413.66 | Vol Surge: 0.1x | BB50: [$61479.38 - $61739.10] | Tren 15m: BEARISH
[DEBUG] EMA streak: 0 | EMA13: 61647.57 | EMA34: 61629.82 | Selisih: 17.74
[ANALIS-TRENDING] Menunggu konfirmasi streak 2 menit. Saat ini: 1 menit.
[2026-07-03 08:56:43] Keputusan analis: Wait
[2026-07-03 08:56:43] Validasi gagal / keputusan WAIT. Tidak ada eksekusi.
[2026-07-03 08:57:44] Siklus Menit Baru. Harga BTC Terakhir (OKX): $61634.50
[ANALIS] State: BULLISH | EMA13/34: $61646.1/$61633.1 | VWAP Sesi: $61413.72 | Vol Surge: 0.1x | BB50: [$61489.49 - $61735.94] | Tren 15m: BEARISH
[DEBUG] EMA streak: 1 | EMA13: 61646.08 | EMA34: 61633.12 | Selisih: 12.96
[ANALIS-TRENDING] Sinyal melemah/Death Cross terkonfirmasi 2 menit berturut. Sinyal SELL.
[2026-07-03 08:57:44] Keputusan analis: Sell(0.0077964385991840905, "[Trending] Quant EMA13/34 Sell Confirmed (2m streak)")
[2026-07-03 08:57:44] Mengeksekusi transaksi...
[2026-07-03 08:57:44] Eksekusi sukses. Saldo: $984.00, BTC: 0.0000
[2026-07-03 08:58:44] Siklus Menit Baru. Harga BTC Terakhir (OKX): $61628.80
[ANALIS] State: BULLISH | EMA13/34: $61642.2/$61633.3 | VWAP Sesi: $61413.74 | Vol Surge: 0.0x | BB50: [$61494.52 - $61734.88] | Tren 15m: BEARISH
[DEBUG] EMA streak: 0 | EMA13: 61642.21 | EMA34: 61633.31 | Selisih: 8.90
[2026-07-03 08:58:44] Keputusan analis: Wait
[2026-07-03 08:58:44] Validasi gagal / keputusan WAIT. Tidak ada eksekusi.
[2026-07-03 08:59:44] Siklus Menit Baru. Harga BTC Terakhir (OKX): $61592.10
[ANALIS] State: BULLISH | EMA13/34: $61634.8/$61629.8 | VWAP Sesi: $61413.88 | Vol Surge: 0.3x | BB50: [$61497.40 - $61734.09] | Tren 15m: BEARISH
[DEBUG] EMA streak: 0 | EMA13: 61634.82 | EMA34: 61629.76 | Selisih: 5.07
[2026-07-03 08:59:44] Keputusan analis: Wait
[2026-07-03 08:59:44] Validasi gagal / keputusan WAIT. Tidak ada eksekusi.
[2026-07-03 09:00:44] Siklus Menit Baru. Harga BTC Terakhir (OKX): $61607.00
[ANALIS] State: BULLISH | EMA13/34: $61630.7/$61628.3 | VWAP Sesi: $61414.06 | Vol Surge: 0.3x | BB50: [$61502.51 - $61732.52] | Tren 15m: BEARISH
[DEBUG] EMA streak: 0 | EMA13: 61630.70 | EMA34: 61628.29 | Selisih: 2.41
[2026-07-03 09:00:44] Keputusan analis: Wait
[2026-07-03 09:00:44] Validasi gagal / keputusan WAIT. Tidak ada eksekusi.
[2026-07-03 09:01:44] Siklus Menit Baru. Harga BTC Terakhir (OKX): $61593.90
[ANALIS] State: BEARISH | EMA13/34: $61625.6/$61627.8 | VWAP Sesi: $61414.12 | Vol Surge: 0.1x | BB50: [$61507.65 - $61730.57] | Tren 15m: BEARISH
[DEBUG] EMA streak: 0 | EMA13: 61625.61 | EMA34: 61627.76 | Selisih: -2.14
[2026-07-03 09:01:44] Keputusan analis: Wait
[2026-07-03 09:01:44] Validasi gagal / keputusan WAIT. Tidak ada eksekusi.
[2026-07-03 09:02:44] Siklus Menit Baru. Harga BTC Terakhir (OKX): $61615.60
[ANALIS] State: BEARISH | EMA13/34: $61624.7/$61632.6 | VWAP Sesi: $61414.29 | Vol Surge: 0.2x | BB50: [$61511.42 - $61729.90] | Tren 15m: BEARISH
[DEBUG] EMA streak: 0 | EMA13: 61624.66 | EMA34: 61632.57 | Selisih: -7.91
[2026-07-03 09:02:44] Keputusan analis: Wait
[2026-07-03 09:02:44] Validasi gagal / keputusan WAIT. Tidak ada eksekusi.
[2026-07-03 09:03:44] Siklus Menit Baru. Harga BTC Terakhir (OKX): $61583.60
[ANALIS] State: BEARISH | EMA13/34: $61618.7/$61629.1 | VWAP Sesi: $61414.76 | Vol Surge: 1.0x | BB50: [$61509.95 - $61728.97] | Tren 15m: BEARISH
[DEBUG] EMA streak: 0 | EMA13: 61618.66 | EMA34: 61629.11 | Selisih: -10.45
[2026-07-03 09:03:44] Keputusan analis: Wait
[2026-07-03 09:03:44] Validasi gagal / keputusan WAIT. Tidak ada eksekusi.
[2026-07-03 09:04:45] Siklus Menit Baru. Harga BTC Terakhir (OKX): $61583.90
[ANALIS] State: BEARISH | EMA13/34: $61613.4/$61625.7 | VWAP Sesi: $61416.37 | Vol Surge: 3.4x | BB50: [$61508.54 - $61728.44] | Tren 15m: BEARISH
[DEBUG] EMA streak: 0 | EMA13: 61613.44 | EMA34: 61625.66 | Selisih: -12.22
[2026-07-03 09:04:45] Keputusan analis: Wait
[2026-07-03 09:04:45] Validasi gagal / keputusan WAIT. Tidak ada eksekusi.
[2026-07-03 09:05:45] Siklus Menit Baru. Harga BTC Terakhir (OKX): $61603.60
[ANALIS] State: BEARISH | EMA13/34: $61613.5/$61619.3 | VWAP Sesi: $61416.66 | Vol Surge: 0.3x | BB50: [$61508.74 - $61728.22] | Tren 15m: BEARISH
[DEBUG] EMA streak: 0 | EMA13: 61613.53 | EMA34: 61619.28 | Selisih: -5.75
[2026-07-03 09:05:45] Keputusan analis: Wait
[2026-07-03 09:05:45] Validasi gagal / keputusan WAIT. Tidak ada eksekusi.
[2026-07-03 09:06:45] Siklus Menit Baru. Harga BTC Terakhir (OKX): $61545.10
[ANALIS] State: BEARISH | EMA13/34: $61597.2/$61612.4 | VWAP Sesi: $61419.93 | Vol Surge: 0.7x | BB50: [$61509.42 - $61726.94] | Tren 15m: BEARISH
[DEBUG] EMA streak: 0 | EMA13: 61597.17 | EMA34: 61612.37 | Selisih: -15.20
[2026-07-03 09:06:45] Keputusan analis: Wait
[2026-07-03 09:06:45] Validasi gagal / keputusan WAIT. Tidak ada eksekusi.
[2026-07-03 09:07:45] Siklus Menit Baru. Harga BTC Terakhir (OKX): $61551.70
[ANALIS] State: BEARISH | EMA13/34: $61590.7/$61610.2 | VWAP Sesi: $61419.99 | Vol Surge: 0.2x | BB50: [$61512.91 - $61725.09] | Tren 15m: BEARISH
[DEBUG] EMA streak: 0 | EMA13: 61590.68 | EMA34: 61610.23 | Selisih: -19.55
[2026-07-03 09:07:45] Keputusan analis: Wait
[2026-07-03 09:07:45] Validasi gagal / keputusan WAIT. Tidak ada eksekusi.
[2026-07-03 09:08:45] Siklus Menit Baru. Harga BTC Terakhir (OKX): $61599.10
[ANALIS] State: SIDEWAYS | EMA13/34: $61592.1/$61608.4 | VWAP Sesi: $61420.46 | Vol Surge: 1.0x | BB50: [$61516.74 - $61723.85] | Tren 15m: BEARISH
[ANALIS-SIDEWAYS] WAIT - Lebar BB sempit (0.336%).
[2026-07-03 09:08:45] Keputusan analis: Wait
[2026-07-03 09:08:45] Validasi gagal / keputusan WAIT. Tidak ada eksekusi.
[2026-07-03 09:09:45] Siklus Menit Baru. Harga BTC Terakhir (OKX): $61668.30
[ANALIS] State: SIDEWAYS | EMA13/34: $61602.1/$61614.7 | VWAP Sesi: $61420.68 | Vol Surge: 0.3x | BB50: [$61523.62 - $61722.95] | Tren 15m: BULLISH
[ANALIS-SIDEWAYS] WAIT - Lebar BB sempit (0.323%).
[2026-07-03 09:09:45] Keputusan analis: Wait
[2026-07-03 09:09:45] Validasi gagal / keputusan WAIT. Tidak ada eksekusi.
[2026-07-03 09:10:45] Siklus Menit Baru. Harga BTC Terakhir (OKX): $61602.00
[ANALIS] State: SIDEWAYS | EMA13/34: $61602.3/$61615.7 | VWAP Sesi: $61421.21 | Vol Surge: 0.6x | BB50: [$61525.01 - $61722.79] | Tren 15m: BEARISH
[ANALIS-SIDEWAYS] WAIT - Lebar BB sempit (0.321%).
[2026-07-03 09:10:45] Keputusan analis: Wait
[2026-07-03 09:10:45] Validasi gagal / keputusan WAIT. Tidak ada eksekusi.
[2026-07-03 09:11:46] Siklus Menit Baru. Harga BTC Terakhir (OKX): $61560.00
[ANALIS] State: SIDEWAYS | EMA13/34: $61593.3/$61608.6 | VWAP Sesi: $61421.58 | Vol Surge: 1.0x | BB50: [$61521.56 - $61723.52] | Tren 15m: BEARISH
[ANALIS-SIDEWAYS] WAIT - Lebar BB sempit (0.328%).
[2026-07-03 09:11:46] Keputusan analis: Wait
[2026-07-03 09:11:46] Validasi gagal / keputusan WAIT. Tidak ada eksekusi.
[2026-07-03 09:12:46] Siklus Menit Baru. Harga BTC Terakhir (OKX): $61537.40
[ANALIS] State: SIDEWAYS | EMA13/34: $61584.4/$61605.8 | VWAP Sesi: $61421.83 | Vol Surge: 0.9x | BB50: [$61519.61 - $61724.46] | Tren 15m: BEARISH
[ANALIS-SIDEWAYS] WAIT - Lebar BB sempit (0.333%).
[2026-07-03 09:12:46] Keputusan analis: Wait
[2026-07-03 09:12:46] Validasi gagal / keputusan WAIT. Tidak ada eksekusi.
[2026-07-03 09:13:46] Siklus Menit Baru. Harga BTC Terakhir (OKX): $61537.00
[ANALIS] State: BEARISH | EMA13/34: $61577.3/$61603.0 | VWAP Sesi: $61421.93 | Vol Surge: 0.3x | BB50: [$61516.14 - $61725.86] | Tren 15m: BEARISH
[DEBUG] EMA streak: 0 | EMA13: 61577.32 | EMA34: 61603.05 | Selisih: -25.72
[2026-07-03 09:13:46] Keputusan analis: Wait
[2026-07-03 09:13:46] Validasi gagal / keputusan WAIT. Tidak ada eksekusi.
[2026-07-03 09:14:46] Siklus Menit Baru. Harga BTC Terakhir (OKX): $61527.90
[ANALIS] State: BEARISH | EMA13/34: $61570.3/$61596.7 | VWAP Sesi: $61422.12 | Vol Surge: 0.7x | BB50: [$61511.31 - $61727.35] | Tren 15m: BEARISH
[DEBUG] EMA streak: 0 | EMA13: 61570.26 | EMA34: 61596.68 | Selisih: -26.42
[2026-07-03 09:14:46] Keputusan analis: Wait
[2026-07-03 09:14:46] Validasi gagal / keputusan WAIT. Tidak ada eksekusi.
[2026-07-03 09:15:46] Siklus Menit Baru. Harga BTC Terakhir (OKX): $61527.90
[ANALIS] State: BEARISH | EMA13/34: $61564.2/$61592.1 | VWAP Sesi: $61422.17 | Vol Surge: 0.2x | BB50: [$61508.18 - $61728.70] | Tren 15m: BEARISH
[DEBUG] EMA streak: 0 | EMA13: 61564.19 | EMA34: 61592.13 | Selisih: -27.94
[2026-07-03 09:15:46] Keputusan analis: Wait
[2026-07-03 09:15:46] Validasi gagal / keputusan WAIT. Tidak ada eksekusi.
[2026-07-03 09:16:46] Siklus Menit Baru. Harga BTC Terakhir (OKX): $61525.40
[ANALIS] State: BEARISH | EMA13/34: $61558.6/$61588.6 | VWAP Sesi: $61422.24 | Vol Surge: 0.3x | BB50: [$61505.58 - $61729.90] | Tren 15m: BEARISH
[DEBUG] EMA streak: 0 | EMA13: 61558.65 | EMA34: 61588.63 | Selisih: -29.98
[2026-07-03 09:16:46] Keputusan analis: Wait
[2026-07-03 09:16:46] Validasi gagal / keputusan WAIT. Tidak ada eksekusi.
[2026-07-03 09:17:47] Siklus Menit Baru. Harga BTC Terakhir (OKX): $61564.40
[ANALIS] State: BEARISH | EMA13/34: $61558.1/$61587.8 | VWAP Sesi: $61422.47 | Vol Surge: 0.7x | BB50: [$61504.46 - $61730.49] | Tren 15m: BEARISH
[DEBUG] EMA streak: 0 | EMA13: 61558.10 | EMA34: 61587.83 | Selisih: -29.73
[2026-07-03 09:17:47] Keputusan analis: Wait
[2026-07-03 09:17:47] Validasi gagal / keputusan WAIT. Tidak ada eksekusi.
[2026-07-03 09:18:47] Siklus Menit Baru. Harga BTC Terakhir (OKX): $61557.20
[ANALIS] State: BEARISH | EMA13/34: $61556.6/$61584.4 | VWAP Sesi: $61422.55 | Vol Surge: 0.2x | BB50: [$61502.18 - $61731.07] | Tren 15m: BEARISH
[DEBUG] EMA streak: 0 | EMA13: 61556.62 | EMA34: 61584.39 | Selisih: -27.77
[2026-07-03 09:18:47] Keputusan analis: Wait
[2026-07-03 09:18:47] Validasi gagal / keputusan WAIT. Tidak ada eksekusi.
[2026-07-03 09:19:47] Siklus Menit Baru. Harga BTC Terakhir (OKX): $61526.60
[ANALIS] State: BEARISH | EMA13/34: $61551.9/$61581.3 | VWAP Sesi: $61422.95 | Vol Surge: 1.5x | BB50: [$61499.14 - $61732.30] | Tren 15m: BEARISH
[DEBUG] EMA streak: 0 | EMA13: 61551.90 | EMA34: 61581.25 | Selisih: -29.36
[2026-07-03 09:19:47] Keputusan analis: Wait
[2026-07-03 09:19:47] Validasi gagal / keputusan WAIT. Tidak ada eksekusi.
[2026-07-03 09:20:47] Siklus Menit Baru. Harga BTC Terakhir (OKX): $61547.90
[ANALIS] State: BEARISH | EMA13/34: $61552.6/$61578.9 | VWAP Sesi: $61423.06 | Vol Surge: 0.2x | BB50: [$61498.40 - $61732.37] | Tren 15m: BEARISH
[DEBUG] EMA streak: 0 | EMA13: 61552.60 | EMA34: 61578.95 | Selisih: -26.35
[2026-07-03 09:20:47] Keputusan analis: Wait
[2026-07-03 09:20:47] Validasi gagal / keputusan WAIT. Tidak ada eksekusi.
[2026-07-03 09:21:47] Siklus Menit Baru. Harga BTC Terakhir (OKX): $61570.50
[ANALIS] State: BEARISH | EMA13/34: $61555.2/$61579.4 | VWAP Sesi: $61423.17 | Vol Surge: 0.2x | BB50: [$61499.17 - $61732.15] | Tren 15m: BULLISH
[DEBUG] EMA streak: 0 | EMA13: 61555.17 | EMA34: 61579.40 | Selisih: -24.23
[2026-07-03 09:21:47] Keputusan analis: Wait
[2026-07-03 09:21:47] Validasi gagal / keputusan WAIT. Tidak ada eksekusi.
[2026-07-03 09:22:47] Siklus Menit Baru. Harga BTC Terakhir (OKX): $61565.80
[ANALIS] State: BEARISH | EMA13/34: $61556.7/$61579.6 | VWAP Sesi: $61423.32 | Vol Surge: 0.4x | BB50: [$61498.73 - $61732.25] | Tren 15m: BULLISH
[DEBUG] EMA streak: 0 | EMA13: 61556.69 | EMA34: 61579.61 | Selisih: -22.92
[2026-07-03 09:22:47] Keputusan analis: Wait
[2026-07-03 09:22:47] Validasi gagal / keputusan WAIT. Tidak ada eksekusi.
[2026-07-03 09:23:47] Siklus Menit Baru. Harga BTC Terakhir (OKX): $61588.00
[ANALIS] State: BEARISH | EMA13/34: $61562.0/$61583.0 | VWAP Sesi: $61423.39 | Vol Surge: 0.1x | BB50: [$61498.89 - $61732.15] | Tren 15m: BEARISH
[DEBUG] EMA streak: 0 | EMA13: 61562.01 | EMA34: 61582.99 | Selisih: -20.98
[2026-07-03 09:23:47] Keputusan analis: Wait
[2026-07-03 09:23:47] Validasi gagal / keputusan WAIT. Tidak ada eksekusi.
[2026-07-03 09:24:47] Siklus Menit Baru. Harga BTC Terakhir (OKX): $61560.60
[ANALIS] State: BEARISH | EMA13/34: $61561.8/$61583.8 | VWAP Sesi: $61423.65 | Vol Surge: 0.8x | BB50: [$61496.51 - $61731.30] | Tren 15m: BEARISH
[DEBUG] EMA streak: 0 | EMA13: 61561.83 | EMA34: 61583.76 | Selisih: -21.94
[2026-07-03 09:24:47] Keputusan analis: Wait
[2026-07-03 09:24:47] Validasi gagal / keputusan WAIT. Tidak ada eksekusi.
[2026-07-03 09:25:48] Siklus Menit Baru. Harga BTC Terakhir (OKX): $61521.60
[ANALIS] State: BEARISH | EMA13/34: $61554.7/$61581.3 | VWAP Sesi: $61423.75 | Vol Surge: 0.4x | BB50: [$61491.45 - $61729.57] | Tren 15m: BEARISH
[DEBUG] EMA streak: 0 | EMA13: 61554.68 | EMA34: 61581.27 | Selisih: -26.58
[2026-07-03 09:25:48] Keputusan analis: Wait
[2026-07-03 09:25:48] Validasi gagal / keputusan WAIT. Tidak ada eksekusi.
[2026-07-03 09:26:48] Siklus Menit Baru. Harga BTC Terakhir (OKX): $61484.00
[ANALIS] State: BEARISH | EMA13/34: $61545.5/$61573.4 | VWAP Sesi: $61423.88 | Vol Surge: 0.6x | BB50: [$61485.91 - $61726.31] | Tren 15m: BEARISH
[DEBUG] EMA streak: 0 | EMA13: 61545.54 | EMA34: 61573.44 | Selisih: -27.90
[2026-07-03 09:26:48] Keputusan analis: Wait
[2026-07-03 09:26:48] Validasi gagal / keputusan WAIT. Tidak ada eksekusi.
[2026-07-03 09:27:48] Siklus Menit Baru. Harga BTC Terakhir (OKX): $61479.80
[ANALIS] State: BEARISH | EMA13/34: $61536.2/$61569.7 | VWAP Sesi: $61423.93 | Vol Surge: 0.3x | BB50: [$61478.26 - $61726.72] | Tren 15m: BEARISH
[DEBUG] EMA streak: 0 | EMA13: 61536.17 | EMA34: 61569.71 | Selisih: -33.55
[2026-07-03 09:27:48] Keputusan analis: Wait
[2026-07-03 09:27:48] Validasi gagal / keputusan WAIT. Tidak ada eksekusi.
[2026-07-03 09:28:48] Siklus Menit Baru. Harga BTC Terakhir (OKX): $61450.00
[ANALIS] State: BEARISH | EMA13/34: $61523.9/$61564.6 | VWAP Sesi: $61424.01 | Vol Surge: 1.4x | BB50: [$61468.95 - $61726.37] | Tren 15m: BEARISH
[DEBUG] EMA streak: 0 | EMA13: 61523.87 | EMA34: 61564.57 | Selisih: -40.70
[2026-07-03 09:28:48] Keputusan analis: Wait
[2026-07-03 09:28:48] Validasi gagal / keputusan WAIT. Tidak ada eksekusi.
[2026-07-03 09:29:48] Siklus Menit Baru. Harga BTC Terakhir (OKX): $61420.00
[ANALIS] State: BEARISH | EMA13/34: $61508.5/$61555.5 | VWAP Sesi: $61424.03 | Vol Surge: 1.2x | BB50: [$61458.23 - $61724.79] | Tren 15m: BEARISH
[DEBUG] EMA streak: 0 | EMA13: 61508.54 | EMA34: 61555.47 | Selisih: -46.93
[2026-07-03 09:29:48] Keputusan analis: Wait
[2026-07-03 09:29:48] Validasi gagal / keputusan WAIT. Tidak ada eksekusi.
[2026-07-03 09:30:48] Siklus Menit Baru. Harga BTC Terakhir (OKX): $61325.50
[ANALIS] State: BEARISH | EMA13/34: $61480.9/$61541.8 | VWAP Sesi: $61423.16 | Vol Surge: 3.8x | BB50: [$61434.04 - $61733.04] | Tren 15m: BEARISH
[DEBUG] EMA streak: 0 | EMA13: 61480.93 | EMA34: 61541.83 | Selisih: -60.89
[2026-07-03 09:30:48] Keputusan analis: Wait
[2026-07-03 09:30:48] Validasi gagal / keputusan WAIT. Tidak ada eksekusi.
[2026-07-03 09:31:48] Siklus Menit Baru. Harga BTC Terakhir (OKX): $61339.60
[ANALIS] State: BEARISH | EMA13/34: $61460.2/$61531.0 | VWAP Sesi: $61422.95 | Vol Surge: 0.3x | BB50: [$61415.62 - $61736.28] | Tren 15m: BEARISH
[DEBUG] EMA streak: 0 | EMA13: 61460.17 | EMA34: 61530.97 | Selisih: -70.79
[2026-07-03 09:31:48] Keputusan analis: Wait
[2026-07-03 09:31:48] Validasi gagal / keputusan WAIT. Tidak ada eksekusi.
[2026-07-03 09:32:49] Siklus Menit Baru. Harga BTC Terakhir (OKX): $61373.30
[ANALIS] State: BEARISH | EMA13/34: $61449.0/$61519.9 | VWAP Sesi: $61422.91 | Vol Surge: 0.4x | BB50: [$61406.30 - $61731.64] | Tren 15m: BEARISH
[DEBUG] EMA streak: 0 | EMA13: 61448.98 | EMA34: 61519.88 | Selisih: -70.90
[2026-07-03 09:32:49] Keputusan analis: Wait
[2026-07-03 09:32:49] Validasi gagal / keputusan WAIT. Tidak ada eksekusi.
[2026-07-03 09:33:49] Siklus Menit Baru. Harga BTC Terakhir (OKX): $61364.10
[ANALIS] State: BEARISH | EMA13/34: $61435.1/$61509.5 | VWAP Sesi: $61422.83 | Vol Surge: 0.3x | BB50: [$61391.81 - $61732.80] | Tren 15m: BEARISH
[DEBUG] EMA streak: 0 | EMA13: 61435.10 | EMA34: 61509.55 | Selisih: -74.45
[2026-07-03 09:33:49] Keputusan analis: Wait
[2026-07-03 09:33:49] Validasi gagal / keputusan WAIT. Tidak ada eksekusi.
[2026-07-03 09:34:49] Siklus Menit Baru. Harga BTC Terakhir (OKX): $61368.00
[ANALIS] State: BEARISH | EMA13/34: $61426.5/$61500.0 | VWAP Sesi: $61422.79 | Vol Surge: 0.4x | BB50: [$61381.05 - $61731.81] | Tren 15m: BEARISH
[DEBUG] EMA streak: 0 | EMA13: 61426.52 | EMA34: 61500.03 | Selisih: -73.51
[2026-07-03 09:34:49] Keputusan analis: Wait
[2026-07-03 09:34:49] Validasi gagal / keputusan WAIT. Tidak ada eksekusi.
[2026-07-03 09:35:49] Siklus Menit Baru. Harga BTC Terakhir (OKX): $61431.80
[ANALIS] State: BEARISH | EMA13/34: $61432.0/$61499.2 | VWAP Sesi: $61422.76 | Vol Surge: 1.0x | BB50: [$61378.71 - $61727.57] | Tren 15m: BEARISH
[DEBUG] EMA streak: 0 | EMA13: 61431.99 | EMA34: 61499.15 | Selisih: -67.17
[2026-07-03 09:35:49] Keputusan analis: Wait
[2026-07-03 09:35:49] Validasi gagal / keputusan WAIT. Tidak ada eksekusi.
[2026-07-03 09:36:49] Siklus Menit Baru. Harga BTC Terakhir (OKX): $61456.60
[ANALIS] State: BEARISH | EMA13/34: $61434.8/$61494.8 | VWAP Sesi: $61422.81 | Vol Surge: 0.7x | BB50: [$61374.74 - $61723.49] | Tren 15m: BEARISH
[DEBUG] EMA streak: 0 | EMA13: 61434.83 | EMA34: 61494.82 | Selisih: -59.98
[2026-07-03 09:36:49] Keputusan analis: Wait
[2026-07-03 09:36:49] Validasi gagal / keputusan WAIT. Tidak ada eksekusi.
[2026-07-03 09:37:49] Siklus Menit Baru. Harga BTC Terakhir (OKX): $61407.60
[ANALIS] State: BEARISH | EMA13/34: $61430.9/$61491.0 | VWAP Sesi: $61422.80 | Vol Surge: 0.4x | BB50: [$61367.31 - $61722.35] | Tren 15m: BEARISH
[DEBUG] EMA streak: 0 | EMA13: 61430.94 | EMA34: 61490.99 | Selisih: -60.05
[2026-07-03 09:37:49] Keputusan analis: Wait
[2026-07-03 09:37:49] Validasi gagal / keputusan WAIT. Tidak ada eksekusi.
[2026-07-03 09:38:49] Siklus Menit Baru. Harga BTC Terakhir (OKX): $61408.60
[ANALIS] State: BEARISH | EMA13/34: $61426.6/$61486.3 | VWAP Sesi: $61422.77 | Vol Surge: 0.2x | BB50: [$61360.13 - $61719.74] | Tren 15m: BEARISH
[DEBUG] EMA streak: 0 | EMA13: 61426.60 | EMA34: 61486.34 | Selisih: -59.74
[2026-07-03 09:38:49] Keputusan analis: Wait
[2026-07-03 09:38:49] Validasi gagal / keputusan WAIT. Tidak ada eksekusi.
[2026-07-03 09:39:50] Siklus Menit Baru. Harga BTC Terakhir (OKX): $61364.00
[ANALIS] State: BEARISH | EMA13/34: $61417.7/$61479.0 | VWAP Sesi: $61422.44 | Vol Surge: 2.5x | BB50: [$61350.82 - $61717.41] | Tren 15m: BEARISH
[DEBUG] EMA streak: 0 | EMA13: 61417.71 | EMA34: 61478.97 | Selisih: -61.26
[2026-07-03 09:39:50] Keputusan analis: Wait
[2026-07-03 09:39:50] Validasi gagal / keputusan WAIT. Tidak ada eksekusi.
[2026-07-03 09:40:50] Siklus Menit Baru. Harga BTC Terakhir (OKX): $61387.30
[ANALIS] State: BEARISH | EMA13/34: $61415.3/$61473.5 | VWAP Sesi: $61422.52 | Vol Surge: 0.1x | BB50: [$61345.40 - $61713.07] | Tren 15m: BEARISH
[DEBUG] EMA streak: 0 | EMA13: 61415.31 | EMA34: 61473.46 | Selisih: -58.15
[2026-07-03 09:40:50] Keputusan analis: Wait
[2026-07-03 09:40:50] Validasi gagal / keputusan WAIT. Tidak ada eksekusi.
[2026-07-03 09:41:50] Siklus Menit Baru. Harga BTC Terakhir (OKX): $61378.90
[ANALIS] State: BEARISH | EMA13/34: $61408.5/$61469.0 | VWAP Sesi: $61422.35 | Vol Surge: 1.4x | BB50: [$61336.75 - $61711.29] | Tren 15m: BEARISH
[DEBUG] EMA streak: 0 | EMA13: 61408.46 | EMA34: 61469.02 | Selisih: -60.56
[2026-07-03 09:41:50] Keputusan analis: Wait
[2026-07-03 09:41:50] Validasi gagal / keputusan WAIT. Tidak ada eksekusi.
[2026-07-03 09:42:50] Siklus Menit Baru. Harga BTC Terakhir (OKX): $61344.70
[ANALIS] State: BEARISH | EMA13/34: $61399.4/$61461.0 | VWAP Sesi: $61422.32 | Vol Surge: 0.2x | BB50: [$61327.90 - $61707.61] | Tren 15m: BEARISH
[DEBUG] EMA streak: 0 | EMA13: 61399.35 | EMA34: 61460.96 | Selisih: -61.60
[2026-07-03 09:42:50] Keputusan analis: Wait
[2026-07-03 09:42:50] Validasi gagal / keputusan WAIT. Tidak ada eksekusi.
[2026-07-03 09:43:50] Siklus Menit Baru. Harga BTC Terakhir (OKX): $61318.00
[ANALIS] State: BEARISH | EMA13/34: $61385.9/$61452.1 | VWAP Sesi: $61422.18 | Vol Surge: 0.5x | BB50: [$61315.38 - $61706.70] | Tren 15m: BEARISH
[DEBUG] EMA streak: 0 | EMA13: 61385.91 | EMA34: 61452.06 | Selisih: -66.15
[2026-07-03 09:43:50] Keputusan analis: Wait
[2026-07-03 09:43:50] Validasi gagal / keputusan WAIT. Tidak ada eksekusi.
[2026-07-03 09:44:50] Siklus Menit Baru. Harga BTC Terakhir (OKX): $61365.30
[ANALIS] State: BEARISH | EMA13/34: $61384.5/$61448.2 | VWAP Sesi: $61422.18 | Vol Surge: 0.1x | BB50: [$61310.44 - $61701.13] | Tren 15m: BEARISH
[DEBUG] EMA streak: 0 | EMA13: 61384.55 | EMA34: 61448.20 | Selisih: -63.65
[2026-07-03 09:44:50] Keputusan analis: Wait
[2026-07-03 09:44:50] Validasi gagal / keputusan WAIT. Tidak ada eksekusi.
[2026-07-03 09:45:50] Siklus Menit Baru. Harga BTC Terakhir (OKX): $61333.50
[ANALIS] State: BEARISH | EMA13/34: $61377.2/$61441.3 | VWAP Sesi: $61422.16 | Vol Surge: 0.1x | BB50: [$61302.64 - $61696.32] | Tren 15m: BULLISH
[DEBUG] EMA streak: 0 | EMA13: 61377.24 | EMA34: 61441.32 | Selisih: -64.08
[2026-07-03 09:45:50] Keputusan analis: Wait
[2026-07-03 09:45:50] Validasi gagal / keputusan WAIT. Tidak ada eksekusi.
[2026-07-03 09:46:51] Siklus Menit Baru. Harga BTC Terakhir (OKX): $61343.50
[ANALIS] State: BEARISH | EMA13/34: $61374.4/$61435.6 | VWAP Sesi: $61422.12 | Vol Surge: 0.1x | BB50: [$61297.58 - $61690.08] | Tren 15m: BEARISH
[DEBUG] EMA streak: 0 | EMA13: 61374.43 | EMA34: 61435.59 | Selisih: -61.16
[2026-07-03 09:46:51] Keputusan analis: Wait
[2026-07-03 09:46:51] Validasi gagal / keputusan WAIT. Tidak ada eksekusi.
[2026-07-03 09:47:51] Siklus Menit Baru. Harga BTC Terakhir (OKX): $61322.00
[ANALIS] State: BEARISH | EMA13/34: $61367.0/$61429.3 | VWAP Sesi: $61421.80 | Vol Surge: 1.4x | BB50: [$61289.34 - $61686.28] | Tren 15m: BEARISH
[DEBUG] EMA streak: 0 | EMA13: 61366.97 | EMA34: 61429.32 | Selisih: -62.34
[2026-07-03 09:47:51] Keputusan analis: Wait
[2026-07-03 09:47:51] Validasi gagal / keputusan WAIT. Tidak ada eksekusi.
[2026-07-03 09:48:51] Siklus Menit Baru. Harga BTC Terakhir (OKX): $61350.00
[ANALIS] State: BEARISH | EMA13/34: $61365.6/$61423.4 | VWAP Sesi: $61421.65 | Vol Surge: 0.9x | BB50: [$61284.92 - $61679.98] | Tren 15m: BEARISH
[DEBUG] EMA streak: 0 | EMA13: 61365.62 | EMA34: 61423.36 | Selisih: -57.74
[2026-07-03 09:48:51] Keputusan analis: Wait
[2026-07-03 09:48:51] Validasi gagal / keputusan WAIT. Tidak ada eksekusi.
[2026-07-03 09:49:51] Siklus Menit Baru. Harga BTC Terakhir (OKX): $61380.00
[ANALIS] State: BEARISH | EMA13/34: $61367.7/$61421.8 | VWAP Sesi: $61421.58 | Vol Surge: 0.6x | BB50: [$61281.13 - $61675.32] | Tren 15m: BEARISH
[DEBUG] EMA streak: 0 | EMA13: 61367.67 | EMA34: 61421.79 | Selisih: -54.12
[2026-07-03 09:49:51] Keputusan analis: Wait
[2026-07-03 09:49:51] Validasi gagal / keputusan WAIT. Tidak ada eksekusi.
[2026-07-03 09:50:51] Siklus Menit Baru. Harga BTC Terakhir (OKX): $61380.10
[ANALIS] State: BEARISH | EMA13/34: $61370.3/$61419.0 | VWAP Sesi: $61421.52 | Vol Surge: 0.6x | BB50: [$61278.69 - $61668.94] | Tren 15m: BEARISH
[DEBUG] EMA streak: 0 | EMA13: 61370.35 | EMA34: 61418.97 | Selisih: -48.62
[2026-07-03 09:50:51] Keputusan analis: Wait
[2026-07-03 09:50:51] Validasi gagal / keputusan WAIT. Tidak ada eksekusi.
[2026-07-03 09:51:51] Siklus Menit Baru. Harga BTC Terakhir (OKX): $61409.10
[ANALIS] State: BEARISH | EMA13/34: $61375.9/$61419.7 | VWAP Sesi: $61421.48 | Vol Surge: 0.9x | BB50: [$61277.19 - $61663.10] | Tren 15m: BEARISH
[DEBUG] EMA streak: 0 | EMA13: 61375.88 | EMA34: 61419.72 | Selisih: -43.84
[2026-07-03 09:51:51] Keputusan analis: Wait
[2026-07-03 09:51:51] Validasi gagal / keputusan WAIT. Tidak ada eksekusi.
[2026-07-03 09:52:51] Siklus Menit Baru. Harga BTC Terakhir (OKX): $61406.30
[ANALIS] State: BEARISH | EMA13/34: $61379.8/$61417.1 | VWAP Sesi: $61421.46 | Vol Surge: 0.3x | BB50: [$61276.67 - $61655.04] | Tren 15m: BULLISH
[DEBUG] EMA streak: 0 | EMA13: 61379.76 | EMA34: 61417.13 | Selisih: -37.37
[2026-07-03 09:52:51] Keputusan analis: Wait
[2026-07-03 09:52:51] Validasi gagal / keputusan WAIT. Tidak ada eksekusi.
[2026-07-03 09:53:51] Siklus Menit Baru. Harga BTC Terakhir (OKX): $61443.90
[ANALIS] State: BEARISH | EMA13/34: $61389.7/$61419.4 | VWAP Sesi: $61421.48 | Vol Surge: 0.4x | BB50: [$61277.16 - $61649.09] | Tren 15m: BULLISH
[DEBUG] EMA streak: 0 | EMA13: 61389.74 | EMA34: 61419.37 | Selisih: -29.63
[2026-07-03 09:53:51] Keputusan analis: Wait
[2026-07-03 09:53:51] Validasi gagal / keputusan WAIT. Tidak ada eksekusi.
[2026-07-03 09:54:52] Siklus Menit Baru. Harga BTC Terakhir (OKX): $61436.40
[ANALIS] State: BEARISH | EMA13/34: $61394.0/$61417.0 | VWAP Sesi: $61421.47 | Vol Surge: 0.3x | BB50: [$61277.05 - $61642.13] | Tren 15m: BULLISH
[DEBUG] EMA streak: 0 | EMA13: 61393.96 | EMA34: 61416.97 | Selisih: -23.01
[2026-07-03 09:54:52] Keputusan analis: Wait
[2026-07-03 09:54:52] Validasi gagal / keputusan WAIT. Tidak ada eksekusi.
[2026-07-03 09:55:52] Siklus Menit Baru. Harga BTC Terakhir (OKX): $61423.00
[ANALIS] State: BEARISH | EMA13/34: $61396.9/$61416.5 | VWAP Sesi: $61421.47 | Vol Surge: 0.8x | BB50: [$61275.77 - $61637.94] | Tren 15m: BULLISH
[DEBUG] EMA streak: 0 | EMA13: 61396.88 | EMA34: 61416.53 | Selisih: -19.65
[2026-07-03 09:55:52] Keputusan analis: Wait
[2026-07-03 09:55:52] Validasi gagal / keputusan WAIT. Tidak ada eksekusi.
[2026-07-03 09:56:52] Siklus Menit Baru. Harga BTC Terakhir (OKX): $61411.30
[ANALIS] State: BEARISH | EMA13/34: $61398.9/$61416.6 | VWAP Sesi: $61421.43 | Vol Surge: 2.0x | BB50: [$61274.44 - $61633.92] | Tren 15m: BULLISH
[DEBUG] EMA streak: 0 | EMA13: 61398.94 | EMA34: 61416.58 | Selisih: -17.64
[2026-07-03 09:56:52] Keputusan analis: Wait
[2026-07-03 09:56:52] Validasi gagal / keputusan WAIT. Tidak ada eksekusi.
[2026-07-03 09:57:52] Siklus Menit Baru. Harga BTC Terakhir (OKX): $61425.40
[ANALIS] State: BEARISH | EMA13/34: $61403.6/$61419.8 | VWAP Sesi: $61421.46 | Vol Surge: 0.4x | BB50: [$61274.19 - $61629.40] | Tren 15m: BULLISH
[DEBUG] EMA streak: 0 | EMA13: 61403.61 | EMA34: 61419.77 | Selisih: -16.16
[2026-07-03 09:57:52] Keputusan analis: Wait
[2026-07-03 09:57:52] Validasi gagal / keputusan WAIT. Tidak ada eksekusi.
[2026-07-03 09:58:52] Siklus Menit Baru. Harga BTC Terakhir (OKX): $61457.10
[ANALIS] State: BEARISH | EMA13/34: $61411.8/$61426.0 | VWAP Sesi: $61421.51 | Vol Surge: 0.7x | BB50: [$61276.35 - $61621.89] | Tren 15m: BULLISH
[DEBUG] EMA streak: 0 | EMA13: 61411.85 | EMA34: 61426.00 | Selisih: -14.15
[2026-07-03 09:58:52] Keputusan analis: Wait
[2026-07-03 09:58:52] Validasi gagal / keputusan WAIT. Tidak ada eksekusi.
[2026-07-03 09:59:52] Siklus Menit Baru. Harga BTC Terakhir (OKX): $61442.60
[ANALIS] State: BEARISH | EMA13/34: $61415.2/$61421.7 | VWAP Sesi: $61421.51 | Vol Surge: 0.1x | BB50: [$61283.45 - $61605.43] | Tren 15m: BULLISH
[DEBUG] EMA streak: 0 | EMA13: 61415.17 | EMA34: 61421.73 | Selisih: -6.55
[2026-07-03 09:59:52] Keputusan analis: Wait
[2026-07-03 09:59:52] Validasi gagal / keputusan WAIT. Tidak ada eksekusi.
[2026-07-03 10:00:52] Siklus Menit Baru. Harga BTC Terakhir (OKX): $61378.10
[ANALIS] State: BEARISH | EMA13/34: $61409.5/$61417.7 | VWAP Sesi: $61421.48 | Vol Surge: 0.4x | BB50: [$61283.04 - $61597.69] | Tren 15m: BULLISH
[DEBUG] EMA streak: 0 | EMA13: 61409.46 | EMA34: 61417.67 | Selisih: -8.21
[2026-07-03 10:00:52] Keputusan analis: Wait
[2026-07-03 10:00:52] Validasi gagal / keputusan WAIT. Tidak ada eksekusi.
[2026-07-03 10:01:53] Siklus Menit Baru. Harga BTC Terakhir (OKX): $61387.50
[ANALIS] State: BEARISH | EMA13/34: $61405.9/$61414.9 | VWAP Sesi: $61421.45 | Vol Surge: 0.3x | BB50: [$61282.19 - $61591.82] | Tren 15m: BULLISH
[DEBUG] EMA streak: 0 | EMA13: 61405.89 | EMA34: 61414.87 | Selisih: -8.98
[2026-07-03 10:01:53] Keputusan analis: Wait
[2026-07-03 10:01:53] Validasi gagal / keputusan WAIT. Tidak ada eksekusi.
[2026-07-03 10:02:53] Siklus Menit Baru. Harga BTC Terakhir (OKX): $61407.40
[ANALIS] State: BEARISH | EMA13/34: $61406.1/$61414.5 | VWAP Sesi: $61421.20 | Vol Surge: 9.1x | BB50: [$61282.00 - $61586.91] | Tren 15m: BULLISH
[DEBUG] EMA streak: 0 | EMA13: 61406.10 | EMA34: 61414.55 | Selisih: -8.44
[2026-07-03 10:02:53] Keputusan analis: Wait
[2026-07-03 10:02:53] Validasi gagal / keputusan WAIT. Tidak ada eksekusi.
[2026-07-03 10:03:53] Siklus Menit Baru. Harga BTC Terakhir (OKX): $61447.20
[ANALIS] State: BEARISH | EMA13/34: $61412.5/$61416.2 | VWAP Sesi: $61421.33 | Vol Surge: 0.9x | BB50: [$61283.14 - $61582.35] | Tren 15m: BULLISH
[DEBUG] EMA streak: 0 | EMA13: 61412.52 | EMA34: 61416.16 | Selisih: -3.64
[2026-07-03 10:03:53] Keputusan analis: Wait
[2026-07-03 10:03:53] Validasi gagal / keputusan WAIT. Tidak ada eksekusi.
[2026-07-03 10:04:53] Siklus Menit Baru. Harga BTC Terakhir (OKX): $61441.90
[ANALIS] State: BEARISH | EMA13/34: $61417.1/$61417.8 | VWAP Sesi: $61421.34 | Vol Surge: 0.2x | BB50: [$61283.91 - $61578.29] | Tren 15m: BULLISH
[DEBUG] EMA streak: 0 | EMA13: 61417.15 | EMA34: 61417.83 | Selisih: -0.68
[2026-07-03 10:04:53] Keputusan analis: Wait
[2026-07-03 10:04:53] Validasi gagal / keputusan WAIT. Tidak ada eksekusi.
[2026-07-03 10:05:53] Siklus Menit Baru. Harga BTC Terakhir (OKX): $61431.60
[ANALIS] State: BULLISH | EMA13/34: $61420.0/$61418.2 | VWAP Sesi: $61421.38 | Vol Surge: 0.1x | BB50: [$61284.67 - $61573.92] | Tren 15m: BULLISH
[DEBUG] EMA streak: 0 | EMA13: 61419.98 | EMA34: 61418.23 | Selisih: 1.75
[ANALIS-TRENDING] Quant Golden Cross (EMA13 > EMA34), Di atas VWAP ($61421.38), & Tren 15m Bullish. Sinyal BUY.
[2026-07-03 10:05:53] Keputusan analis: Buy(0.003203568308387707, "[Trending] Quant EMA13/34 Buy (Vol 0.1x)")
[2026-07-03 10:05:53] Mengeksekusi transaksi...
[2026-07-03 10:05:53] Eksekusi sukses. Saldo: $787.00, BTC: 0.0032
[2026-07-03 10:06:53] Siklus Menit Baru. Harga BTC Terakhir (OKX): $61426.60
[ANALIS] State: BULLISH | EMA13/34: $61421.1/$61420.9 | VWAP Sesi: $61421.39 | Vol Surge: 0.3x | BB50: [$61284.99 - $61570.16] | Tren 15m: BULLISH
[DEBUG] EMA streak: 0 | EMA13: 61421.10 | EMA34: 61420.86 | Selisih: 0.24
[ANALIS-TRENDING] Quant Golden Cross (EMA13 > EMA34), Di atas VWAP ($61421.39), & Tren 15m Bullish. Sinyal BUY.
[2026-07-03 10:06:53] Keputusan analis: Buy(0.0025624224920386524, "[Trending] Quant EMA13/34 Buy (Vol 0.3x)")
Mencegah transaksi berulang (Cool-down aktif). Aksi terakhir BUY pada 10:05:53 (1 menit lalu)
[2026-07-03 10:06:53] Validasi gagal / keputusan WAIT. Tidak ada eksekusi.
[2026-07-03 10:07:53] Siklus Menit Baru. Harga BTC Terakhir (OKX): $61411.80
[ANALIS] State: BEARISH | EMA13/34: $61419.8/$61420.3 | VWAP Sesi: $61421.37 | Vol Surge: 1.1x | BB50: [$61286.73 - $61562.75] | Tren 15m: BULLISH
[DEBUG] EMA streak: 0 | EMA13: 61419.78 | EMA34: 61420.34 | Selisih: -0.56
[ANALIS-TRENDING] Menunggu konfirmasi streak 2 menit. Saat ini: 1 menit.
[2026-07-03 10:07:53] Keputusan analis: Wait
[2026-07-03 10:07:53] Validasi gagal / keputusan WAIT. Tidak ada eksekusi.
[2026-07-03 10:08:54] Siklus Menit Baru. Harga BTC Terakhir (OKX): $61384.40
[ANALIS] State: BEARISH | EMA13/34: $61414.7/$61417.4 | VWAP Sesi: $61421.36 | Vol Surge: 0.1x | BB50: [$61287.92 - $61554.79] | Tren 15m: BEARISH
[DEBUG] EMA streak: 1 | EMA13: 61414.72 | EMA34: 61417.42 | Selisih: -2.70
[ANALIS-TRENDING] Sinyal melemah/Death Cross terkonfirmasi 2 menit berturut. Sinyal SELL.
[2026-07-03 10:08:54] Keputusan analis: Sell(0.003203568308387707, "[Trending] Quant EMA13/34 Sell Confirmed (2m streak)")
Mencegah Whipsaw (Holding time < 15 menit). Beli terakhir 3 menit lalu. Sinyal normal ([Trending] Quant EMA13/34 Sell Confirmed (2m streak)) diabaikan.
[2026-07-03 10:08:54] Validasi gagal / keputusan WAIT. Tidak ada eksekusi.
[2026-07-03 10:09:54] Siklus Menit Baru. Harga BTC Terakhir (OKX): $61389.30
[ANALIS] State: BEARISH | EMA13/34: $61406.7/$61414.4 | VWAP Sesi: $61421.33 | Vol Surge: 0.1x | BB50: [$61286.99 - $61548.37] | Tren 15m: BEARISH
[DEBUG] EMA streak: 0 | EMA13: 61406.67 | EMA34: 61414.44 | Selisih: -7.77
[ANALIS-TRENDING] Menunggu konfirmasi streak 2 menit. Saat ini: 1 menit.
[2026-07-03 10:09:54] Keputusan analis: Wait
[2026-07-03 10:09:54] Validasi gagal / keputusan WAIT. Tidak ada eksekusi.
[2026-07-03 10:10:54] Siklus Menit Baru. Harga BTC Terakhir (OKX): $61362.10
[ANALIS] State: BEARISH | EMA13/34: $61400.5/$61412.7 | VWAP Sesi: $61421.31 | Vol Surge: 0.1x | BB50: [$61287.88 - $61540.12] | Tren 15m: BEARISH
[DEBUG] EMA streak: 1 | EMA13: 61400.55 | EMA34: 61412.74 | Selisih: -12.20
[ANALIS-TRENDING] Sinyal melemah/Death Cross terkonfirmasi 2 menit berturut. Sinyal SELL.
[2026-07-03 10:10:54] Keputusan analis: Sell(0.003203568308387707, "[Trending] Quant EMA13/34 Sell Confirmed (2m streak)")
Mencegah Whipsaw (Holding time < 15 menit). Beli terakhir 5 menit lalu. Sinyal normal ([Trending] Quant EMA13/34 Sell Confirmed (2m streak)) diabaikan.
[2026-07-03 10:10:54] Validasi gagal / keputusan WAIT. Tidak ada eksekusi.
[2026-07-03 10:11:54] Siklus Menit Baru. Harga BTC Terakhir (OKX): $61344.40
[ANALIS] State: BEARISH | EMA13/34: $61391.6/$61408.6 | VWAP Sesi: $61421.28 | Vol Surge: 0.2x | BB50: [$61289.69 - $61528.97] | Tren 15m: BEARISH
[DEBUG] EMA streak: 0 | EMA13: 61391.64 | EMA34: 61408.55 | Selisih: -16.92
[ANALIS-TRENDING] Menunggu konfirmasi streak 2 menit. Saat ini: 1 menit.
[2026-07-03 10:11:54] Keputusan analis: Wait
[2026-07-03 10:11:54] Validasi gagal / keputusan WAIT. Tidak ada eksekusi.
[2026-07-03 10:12:54] Siklus Menit Baru. Harga BTC Terakhir (OKX): $61344.40
[ANALIS] State: BEARISH | EMA13/34: $61384.9/$61405.7 | VWAP Sesi: $61421.27 | Vol Surge: 0.1x | BB50: [$61293.25 - $61516.29] | Tren 15m: BEARISH
[DEBUG] EMA streak: 1 | EMA13: 61384.89 | EMA34: 61405.70 | Selisih: -20.81
[ANALIS-TRENDING] Sinyal melemah/Death Cross terkonfirmasi 2 menit berturut. Sinyal SELL.
[2026-07-03 10:12:54] Keputusan analis: Sell(0.003203568308387707, "[Trending] Quant EMA13/34 Sell Confirmed (2m streak)")
Mencegah Whipsaw (Holding time < 15 menit). Beli terakhir 7 menit lalu. Sinyal normal ([Trending] Quant EMA13/34 Sell Confirmed (2m streak)) diabaikan.
[2026-07-03 10:12:54] Validasi gagal / keputusan WAIT. Tidak ada eksekusi.
[2026-07-03 10:13:54] Siklus Menit Baru. Harga BTC Terakhir (OKX): $61358.30
[ANALIS] State: SIDEWAYS | EMA13/34: $61378.6/$61399.9 | VWAP Sesi: $61420.59 | Vol Surge: 0.5x | BB50: [$61299.44 - $61500.10] | Tren 15m: BEARISH
[ANALIS-SIDEWAYS] WAIT - Lebar BB sempit (0.327%).
[2026-07-03 10:13:54] Keputusan analis: Wait
[2026-07-03 10:13:54] Validasi gagal / keputusan WAIT. Tidak ada eksekusi.
[2026-07-03 10:14:54] Siklus Menit Baru. Harga BTC Terakhir (OKX): $61332.00
[ANALIS] State: SIDEWAYS | EMA13/34: $61371.2/$61394.6 | VWAP Sesi: $61420.56 | Vol Surge: 0.1x | BB50: [$61302.44 - $61488.18] | Tren 15m: BEARISH
[ANALIS-SIDEWAYS] WAIT - Lebar BB sempit (0.303%).
[2026-07-03 10:14:54] Keputusan analis: Wait
[2026-07-03 10:14:54] Validasi gagal / keputusan WAIT. Tidak ada eksekusi.
[2026-07-03 10:15:55] Siklus Menit Baru. Harga BTC Terakhir (OKX): $61349.80
[ANALIS] State: SIDEWAYS | EMA13/34: $61368.5/$61389.9 | VWAP Sesi: $61420.43 | Vol Surge: 0.9x | BB50: [$61306.58 - $61477.00] | Tren 15m: BEARISH
[ANALIS-SIDEWAYS] WAIT - Lebar BB sempit (0.278%).
[2026-07-03 10:15:55] Keputusan analis: Wait
[2026-07-03 10:15:55] Validasi gagal / keputusan WAIT. Tidak ada eksekusi.
[2026-07-03 10:16:55] Siklus Menit Baru. Harga BTC Terakhir (OKX): $61397.00
[ANALIS] State: SIDEWAYS | EMA13/34: $61373.3/$61390.3 | VWAP Sesi: $61420.41 | Vol Surge: 0.5x | BB50: [$61309.31 - $61471.01] | Tren 15m: BULLISH
[ANALIS-SIDEWAYS] WAIT - Lebar BB sempit (0.263%).
[2026-07-03 10:16:55] Keputusan analis: Wait
[2026-07-03 10:16:55] Validasi gagal / keputusan WAIT. Tidak ada eksekusi.
[2026-07-03 10:17:55] Siklus Menit Baru. Harga BTC Terakhir (OKX): $61411.20
[ANALIS] State: SIDEWAYS | EMA13/34: $61380.4/$61390.5 | VWAP Sesi: $61420.42 | Vol Surge: 0.6x | BB50: [$61311.90 - $61466.25] | Tren 15m: BEARISH
[ANALIS-SIDEWAYS] WAIT - Lebar BB sempit (0.251%).
[2026-07-03 10:17:55] Keputusan analis: Wait
[2026-07-03 10:17:55] Validasi gagal / keputusan WAIT. Tidak ada eksekusi.
[2026-07-03 10:18:55] Siklus Menit Baru. Harga BTC Terakhir (OKX): $61423.60
[ANALIS] State: SIDEWAYS | EMA13/34: $61386.6/$61390.4 | VWAP Sesi: $61420.42 | Vol Surge: 0.5x | BB50: [$61312.52 - $61464.73] | Tren 15m: BEARISH
[ANALIS-SIDEWAYS] WAIT - Lebar BB sempit (0.248%).
[2026-07-03 10:18:55] Keputusan analis: Wait
[2026-07-03 10:18:55] Validasi gagal / keputusan WAIT. Tidak ada eksekusi.
[2026-07-03 10:19:55] Siklus Menit Baru. Harga BTC Terakhir (OKX): $61440.60
[ANALIS] State: SIDEWAYS | EMA13/34: $61393.5/$61388.3 | VWAP Sesi: $61420.42 | Vol Surge: 0.1x | BB50: [$61312.05 - $61466.26] | Tren 15m: BEARISH
[ANALIS-SIDEWAYS] WAIT - Lebar BB sempit (0.251%).
[2026-07-03 10:19:55] Keputusan analis: Wait
[2026-07-03 10:19:55] Validasi gagal / keputusan WAIT. Tidak ada eksekusi.
[2026-07-03 10:20:55] Siklus Menit Baru. Harga BTC Terakhir (OKX): $61526.40
[ANALIS] State: SIDEWAYS | EMA13/34: $61412.6/$61397.8 | VWAP Sesi: $61420.70 | Vol Surge: 1.5x | BB50: [$61309.52 - $61477.02] | Tren 15m: BULLISH
[ANALIS-SIDEWAYS] WAIT - Lebar BB sempit (0.272%).
[2026-07-03 10:20:55] Keputusan analis: Wait
[2026-07-03 10:20:55] Validasi gagal / keputusan WAIT. Tidak ada eksekusi.
[2026-07-03 10:21:55] Siklus Menit Baru. Harga BTC Terakhir (OKX): $61543.10
[ANALIS] State: SIDEWAYS | EMA13/34: $61432.6/$61407.2 | VWAP Sesi: $61421.20 | Vol Surge: 1.8x | BB50: [$61303.31 - $61491.43] | Tren 15m: BULLISH
[ANALIS-SIDEWAYS] WAIT - Lebar BB sempit (0.306%).
[2026-07-03 10:21:55] Keputusan analis: Wait
[2026-07-03 10:21:55] Validasi gagal / keputusan WAIT. Tidak ada eksekusi.
[2026-07-03 10:22:56] Siklus Menit Baru. Harga BTC Terakhir (OKX): $61568.80
[ANALIS] State: BULLISH | EMA13/34: $61452.7/$61417.4 | VWAP Sesi: $61421.74 | Vol Surge: 1.9x | BB50: [$61296.19 - $61507.10] | Tren 15m: BULLISH
[DEBUG] EMA streak: 0 | EMA13: 61452.66 | EMA34: 61417.37 | Selisih: 35.29
[ANALIS-TRENDING] Quant Golden Cross (EMA13 > EMA34), Di atas VWAP ($61421.74), & Tren 15m Bullish. Sinyal BUY.
[2026-07-03 10:22:56] Keputusan analis: Buy(0.0025565042919378235, "[Trending] Quant EMA13/34 Buy (Vol 1.9x)")
[2026-07-03 10:22:56] Mengeksekusi transaksi...
[2026-07-03 10:22:56] Eksekusi sukses. Saldo: $629.45, BTC: 0.0058
[2026-07-03 10:23:56] Siklus Menit Baru. Harga BTC Terakhir (OKX): $61574.50
[ANALIS] State: BULLISH | EMA13/34: $61468.4/$61427.5 | VWAP Sesi: $61421.74 | Vol Surge: 0.1x | BB50: [$61291.18 - $61519.70] | Tren 15m: BULLISH
[DEBUG] EMA streak: 0 | EMA13: 61468.43 | EMA34: 61427.45 | Selisih: 40.97
[ANALIS-TRENDING] Quant Golden Cross (EMA13 > EMA34), Di atas VWAP ($61421.74), & Tren 15m Bullish. Sinyal BUY.
[2026-07-03 10:23:56] Keputusan analis: Buy(0.002044502853929456, "[Trending] Quant EMA13/34 Buy (Vol 0.1x)")
Mencegah transaksi berulang (Cool-down aktif). Aksi terakhir BUY pada 10:22:56 (1 menit lalu)
[2026-07-03 10:23:56] Validasi gagal / keputusan WAIT. Tidak ada eksekusi.
[2026-07-03 10:24:56] Siklus Menit Baru. Harga BTC Terakhir (OKX): $61557.90
[ANALIS] State: BULLISH | EMA13/34: $61481.0/$61436.0 | VWAP Sesi: $61421.85 | Vol Surge: 0.4x | BB50: [$61286.62 - $61530.28] | Tren 15m: BULLISH
[DEBUG] EMA streak: 0 | EMA13: 61481.05 | EMA34: 61435.99 | Selisih: 45.06
[ANALIS-TRENDING] Quant Golden Cross (EMA13 > EMA34), Di atas VWAP ($61421.85), & Tren 15m Bullish. Sinyal BUY.
[2026-07-03 10:24:56] Keputusan analis: Buy(0.002045054184422784, "[Trending] Quant EMA13/34 Buy (Vol 0.4x)")
Mencegah transaksi berulang (Cool-down aktif). Aksi terakhir BUY pada 10:22:56 (2 menit lalu)
[2026-07-03 10:24:56] Validasi gagal / keputusan WAIT. Tidak ada eksekusi.
[2026-07-03 10:25:56] Siklus Menit Baru. Harga BTC Terakhir (OKX): $61559.20
[ANALIS] State: BULLISH | EMA13/34: $61492.2/$61444.4 | VWAP Sesi: $61421.86 | Vol Surge: 0.1x | BB50: [$61282.21 - $61539.92] | Tren 15m: BULLISH
[DEBUG] EMA streak: 0 | EMA13: 61492.24 | EMA34: 61444.44 | Selisih: 47.80
[ANALIS-TRENDING] Quant Golden Cross (EMA13 > EMA34), Di atas VWAP ($61421.86), & Tren 15m Bullish. Sinyal BUY.
[2026-07-03 10:25:56] Keputusan analis: Buy(0.00204501099720723, "[Trending] Quant EMA13/34 Buy (Vol 0.1x)")
Mencegah transaksi berulang (Cool-down aktif). Aksi terakhir BUY pada 10:22:56 (3 menit lalu)
[2026-07-03 10:25:56] Validasi gagal / keputusan WAIT. Tidak ada eksekusi.
[2026-07-03 10:26:56] Siklus Menit Baru. Harga BTC Terakhir (OKX): $61536.80
[ANALIS] State: BULLISH | EMA13/34: $61499.1/$61447.0 | VWAP Sesi: $61421.90 | Vol Surge: 0.2x | BB50: [$61279.34 - $61546.25] | Tren 15m: BULLISH
[DEBUG] EMA streak: 0 | EMA13: 61499.13 | EMA34: 61446.97 | Selisih: 52.16
[ANALIS-TRENDING] Quant Golden Cross (EMA13 > EMA34), Di atas VWAP ($61421.90), & Tren 15m Bullish. Sinyal BUY.
[2026-07-03 10:26:56] Keputusan analis: Buy(0.0020457554013091237, "[Trending] Quant EMA13/34 Buy (Vol 0.2x)")
Mencegah transaksi berulang (Cool-down aktif). Aksi terakhir BUY pada 10:22:56 (4 menit lalu)
[2026-07-03 10:26:56] Validasi gagal / keputusan WAIT. Tidak ada eksekusi.
[2026-07-03 10:27:56] Siklus Menit Baru. Harga BTC Terakhir (OKX): $61550.50
[ANALIS] State: BULLISH | EMA13/34: $61506.5/$61453.2 | VWAP Sesi: $61422.56 | Vol Surge: 2.9x | BB50: [$61277.01 - $61554.66] | Tren 15m: BULLISH
[DEBUG] EMA streak: 0 | EMA13: 61506.46 | EMA34: 61453.20 | Selisih: 53.26
[ANALIS-TRENDING] Quant Golden Cross (EMA13 > EMA34), Di atas VWAP ($61422.56), & Tren 15m Bullish. Sinyal BUY.
[2026-07-03 10:27:56] Keputusan analis: Buy(0.002045300054090207, "[Trending] Quant EMA13/34 Buy (Vol 2.9x)")
[2026-07-03 10:27:56] Mengeksekusi transaksi...
[2026-07-03 10:27:56] Eksekusi sukses. Saldo: $503.43, BTC: 0.0078
[2026-07-03 10:28:56] Siklus Menit Baru. Harga BTC Terakhir (OKX): $61546.00
[ANALIS] State: BULLISH | EMA13/34: $61512.1/$61457.4 | VWAP Sesi: $61422.58 | Vol Surge: 0.1x | BB50: [$61275.20 - $61562.14] | Tren 15m: BULLISH
[DEBUG] EMA streak: 0 | EMA13: 61512.10 | EMA34: 61457.45 | Selisih: 54.65
[ANALIS-TRENDING] Quant Golden Cross (EMA13 > EMA34), Di atas VWAP ($61422.58), & Tren 15m Bullish. Sinyal BUY.
[2026-07-03 10:28:56] Keputusan analis: Buy(0.0016359505887503262, "[Trending] Quant EMA13/34 Buy (Vol 0.1x)")
Mencegah transaksi berulang (Cool-down aktif). Aksi terakhir BUY pada 10:27:56 (1 menit lalu)
[2026-07-03 10:28:56] Validasi gagal / keputusan WAIT. Tidak ada eksekusi.
[2026-07-03 10:29:57] Siklus Menit Baru. Harga BTC Terakhir (OKX): $61534.10
[ANALIS] State: BULLISH | EMA13/34: $61515.2/$61461.3 | VWAP Sesi: $61422.63 | Vol Surge: 0.3x | BB50: [$61274.96 - $61568.37] | Tren 15m: BULLISH
[DEBUG] EMA streak: 0 | EMA13: 61515.25 | EMA34: 61461.26 | Selisih: 53.99
[ANALIS-TRENDING] Quant Golden Cross (EMA13 > EMA34), Di atas VWAP ($61422.63), & Tren 15m Bullish. Sinyal BUY.
[2026-07-03 10:29:57] Keputusan analis: Buy(0.0016362669631184593, "[Trending] Quant EMA13/34 Buy (Vol 0.3x)")
Mencegah transaksi berulang (Cool-down aktif). Aksi terakhir BUY pada 10:27:56 (2 menit lalu)
[2026-07-03 10:29:57] Validasi gagal / keputusan WAIT. Tidak ada eksekusi.
[2026-07-03 10:30:57] Siklus Menit Baru. Harga BTC Terakhir (OKX): $61533.50
[ANALIS] State: BULLISH | EMA13/34: $61518.9/$61466.1 | VWAP Sesi: $61423.28 | Vol Surge: 3.3x | BB50: [$61275.21 - $61574.86] | Tren 15m: BULLISH
[DEBUG] EMA streak: 0 | EMA13: 61518.88 | EMA34: 61466.13 | Selisih: 52.75
[ANALIS-TRENDING] Quant Golden Cross (EMA13 > EMA34), Di atas VWAP ($61423.28), & Tren 15m Bullish. Sinyal BUY.
[2026-07-03 10:30:57] Keputusan analis: Buy(0.0016362829180077126, "[Trending] Quant EMA13/34 Buy (Vol 3.3x)")
Mencegah transaksi berulang (Cool-down aktif). Aksi terakhir BUY pada 10:27:56 (3 menit lalu)
[2026-07-03 10:30:57] Validasi gagal / keputusan WAIT. Tidak ada eksekusi.
[2026-07-03 10:31:57] Siklus Menit Baru. Harga BTC Terakhir (OKX): $61539.60
[ANALIS] State: BULLISH | EMA13/34: $61521.8/$61468.1 | VWAP Sesi: $61423.29 | Vol Surge: 0.1x | BB50: [$61275.64 - $61580.86] | Tren 15m: BULLISH
[DEBUG] EMA streak: 0 | EMA13: 61521.84 | EMA34: 61468.06 | Selisih: 53.77
[ANALIS-TRENDING] Quant Golden Cross (EMA13 > EMA34), Di atas VWAP ($61423.29), & Tren 15m Bullish. Sinyal BUY.
[2026-07-03 10:31:57] Keputusan analis: Buy(0.0016361207244640456, "[Trending] Quant EMA13/34 Buy (Vol 0.1x)")
Mencegah transaksi berulang (Cool-down aktif). Aksi terakhir BUY pada 10:27:56 (4 menit lalu)
[2026-07-03 10:31:57] Validasi gagal / keputusan WAIT. Tidak ada eksekusi.
[2026-07-03 10:32:57] Siklus Menit Baru. Harga BTC Terakhir (OKX): $61539.50
[ANALIS] State: BULLISH | EMA13/34: $61524.8/$61471.7 | VWAP Sesi: $61423.35 | Vol Surge: 0.3x | BB50: [$61278.80 - $61586.00] | Tren 15m: BULLISH
[DEBUG] EMA streak: 0 | EMA13: 61524.79 | EMA34: 61471.66 | Selisih: 53.14
[ANALIS-TRENDING] Quant Golden Cross (EMA13 > EMA34), Di atas VWAP ($61423.35), & Tren 15m Bullish. Sinyal BUY.
[2026-07-03 10:32:57] Keputusan analis: Buy(0.0016361233831153582, "[Trending] Quant EMA13/34 Buy (Vol 0.3x)")
Max pyramiding (3 layer) tercapai. Tunggu siklus selesai (posisi aktif saat ini: 3).
[2026-07-03 10:32:57] Validasi gagal / keputusan WAIT. Tidak ada eksekusi.
[2026-07-03 10:33:57] Siklus Menit Baru. Harga BTC Terakhir (OKX): $61541.60
[ANALIS] State: BULLISH | EMA13/34: $61527.2/$61478.0 | VWAP Sesi: $61423.37 | Vol Surge: 0.1x | BB50: [$61283.43 - $61590.11] | Tren 15m: BULLISH
[DEBUG] EMA streak: 0 | EMA13: 61527.22 | EMA34: 61478.00 | Selisih: 49.21
[ANALIS-TRENDING] Quant Golden Cross (EMA13 > EMA34), Di atas VWAP ($61423.37), & Tren 15m Bullish. Sinyal BUY.
[2026-07-03 10:33:57] Keputusan analis: Buy(0.0016360675532522324, "[Trending] Quant EMA13/34 Buy (Vol 0.1x)")
Max pyramiding (3 layer) tercapai. Tunggu siklus selesai (posisi aktif saat ini: 3).
[2026-07-03 10:33:57] Validasi gagal / keputusan WAIT. Tidak ada eksekusi.
[2026-07-03 10:34:57] Siklus Menit Baru. Harga BTC Terakhir (OKX): $61533.00
[ANALIS] State: BULLISH | EMA13/34: $61528.0/$61480.2 | VWAP Sesi: $61423.38 | Vol Surge: 0.0x | BB50: [$61285.73 - $61594.42] | Tren 15m: BULLISH
[DEBUG] EMA streak: 0 | EMA13: 61528.01 | EMA34: 61480.21 | Selisih: 47.80
[ANALIS-TRENDING] Quant Golden Cross (EMA13 > EMA34), Di atas VWAP ($61423.38), & Tren 15m Bullish. Sinyal BUY.
[2026-07-03 10:34:57] Keputusan analis: Buy(0.0016362962139864394, "[Trending] Quant EMA13/34 Buy (Vol 0.0x)")
Max pyramiding (3 layer) tercapai. Tunggu siklus selesai (posisi aktif saat ini: 3).
[2026-07-03 10:34:57] Validasi gagal / keputusan WAIT. Tidak ada eksekusi.
[2026-07-03 10:35:57] Siklus Menit Baru. Harga BTC Terakhir (OKX): $61531.90
[ANALIS] State: BULLISH | EMA13/34: $61528.9/$61482.9 | VWAP Sesi: $61423.39 | Vol Surge: 0.1x | BB50: [$61289.38 - $61598.15] | Tren 15m: BEARISH
[DEBUG] EMA streak: 0 | EMA13: 61528.95 | EMA34: 61482.90 | Selisih: 46.05
[ANALIS-TRENDING] Menunggu konfirmasi streak 2 menit. Saat ini: 1 menit.
[2026-07-03 10:35:57] Keputusan analis: Wait
[2026-07-03 10:35:57] Validasi gagal / keputusan WAIT. Tidak ada eksekusi.
[2026-07-03 10:36:58] Siklus Menit Baru. Harga BTC Terakhir (OKX): $61517.30
[ANALIS] State: BULLISH | EMA13/34: $61527.0/$61484.2 | VWAP Sesi: $61423.42 | Vol Surge: 0.2x | BB50: [$61294.40 - $61600.04] | Tren 15m: BEARISH
[DEBUG] EMA streak: 1 | EMA13: 61526.96 | EMA34: 61484.22 | Selisih: 42.74
[ANALIS-TRENDING] Sinyal melemah/Death Cross terkonfirmasi 2 menit berturut. Sinyal SELL.
[2026-07-03 10:36:58] Keputusan analis: Sell(0.007805372654415737, "[Trending] Quant EMA13/34 Sell Confirmed (2m streak)")
Mencegah Whipsaw (Holding time < 15 menit). Beli terakhir 9 menit lalu. Sinyal normal ([Trending] Quant EMA13/34 Sell Confirmed (2m streak)) diabaikan.
[2026-07-03 10:36:58] Validasi gagal / keputusan WAIT. Tidak ada eksekusi.
[2026-07-03 10:37:58] Siklus Menit Baru. Harga BTC Terakhir (OKX): $61519.10
[ANALIS] State: BULLISH | EMA13/34: $61525.8/$61487.1 | VWAP Sesi: $61423.42 | Vol Surge: 0.0x | BB50: [$61300.43 - $61601.48] | Tren 15m: BEARISH
[DEBUG] EMA streak: 0 | EMA13: 61525.85 | EMA34: 61487.14 | Selisih: 38.71
[ANALIS-TRENDING] Menunggu konfirmasi streak 2 menit. Saat ini: 1 menit.
[2026-07-03 10:37:58] Keputusan analis: Wait
[2026-07-03 10:37:58] Validasi gagal / keputusan WAIT. Tidak ada eksekusi.
[2026-07-03 10:38:58] Siklus Menit Baru. Harga BTC Terakhir (OKX): $61525.70
[ANALIS] State: BULLISH | EMA13/34: $61525.8/$61491.3 | VWAP Sesi: $61423.44 | Vol Surge: 0.1x | BB50: [$61305.34 - $61603.60] | Tren 15m: BEARISH
[DEBUG] EMA streak: 1 | EMA13: 61525.84 | EMA34: 61491.31 | Selisih: 34.53
[ANALIS-TRENDING] Sinyal melemah/Death Cross terkonfirmasi 2 menit berturut. Sinyal SELL.
[2026-07-03 10:38:58] Keputusan analis: Sell(0.007805372654415737, "[Trending] Quant EMA13/34 Sell Confirmed (2m streak)")
Mencegah Whipsaw (Holding time < 15 menit). Beli terakhir 11 menit lalu. Sinyal normal ([Trending] Quant EMA13/34 Sell Confirmed (2m streak)) diabaikan.
[2026-07-03 10:38:58] Validasi gagal / keputusan WAIT. Tidak ada eksekusi.
[2026-07-03 10:39:58] Siklus Menit Baru. Harga BTC Terakhir (OKX): $61488.70
[ANALIS] State: BULLISH | EMA13/34: $61520.5/$61490.8 | VWAP Sesi: $61423.75 | Vol Surge: 3.0x | BB50: [$61308.32 - $61604.67] | Tren 15m: BEARISH
[DEBUG] EMA streak: 0 | EMA13: 61520.53 | EMA34: 61490.78 | Selisih: 29.75
[ANALIS-TRENDING] Menunggu konfirmasi streak 2 menit. Saat ini: 1 menit.
[2026-07-03 10:39:58] Keputusan analis: Wait
[2026-07-03 10:39:58] Validasi gagal / keputusan WAIT. Tidak ada eksekusi.
[2026-07-03 10:40:58] Siklus Menit Baru. Harga BTC Terakhir (OKX): $61488.30
[ANALIS] State: BULLISH | EMA13/34: $61515.9/$61492.0 | VWAP Sesi: $61423.75 | Vol Surge: 0.1x | BB50: [$61311.86 - $61605.46] | Tren 15m: BEARISH
[DEBUG] EMA streak: 1 | EMA13: 61515.94 | EMA34: 61491.97 | Selisih: 23.97
[ANALIS-TRENDING] Sinyal melemah/Death Cross terkonfirmasi 2 menit berturut. Sinyal SELL.
[2026-07-03 10:40:58] Keputusan analis: Sell(0.007805372654415737, "[Trending] Quant EMA13/34 Sell Confirmed (2m streak)")
Mencegah Whipsaw (Holding time < 15 menit). Beli terakhir 13 menit lalu. Sinyal normal ([Trending] Quant EMA13/34 Sell Confirmed (2m streak)) diabaikan.
[2026-07-03 10:40:58] Validasi gagal / keputusan WAIT. Tidak ada eksekusi.
[2026-07-03 10:41:58] Siklus Menit Baru. Harga BTC Terakhir (OKX): $61431.40
[ANALIS] State: BULLISH | EMA13/34: $61504.3/$61489.0 | VWAP Sesi: $61423.76 | Vol Surge: 0.3x | BB50: [$61313.07 - $61605.42] | Tren 15m: BEARISH
[DEBUG] EMA streak: 0 | EMA13: 61504.34 | EMA34: 61489.01 | Selisih: 15.33
[ANALIS-TRENDING] Menunggu konfirmasi streak 2 menit. Saat ini: 1 menit.
[2026-07-03 10:41:58] Keputusan analis: Wait
[2026-07-03 10:41:58] Validasi gagal / keputusan WAIT. Tidak ada eksekusi.
[2026-07-03 10:42:59] Siklus Menit Baru. Harga BTC Terakhir (OKX): $61411.40
[ANALIS] State: BULLISH | EMA13/34: $61489.0/$61484.4 | VWAP Sesi: $61423.73 | Vol Surge: 0.9x | BB50: [$61312.43 - $61605.39] | Tren 15m: BEARISH
[DEBUG] EMA streak: 1 | EMA13: 61488.96 | EMA34: 61484.41 | Selisih: 4.55
[ANALIS-TRENDING] Sinyal melemah/Death Cross terkonfirmasi 2 menit berturut. Sinyal SELL.
[2026-07-03 10:42:59] Keputusan analis: Sell(0.007805372654415737, "[Trending] Quant EMA13/34 Sell Confirmed (2m streak)")
[2026-07-03 10:42:59] Mengeksekusi transaksi...
[2026-07-03 10:42:59] Eksekusi sukses. Saldo: $982.29, BTC: 0.0000
[2026-07-03 10:43:59] Siklus Menit Baru. Harga BTC Terakhir (OKX): $61398.50
[ANALIS] State: BEARISH | EMA13/34: $61476.9/$61479.9 | VWAP Sesi: $61423.73 | Vol Surge: 0.2x | BB50: [$61311.52 - $61605.51] | Tren 15m: BEARISH
[DEBUG] EMA streak: 0 | EMA13: 61476.93 | EMA34: 61479.94 | Selisih: -3.01
[2026-07-03 10:43:59] Keputusan analis: Wait
[2026-07-03 10:43:59] Validasi gagal / keputusan WAIT. Tidak ada eksekusi.
[2026-07-03 10:44:59] Siklus Menit Baru. Harga BTC Terakhir (OKX): $61395.00
[ANALIS] State: BEARISH | EMA13/34: $61465.2/$61474.9 | VWAP Sesi: $61423.72 | Vol Surge: 0.4x | BB50: [$61310.07 - $61605.69] | Tren 15m: BEARISH
[DEBUG] EMA streak: 0 | EMA13: 61465.23 | EMA34: 61474.89 | Selisih: -9.67
[2026-07-03 10:44:59] Keputusan analis: Wait
[2026-07-03 10:44:59] Validasi gagal / keputusan WAIT. Tidak ada eksekusi.
[2026-07-03 10:45:59] Siklus Menit Baru. Harga BTC Terakhir (OKX): $61385.30
[ANALIS] State: BEARISH | EMA13/34: $61453.8/$61469.5 | VWAP Sesi: $61423.70 | Vol Surge: 0.2x | BB50: [$61308.25 - $61606.02] | Tren 15m: BEARISH
[DEBUG] EMA streak: 0 | EMA13: 61453.82 | EMA34: 61469.54 | Selisih: -15.72
[2026-07-03 10:45:59] Keputusan analis: Wait
[2026-07-03 10:45:59] Validasi gagal / keputusan WAIT. Tidak ada eksekusi.
[2026-07-03 10:46:59] Siklus Menit Baru. Harga BTC Terakhir (OKX): $61411.00
[ANALIS] State: BEARISH | EMA13/34: $61447.7/$61466.8 | VWAP Sesi: $61423.70 | Vol Surge: 0.4x | BB50: [$61307.93 - $61606.04] | Tren 15m: BEARISH
[DEBUG] EMA streak: 0 | EMA13: 61447.71 | EMA34: 61466.81 | Selisih: -19.10
[2026-07-03 10:46:59] Keputusan analis: Wait
[2026-07-03 10:46:59] Validasi gagal / keputusan WAIT. Tidak ada eksekusi.
[2026-07-03 10:47:59] Siklus Menit Baru. Harga BTC Terakhir (OKX): $61393.70
[ANALIS] State: BEARISH | EMA13/34: $61440.0/$61463.6 | VWAP Sesi: $61423.58 | Vol Surge: 2.4x | BB50: [$61306.33 - $61606.18] | Tren 15m: BEARISH
[DEBUG] EMA streak: 0 | EMA13: 61440.00 | EMA34: 61463.62 | Selisih: -23.62
[2026-07-03 10:47:59] Keputusan analis: Wait
[2026-07-03 10:47:59] Validasi gagal / keputusan WAIT. Tidak ada eksekusi.
[2026-07-03 10:48:59] Siklus Menit Baru. Harga BTC Terakhir (OKX): $61378.10
[ANALIS] State: BEARISH | EMA13/34: $61431.2/$61458.1 | VWAP Sesi: $61423.41 | Vol Surge: 2.5x | BB50: [$61303.34 - $61606.35] | Tren 15m: BEARISH
[DEBUG] EMA streak: 0 | EMA13: 61431.15 | EMA34: 61458.05 | Selisih: -26.90
[2026-07-03 10:48:59] Keputusan analis: Wait
[2026-07-03 10:48:59] Validasi gagal / keputusan WAIT. Tidak ada eksekusi.
[2026-07-03 10:50:00] Siklus Menit Baru. Harga BTC Terakhir (OKX): $61413.70
[ANALIS] State: BEARISH | EMA13/34: $61428.6/$61452.4 | VWAP Sesi: $61423.30 | Vol Surge: 6.0x | BB50: [$61302.55 - $61606.26] | Tren 15m: BEARISH
[DEBUG] EMA streak: 0 | EMA13: 61428.63 | EMA34: 61452.45 | Selisih: -23.81
[2026-07-03 10:50:00] Keputusan analis: Wait
[2026-07-03 10:50:00] Validasi gagal / keputusan WAIT. Tidak ada eksekusi.
[2026-07-03 10:51:00] Siklus Menit Baru. Harga BTC Terakhir (OKX): $61369.10
[ANALIS] State: BEARISH | EMA13/34: $61420.1/$61448.2 | VWAP Sesi: $61423.14 | Vol Surge: 1.7x | BB50: [$61302.02 - $61606.45] | Tren 15m: BEARISH
[DEBUG] EMA streak: 0 | EMA13: 61420.13 | EMA34: 61448.21 | Selisih: -28.07
[2026-07-03 10:51:00] Keputusan analis: Wait
[2026-07-03 10:51:00] Validasi gagal / keputusan WAIT. Tidak ada eksekusi.
[2026-07-03 10:52:00] Siklus Menit Baru. Harga BTC Terakhir (OKX): $61382.50
[ANALIS] State: BEARISH | EMA13/34: $61414.8/$61445.7 | VWAP Sesi: $61423.13 | Vol Surge: 0.1x | BB50: [$61301.74 - $61606.53] | Tren 15m: BEARISH
[DEBUG] EMA streak: 0 | EMA13: 61414.78 | EMA34: 61445.74 | Selisih: -30.96
[2026-07-03 10:52:00] Keputusan analis: Wait
[2026-07-03 10:52:00] Validasi gagal / keputusan WAIT. Tidak ada eksekusi.
[2026-07-03 10:53:00] Siklus Menit Baru. Harga BTC Terakhir (OKX): $61382.90
[ANALIS] State: BEARISH | EMA13/34: $61410.2/$61444.2 | VWAP Sesi: $61423.12 | Vol Surge: 0.2x | BB50: [$61300.30 - $61606.81] | Tren 15m: BEARISH
[DEBUG] EMA streak: 0 | EMA13: 61410.23 | EMA34: 61444.19 | Selisih: -33.96
[2026-07-03 10:53:00] Keputusan analis: Wait
[2026-07-03 10:53:00] Validasi gagal / keputusan WAIT. Tidak ada eksekusi.
[2026-07-03 10:54:00] Siklus Menit Baru. Harga BTC Terakhir (OKX): $61363.00
[ANALIS] State: BEARISH | EMA13/34: $61397.5/$61434.2 | VWAP Sesi: $61423.11 | Vol Surge: 0.0x | BB50: [$61292.66 - $61607.46] | Tren 15m: BEARISH
[DEBUG] EMA streak: 0 | EMA13: 61397.47 | EMA34: 61434.15 | Selisih: -36.68
[2026-07-03 10:54:00] Keputusan analis: Wait
[2026-07-03 10:54:00] Validasi gagal / keputusan WAIT. Tidak ada eksekusi.
[2026-07-03 10:55:01] Siklus Menit Baru. Harga BTC Terakhir (OKX): $61365.50
[ANALIS] State: BEARISH | EMA13/34: $61393.2/$61430.0 | VWAP Sesi: $61423.09 | Vol Surge: 0.0x | BB50: [$61289.76 - $61607.76] | Tren 15m: BEARISH
[DEBUG] EMA streak: 0 | EMA13: 61393.21 | EMA34: 61430.04 | Selisih: -36.83
[2026-07-03 10:55:01] Keputusan analis: Wait
[2026-07-03 10:55:01] Validasi gagal / keputusan WAIT. Tidak ada eksekusi.
[2026-07-03 10:56:01] Siklus Menit Baru. Harga BTC Terakhir (OKX): $61373.50
[ANALIS] State: BEARISH | EMA13/34: $61393.8/$61430.3 | VWAP Sesi: $61423.08 | Vol Surge: 0.2x | BB50: [$61290.03 - $61607.67] | Tren 15m: BEARISH
[DEBUG] EMA streak: 0 | EMA13: 61393.84 | EMA34: 61430.29 | Selisih: -36.45
[2026-07-03 10:56:01] Keputusan analis: Wait
[2026-07-03 10:56:01] Validasi gagal / keputusan WAIT. Tidak ada eksekusi.
[2026-07-03 10:57:01] Siklus Menit Baru. Harga BTC Terakhir (OKX): $61388.90
[ANALIS] State: BEARISH | EMA13/34: $61391.6/$61421.2 | VWAP Sesi: $61423.06 | Vol Surge: 0.0x | BB50: [$61287.14 - $61607.85] | Tren 15m: BEARISH
[DEBUG] EMA streak: 0 | EMA13: 61391.64 | EMA34: 61421.22 | Selisih: -29.59
[2026-07-03 10:57:01] Keputusan analis: Wait
[2026-07-03 10:57:01] Validasi gagal / keputusan WAIT. Tidak ada eksekusi.
[2026-07-03 10:58:01] Siklus Menit Baru. Harga BTC Terakhir (OKX): $61414.20
[ANALIS] State: BEARISH | EMA13/34: $61398.0/$61424.4 | VWAP Sesi: $61423.05 | Vol Surge: 0.0x | BB50: [$61291.79 - $61606.85] | Tren 15m: BULLISH
[DEBUG] EMA streak: 0 | EMA13: 61397.98 | EMA34: 61424.45 | Selisih: -26.47
[2026-07-03 10:58:01] Keputusan analis: Wait
[2026-07-03 10:58:01] Validasi gagal / keputusan WAIT. Tidak ada eksekusi.
[2026-07-03 10:59:01] Siklus Menit Baru. Harga BTC Terakhir (OKX): $61463.80
[ANALIS] State: BEARISH | EMA13/34: $61413.4/$61427.4 | VWAP Sesi: $61423.13 | Vol Surge: 0.0x | BB50: [$61295.38 - $61608.15] | Tren 15m: BULLISH
[DEBUG] EMA streak: 0 | EMA13: 61413.42 | EMA34: 61427.44 | Selisih: -14.02
[2026-07-03 10:59:01] Keputusan analis: Wait
[2026-07-03 10:59:01] Validasi gagal / keputusan WAIT. Tidak ada eksekusi.
[2026-07-03 11:00:01] Siklus Menit Baru. Harga BTC Terakhir (OKX): $61435.90
[ANALIS] State: BEARISH | EMA13/34: $61413.2/$61425.9 | VWAP Sesi: $61423.14 | Vol Surge: 0.0x | BB50: [$61298.79 - $61606.86] | Tren 15m: BULLISH
[DEBUG] EMA streak: 0 | EMA13: 61413.21 | EMA34: 61425.88 | Selisih: -12.66
[2026-07-03 11:00:02] Keputusan analis: Wait
[2026-07-03 11:00:02] Validasi gagal / keputusan WAIT. Tidak ada eksekusi.
[2026-07-03 11:01:02] Siklus Menit Baru. Harga BTC Terakhir (OKX): $61462.20
[ANALIS] State: BEARISH | EMA13/34: $61420.3/$61426.9 | VWAP Sesi: $61423.18 | Vol Surge: 0.0x | BB50: [$61304.42 - $61606.04] | Tren 15m: BULLISH
[DEBUG] EMA streak: 0 | EMA13: 61420.28 | EMA34: 61426.86 | Selisih: -6.57
[2026-07-03 11:01:02] Keputusan analis: Wait
[2026-07-03 11:01:02] Validasi gagal / keputusan WAIT. Tidak ada eksekusi.
[2026-07-03 11:02:02] Siklus Menit Baru. Harga BTC Terakhir (OKX): $61458.90
[ANALIS] State: BEARISH | EMA13/34: $61426.6/$61431.0 | VWAP Sesi: $61423.18 | Vol Surge: 0.0x | BB50: [$61312.19 - $61604.01] | Tren 15m: BULLISH
[DEBUG] EMA streak: 0 | EMA13: 61426.62 | EMA34: 61430.96 | Selisih: -4.34
[2026-07-03 11:02:02] Keputusan analis: Wait
[2026-07-03 11:02:02] Validasi gagal / keputusan WAIT. Tidak ada eksekusi.
[2026-07-03 11:03:02] Siklus Menit Baru. Harga BTC Terakhir (OKX): $61461.00
[ANALIS] State: BEARISH | EMA13/34: $61430.8/$61431.0 | VWAP Sesi: $61423.21 | Vol Surge: 0.0x | BB50: [$61316.92 - $61603.15] | Tren 15m: BULLISH
[DEBUG] EMA streak: 0 | EMA13: 61430.80 | EMA34: 61430.97 | Selisih: -0.17
[2026-07-03 11:03:02] Keputusan analis: Wait
[2026-07-03 11:03:02] Validasi gagal / keputusan WAIT. Tidak ada eksekusi.
[2026-07-03 11:04:02] Siklus Menit Baru. Harga BTC Terakhir (OKX): $61444.50
[ANALIS] State: BEARISH | EMA13/34: $61431.4/$61432.4 | VWAP Sesi: $61423.21 | Vol Surge: 0.0x | BB50: [$61323.57 - $61600.56] | Tren 15m: BULLISH
[DEBUG] EMA streak: 0 | EMA13: 61431.42 | EMA34: 61432.39 | Selisih: -0.97
[2026-07-03 11:04:02] Keputusan analis: Wait
[2026-07-03 11:04:02] Validasi gagal / keputusan WAIT. Tidak ada eksekusi.
[2026-07-03 11:05:02] Siklus Menit Baru. Harga BTC Terakhir (OKX): $61442.60
[ANALIS] State: BEARISH | EMA13/34: $61432.8/$61435.8 | VWAP Sesi: $61423.22 | Vol Surge: 0.0x | BB50: [$61328.52 - $61599.03] | Tren 15m: BULLISH
[DEBUG] EMA streak: 0 | EMA13: 61432.81 | EMA34: 61435.82 | Selisih: -3.01
[2026-07-03 11:05:02] Keputusan analis: Wait
[2026-07-03 11:05:02] Validasi gagal / keputusan WAIT. Tidak ada eksekusi.
[2026-07-03 11:06:03] Siklus Menit Baru. Harga BTC Terakhir (OKX): $61426.20
[ANALIS] State: BEARISH | EMA13/34: $61430.1/$61434.5 | VWAP Sesi: $61423.22 | Vol Surge: 0.0x | BB50: [$61328.69 - $61598.88] | Tren 15m: BULLISH
[DEBUG] EMA streak: 0 | EMA13: 61430.14 | EMA34: 61434.50 | Selisih: -4.36
[2026-07-03 11:06:03] Keputusan analis: Wait
[2026-07-03 11:06:03] Validasi gagal / keputusan WAIT. Tidak ada eksekusi.
[2026-07-03 11:07:03] Siklus Menit Baru. Harga BTC Terakhir (OKX): $61401.20
[ANALIS] State: BEARISH | EMA13/34: $61422.9/$61431.5 | VWAP Sesi: $61423.21 | Vol Surge: 0.0x | BB50: [$61326.89 - $61599.25] | Tren 15m: BULLISH
[DEBUG] EMA streak: 0 | EMA13: 61422.85 | EMA34: 61431.55 | Selisih: -8.69
[2026-07-03 11:07:03] Keputusan analis: Wait
[2026-07-03 11:07:03] Validasi gagal / keputusan WAIT. Tidak ada eksekusi.
[2026-07-03 11:08:03] Siklus Menit Baru. Harga BTC Terakhir (OKX): $61380.70
[ANALIS] State: BEARISH | EMA13/34: $61414.3/$61428.8 | VWAP Sesi: $61423.11 | Vol Surge: 0.0x | BB50: [$61323.53 - $61600.32] | Tren 15m: BULLISH
[DEBUG] EMA streak: 0 | EMA13: 61414.35 | EMA34: 61428.76 | Selisih: -14.42
[2026-07-03 11:08:03] Keputusan analis: Wait
[2026-07-03 11:08:03] Validasi gagal / keputusan WAIT. Tidak ada eksekusi.
[2026-07-03 11:09:03] Siklus Menit Baru. Harga BTC Terakhir (OKX): $61380.70
[ANALIS] State: BEARISH | EMA13/34: $61409.6/$61431.1 | VWAP Sesi: $61423.11 | Vol Surge: 0.0x | BB50: [$61320.58 - $61600.87] | Tren 15m: BULLISH
[DEBUG] EMA streak: 0 | EMA13: 61409.57 | EMA34: 61431.14 | Selisih: -21.57
[2026-07-03 11:09:03] Keputusan analis: Wait
[2026-07-03 11:09:03] Validasi gagal / keputusan WAIT. Tidak ada eksekusi.
[2026-07-03 11:10:04] Siklus Menit Baru. Harga BTC Terakhir (OKX): $61355.70
[ANALIS] State: BEARISH | EMA13/34: $61400.6/$61426.5 | VWAP Sesi: $61422.64 | Vol Surge: 4.7x | BB50: [$61314.97 - $61598.75] | Tren 15m: BEARISH
[DEBUG] EMA streak: 0 | EMA13: 61400.57 | EMA34: 61426.52 | Selisih: -25.96
[2026-07-03 11:10:04] Keputusan analis: Wait
[2026-07-03 11:10:04] Validasi gagal / keputusan WAIT. Tidak ada eksekusi.
[2026-07-03 11:11:04] Siklus Menit Baru. Harga BTC Terakhir (OKX): $61380.80
[ANALIS] State: BEARISH | EMA13/34: $61399.5/$61426.0 | VWAP Sesi: $61422.71 | Vol Surge: 0.1x | BB50: [$61313.38 - $61594.43] | Tren 15m: BEARISH
[DEBUG] EMA streak: 0 | EMA13: 61399.52 | EMA34: 61426.03 | Selisih: -26.51
[2026-07-03 11:11:04] Keputusan analis: Wait
[2026-07-03 11:11:04] Validasi gagal / keputusan WAIT. Tidak ada eksekusi.
[2026-07-03 11:12:04] Siklus Menit Baru. Harga BTC Terakhir (OKX): $61416.60
[ANALIS] State: BEARISH | EMA13/34: $61405.9/$61427.0 | VWAP Sesi: $61422.71 | Vol Surge: 0.1x | BB50: [$61315.53 - $61587.49] | Tren 15m: BULLISH
[DEBUG] EMA streak: 0 | EMA13: 61405.90 | EMA34: 61427.05 | Selisih: -21.15
[2026-07-03 11:12:04] Keputusan analis: Wait
[2026-07-03 11:12:04] Validasi gagal / keputusan WAIT. Tidak ada eksekusi.
[2026-07-03 11:13:04] Siklus Menit Baru. Harga BTC Terakhir (OKX): $61423.80
[ANALIS] State: BEARISH | EMA13/34: $61409.3/$61426.9 | VWAP Sesi: $61422.71 | Vol Surge: 0.0x | BB50: [$61316.72 - $61580.93] | Tren 15m: BEARISH
[DEBUG] EMA streak: 0 | EMA13: 61409.35 | EMA34: 61426.88 | Selisih: -17.53
[2026-07-03 11:13:04] Keputusan analis: Wait
[2026-07-03 11:13:04] Validasi gagal / keputusan WAIT. Tidak ada eksekusi.
[2026-07-03 11:14:04] Siklus Menit Baru. Harga BTC Terakhir (OKX): $61420.80
[ANALIS] State: BEARISH | EMA13/34: $61410.6/$61426.7 | VWAP Sesi: $61422.71 | Vol Surge: 0.0x | BB50: [$61317.40 - $61574.64] | Tren 15m: BEARISH
[DEBUG] EMA streak: 0 | EMA13: 61410.62 | EMA34: 61426.66 | Selisih: -16.04
[2026-07-03 11:14:04] Keputusan analis: Wait
[2026-07-03 11:14:04] Validasi gagal / keputusan WAIT. Tidak ada eksekusi.
[2026-07-03 11:15:04] Siklus Menit Baru. Harga BTC Terakhir (OKX): $61428.30
[ANALIS] State: BEARISH | EMA13/34: $61415.3/$61426.3 | VWAP Sesi: $61422.71 | Vol Surge: 0.1x | BB50: [$61319.60 - $61567.75] | Tren 15m: BEARISH
[DEBUG] EMA streak: 0 | EMA13: 61415.33 | EMA34: 61426.31 | Selisih: -10.98
[2026-07-03 11:15:04] Keputusan analis: Wait
[2026-07-03 11:15:04] Validasi gagal / keputusan WAIT. Tidak ada eksekusi.
[2026-07-03 11:16:05] Siklus Menit Baru. Harga BTC Terakhir (OKX): $61384.50
[ANALIS] State: BEARISH | EMA13/34: $61405.5/$61422.3 | VWAP Sesi: $61422.67 | Vol Surge: 0.0x | BB50: [$61316.53 - $61562.96] | Tren 15m: BEARISH
[DEBUG] EMA streak: 0 | EMA13: 61405.54 | EMA34: 61422.27 | Selisih: -16.73
[2026-07-03 11:16:05] Keputusan analis: Wait
[2026-07-03 11:16:05] Validasi gagal / keputusan WAIT. Tidak ada eksekusi.
[2026-07-03 11:17:05] Siklus Menit Baru. Harga BTC Terakhir (OKX): $61361.00
[ANALIS] State: BEARISH | EMA13/34: $61395.9/$61417.1 | VWAP Sesi: $61422.63 | Vol Surge: 0.1x | BB50: [$61313.27 - $61557.56] | Tren 15m: BEARISH
[DEBUG] EMA streak: 0 | EMA13: 61395.86 | EMA34: 61417.08 | Selisih: -21.22
[2026-07-03 11:17:05] Keputusan analis: Wait
[2026-07-03 11:17:05] Validasi gagal / keputusan WAIT. Tidak ada eksekusi.
[2026-07-03 11:18:05] Siklus Menit Baru. Harga BTC Terakhir (OKX): $61372.50
[ANALIS] State: BEARISH | EMA13/34: $61393.9/$61415.0 | VWAP Sesi: $61422.62 | Vol Surge: 0.0x | BB50: [$61313.49 - $61550.87] | Tren 15m: BEARISH
[DEBUG] EMA streak: 0 | EMA13: 61393.94 | EMA34: 61414.98 | Selisih: -21.04
[2026-07-03 11:18:05] Keputusan analis: Wait
[2026-07-03 11:18:05] Validasi gagal / keputusan WAIT. Tidak ada eksekusi.
[2026-07-03 11:19:05] Siklus Menit Baru. Harga BTC Terakhir (OKX): $61372.90
[ANALIS] State: BEARISH | EMA13/34: $61391.0/$61412.1 | VWAP Sesi: $61422.53 | Vol Surge: 0.0x | BB50: [$61313.28 - $61544.30] | Tren 15m: BEARISH
[DEBUG] EMA streak: 0 | EMA13: 61390.97 | EMA34: 61412.10 | Selisih: -21.13
[2026-07-03 11:19:05] Keputusan analis: Wait
[2026-07-03 11:19:05] Validasi gagal / keputusan WAIT. Tidak ada eksekusi.
[2026-07-03 11:20:05] Siklus Menit Baru. Harga BTC Terakhir (OKX): $61403.40
[ANALIS] State: BEARISH | EMA13/34: $61394.7/$61413.0 | VWAP Sesi: $61422.52 | Vol Surge: 0.3x | BB50: [$61315.25 - $61537.75] | Tren 15m: BEARISH
[DEBUG] EMA streak: 0 | EMA13: 61394.66 | EMA34: 61412.96 | Selisih: -18.30
[2026-07-03 11:20:05] Keputusan analis: Wait
[2026-07-03 11:20:05] Validasi gagal / keputusan WAIT. Tidak ada eksekusi.
[2026-07-03 11:21:05] Siklus Menit Baru. Harga BTC Terakhir (OKX): $61391.30
[ANALIS] State: BEARISH | EMA13/34: $61392.8/$61410.9 | VWAP Sesi: $61422.51 | Vol Surge: 0.1x | BB50: [$61316.48 - $61529.99] | Tren 15m: BEARISH
[DEBUG] EMA streak: 0 | EMA13: 61392.77 | EMA34: 61410.90 | Selisih: -18.13
[2026-07-03 11:21:06] Keputusan analis: Wait
[2026-07-03 11:21:06] Validasi gagal / keputusan WAIT. Tidak ada eksekusi.
[2026-07-03 11:22:06] Siklus Menit Baru. Harga BTC Terakhir (OKX): $61389.90
[ANALIS] State: SIDEWAYS | EMA13/34: $61392.2/$61409.7 | VWAP Sesi: $61422.50 | Vol Surge: 0.0x | BB50: [$61318.35 - $61522.08] | Tren 15m: BULLISH
[ANALIS-SIDEWAYS] WAIT - Lebar BB sempit (0.332%).
[2026-07-03 11:22:06] Keputusan analis: Wait
[2026-07-03 11:22:06] Validasi gagal / keputusan WAIT. Tidak ada eksekusi.
[2026-07-03 11:23:06] Siklus Menit Baru. Harga BTC Terakhir (OKX): $61392.60
[ANALIS] State: SIDEWAYS | EMA13/34: $61392.6/$61408.4 | VWAP Sesi: $61422.50 | Vol Surge: 0.0x | BB50: [$61321.30 - $61513.27] | Tren 15m: BULLISH
[ANALIS-SIDEWAYS] WAIT - Lebar BB sempit (0.313%).
[2026-07-03 11:23:06] Keputusan analis: Wait
[2026-07-03 11:23:06] Validasi gagal / keputusan WAIT. Tidak ada eksekusi.
[2026-07-03 11:24:06] Siklus Menit Baru. Harga BTC Terakhir (OKX): $61409.20
[ANALIS] State: SIDEWAYS | EMA13/34: $61397.0/$61409.3 | VWAP Sesi: $61422.49 | Vol Surge: 0.0x | BB50: [$61325.22 - $61505.07] | Tren 15m: BULLISH
[ANALIS-SIDEWAYS] WAIT - Lebar BB sempit (0.293%).
[2026-07-03 11:24:06] Keputusan analis: Wait
[2026-07-03 11:24:06] Validasi gagal / keputusan WAIT. Tidak ada eksekusi.
[2026-07-03 11:25:06] Siklus Menit Baru. Harga BTC Terakhir (OKX): $61413.10
[ANALIS] State: SIDEWAYS | EMA13/34: $61401.2/$61409.6 | VWAP Sesi: $61422.49 | Vol Surge: 0.3x | BB50: [$61329.52 - $61496.65] | Tren 15m: BULLISH
[ANALIS-SIDEWAYS] WAIT - Lebar BB sempit (0.272%).
[2026-07-03 11:25:06] Keputusan analis: Wait
[2026-07-03 11:25:06] Validasi gagal / keputusan WAIT. Tidak ada eksekusi.
[2026-07-03 11:26:06] Siklus Menit Baru. Harga BTC Terakhir (OKX): $61422.50
[ANALIS] State: SIDEWAYS | EMA13/34: $61405.4/$61411.0 | VWAP Sesi: $61422.49 | Vol Surge: 0.0x | BB50: [$61333.17 - $61489.58] | Tren 15m: BULLISH
[ANALIS-SIDEWAYS] WAIT - Lebar BB sempit (0.255%).
[2026-07-03 11:26:06] Keputusan analis: Wait
[2026-07-03 11:26:06] Validasi gagal / keputusan WAIT. Tidak ada eksekusi.
[2026-07-03 11:27:07] Siklus Menit Baru. Harga BTC Terakhir (OKX): $61415.10
[ANALIS] State: SIDEWAYS | EMA13/34: $61403.9/$61410.3 | VWAP Sesi: $61422.48 | Vol Surge: 0.0x | BB50: [$61337.05 - $61480.64] | Tren 15m: BEARISH
[ANALIS-SIDEWAYS] WAIT - Lebar BB sempit (0.234%).
[2026-07-03 11:27:07] Keputusan analis: Wait
[2026-07-03 11:27:07] Validasi gagal / keputusan WAIT. Tidak ada eksekusi.
[2026-07-03 11:28:07] Siklus Menit Baru. Harga BTC Terakhir (OKX): $61411.20
[ANALIS] State: SIDEWAYS | EMA13/34: $61405.4/$61408.6 | VWAP Sesi: $61422.48 | Vol Surge: 0.0x | BB50: [$61343.04 - $61470.22] | Tren 15m: BEARISH
[ANALIS-SIDEWAYS] WAIT - Lebar BB sempit (0.207%).
[2026-07-03 11:28:07] Keputusan analis: Wait
[2026-07-03 11:28:07] Validasi gagal / keputusan WAIT. Tidak ada eksekusi.
[2026-07-03 11:29:07] Siklus Menit Baru. Harga BTC Terakhir (OKX): $61422.50
[ANALIS] State: SIDEWAYS | EMA13/34: $61409.2/$61410.0 | VWAP Sesi: $61422.48 | Vol Surge: 0.0x | BB50: [$61346.05 - $61465.01] | Tren 15m: BEARISH
[ANALIS-SIDEWAYS] WAIT - Lebar BB sempit (0.194%).
[2026-07-03 11:29:07] Keputusan analis: Wait
[2026-07-03 11:29:07] Validasi gagal / keputusan WAIT. Tidak ada eksekusi.
[2026-07-03 11:30:07] Siklus Menit Baru. Harga BTC Terakhir (OKX): $61434.70
[ANALIS] State: SIDEWAYS | EMA13/34: $61415.2/$61408.7 | VWAP Sesi: $61422.49 | Vol Surge: 0.1x | BB50: [$61348.80 - $61460.91] | Tren 15m: BULLISH
[ANALIS-SIDEWAYS] WAIT - Lebar BB sempit (0.182%).
[2026-07-03 11:30:07] Keputusan analis: Wait
[2026-07-03 11:30:07] Validasi gagal / keputusan WAIT. Tidak ada eksekusi.
[2026-07-03 11:31:07] Siklus Menit Baru. Harga BTC Terakhir (OKX): $61423.70
[ANALIS] State: SIDEWAYS | EMA13/34: $61415.0/$61409.0 | VWAP Sesi: $61422.49 | Vol Surge: 0.4x | BB50: [$61348.95 - $61460.52] | Tren 15m: BULLISH
[ANALIS-SIDEWAYS] WAIT - Lebar BB sempit (0.182%).
[2026-07-03 11:31:07] Keputusan analis: Wait
[2026-07-03 11:31:07] Validasi gagal / keputusan WAIT. Tidak ada eksekusi.
[2026-07-03 11:32:07] Siklus Menit Baru. Harga BTC Terakhir (OKX): $61450.00
[ANALIS] State: SIDEWAYS | EMA13/34: $61422.6/$61411.5 | VWAP Sesi: $61422.51 | Vol Surge: 0.0x | BB50: [$61347.84 - $61463.76] | Tren 15m: BULLISH
[ANALIS-SIDEWAYS] WAIT - Lebar BB sempit (0.189%).
[2026-07-03 11:32:07] Keputusan analis: Wait
[2026-07-03 11:32:07] Validasi gagal / keputusan WAIT. Tidak ada eksekusi.
[2026-07-03 11:33:08] Siklus Menit Baru. Harga BTC Terakhir (OKX): $61450.00
[ANALIS] State: SIDEWAYS | EMA13/34: $61428.8/$61414.5 | VWAP Sesi: $61422.68 | Vol Surge: 0.0x | BB50: [$61346.75 - $61467.63] | Tren 15m: BULLISH
[ANALIS-SIDEWAYS] WAIT - Lebar BB sempit (0.197%).
[2026-07-03 11:33:08] Keputusan analis: Wait
[2026-07-03 11:33:08] Validasi gagal / keputusan WAIT. Tidak ada eksekusi.
[2026-07-03 11:34:08] Siklus Menit Baru. Harga BTC Terakhir (OKX): $61420.70
[ANALIS] State: SIDEWAYS | EMA13/34: $61424.2/$61412.8 | VWAP Sesi: $61422.68 | Vol Surge: 0.0x | BB50: [$61347.83 - $61466.45] | Tren 15m: BULLISH
[ANALIS-SIDEWAYS] WAIT - Lebar BB sempit (0.193%).
[2026-07-03 11:34:08] Keputusan analis: Wait
[2026-07-03 11:34:08] Validasi gagal / keputusan WAIT. Tidak ada eksekusi.
[2026-07-03 11:35:08] Siklus Menit Baru. Harga BTC Terakhir (OKX): $61411.30
[ANALIS] State: SIDEWAYS | EMA13/34: $61421.6/$61413.7 | VWAP Sesi: $61422.68 | Vol Surge: 0.0x | BB50: [$61348.63 - $61466.45] | Tren 15m: BULLISH
[ANALIS-SIDEWAYS] WAIT - Lebar BB sempit (0.192%).
[2026-07-03 11:35:08] Keputusan analis: Wait
[2026-07-03 11:35:08] Validasi gagal / keputusan WAIT. Tidak ada eksekusi.
[2026-07-03 11:36:08] Siklus Menit Baru. Harga BTC Terakhir (OKX): $61437.00
[ANALIS] State: SIDEWAYS | EMA13/34: $61424.9/$61414.6 | VWAP Sesi: $61422.68 | Vol Surge: 0.0x | BB50: [$61348.67 - $61467.81] | Tren 15m: BULLISH
[ANALIS-SIDEWAYS] WAIT - Lebar BB sempit (0.194%).
[2026-07-03 11:36:08] Keputusan analis: Wait
[2026-07-03 11:36:08] Validasi gagal / keputusan WAIT. Tidak ada eksekusi.
[2026-07-03 11:37:08] Siklus Menit Baru. Harga BTC Terakhir (OKX): $61499.10
[ANALIS] State: SIDEWAYS | EMA13/34: $61437.3/$61419.5 | VWAP Sesi: $61422.75 | Vol Surge: 0.3x | BB50: [$61345.84 - $61475.50] | Tren 15m: BULLISH
[ANALIS-SIDEWAYS] WAIT - Lebar BB sempit (0.211%).
[2026-07-03 11:37:08] Keputusan analis: Wait
[2026-07-03 11:37:08] Validasi gagal / keputusan WAIT. Tidak ada eksekusi.
[2026-07-03 11:38:09] Siklus Menit Baru. Harga BTC Terakhir (OKX): $61509.00
[ANALIS] State: SIDEWAYS | EMA13/34: $61450.0/$61427.6 | VWAP Sesi: $61422.88 | Vol Surge: 0.0x | BB50: [$61341.97 - $61485.43] | Tren 15m: BULLISH
[ANALIS-SIDEWAYS] WAIT - Lebar BB sempit (0.233%).
[2026-07-03 11:38:09] Keputusan analis: Wait
[2026-07-03 11:38:09] Validasi gagal / keputusan WAIT. Tidak ada eksekusi.
[2026-07-03 11:39:09] Siklus Menit Baru. Harga BTC Terakhir (OKX): $61500.70
[ANALIS] State: SIDEWAYS | EMA13/34: $61457.0/$61429.3 | VWAP Sesi: $61422.99 | Vol Surge: 0.8x | BB50: [$61339.84 - $61490.96] | Tren 15m: BULLISH
[ANALIS-SIDEWAYS] WAIT - Lebar BB sempit (0.246%).
[2026-07-03 11:39:09] Keputusan analis: Wait
[2026-07-03 11:39:09] Validasi gagal / keputusan WAIT. Tidak ada eksekusi.
[2026-07-03 11:40:09] Siklus Menit Baru. Harga BTC Terakhir (OKX): $61510.80
[ANALIS] State: SIDEWAYS | EMA13/34: $61465.9/$61435.2 | VWAP Sesi: $61423.14 | Vol Surge: 0.0x | BB50: [$61338.60 - $61498.28] | Tren 15m: BULLISH
[ANALIS-SIDEWAYS] WAIT - Lebar BB sempit (0.260%).
[2026-07-03 11:40:09] Keputusan analis: Wait
[2026-07-03 11:40:09] Validasi gagal / keputusan WAIT. Tidak ada eksekusi.
[2026-07-03 11:41:09] Siklus Menit Baru. Harga BTC Terakhir (OKX): $61523.10
[ANALIS] State: SIDEWAYS | EMA13/34: $61476.4/$61441.2 | VWAP Sesi: $61423.30 | Vol Surge: 0.1x | BB50: [$61335.55 - $61507.69] | Tren 15m: BULLISH
[ANALIS-SIDEWAYS] WAIT - Lebar BB sempit (0.280%).
[2026-07-03 11:41:09] Keputusan analis: Wait
[2026-07-03 11:41:09] Validasi gagal / keputusan WAIT. Tidak ada eksekusi.
[2026-07-03 11:42:09] Siklus Menit Baru. Harga BTC Terakhir (OKX): $61523.70
[ANALIS] State: SIDEWAYS | EMA13/34: $61483.2/$61444.8 | VWAP Sesi: $61423.32 | Vol Surge: 0.0x | BB50: [$61334.45 - $61514.44] | Tren 15m: BULLISH
[ANALIS-SIDEWAYS] WAIT - Lebar BB sempit (0.293%).
[2026-07-03 11:42:09] Keputusan analis: Wait
[2026-07-03 11:42:09] Validasi gagal / keputusan WAIT. Tidak ada eksekusi.
[2026-07-03 11:43:09] Siklus Menit Baru. Harga BTC Terakhir (OKX): $61510.00
[ANALIS] State: SIDEWAYS | EMA13/34: $61486.2/$61448.4 | VWAP Sesi: $61423.78 | Vol Surge: 0.1x | BB50: [$61336.55 - $61518.04] | Tren 15m: BULLISH
[ANALIS-SIDEWAYS] WAIT - Lebar BB sempit (0.295%).
[2026-07-03 11:43:09] Keputusan analis: Wait
[2026-07-03 11:43:09] Validasi gagal / keputusan WAIT. Tidak ada eksekusi.
[2026-07-03 11:44:10] Siklus Menit Baru. Harga BTC Terakhir (OKX): $61500.10
[ANALIS] State: SIDEWAYS | EMA13/34: $61487.2/$61451.2 | VWAP Sesi: $61423.80 | Vol Surge: 0.1x | BB50: [$61339.14 - $61520.49] | Tren 15m: BULLISH
[ANALIS-SIDEWAYS] WAIT - Lebar BB sempit (0.295%).
[2026-07-03 11:44:10] Keputusan analis: Wait
[2026-07-03 11:44:10] Validasi gagal / keputusan WAIT. Tidak ada eksekusi.
[2026-07-03 11:45:10] Siklus Menit Baru. Harga BTC Terakhir (OKX): $61505.60
[ANALIS] State: SIDEWAYS | EMA13/34: $61490.5/$61455.2 | VWAP Sesi: $61424.39 | Vol Surge: 0.1x | BB50: [$61340.84 - $61524.45] | Tren 15m: BULLISH
[ANALIS-SIDEWAYS] WAIT - Lebar BB sempit (0.299%).
[2026-07-03 11:45:10] Keputusan analis: Wait
[2026-07-03 11:45:10] Validasi gagal / keputusan WAIT. Tidak ada eksekusi.
[2026-07-03 11:46:10] Siklus Menit Baru. Harga BTC Terakhir (OKX): $61437.30
[ANALIS] State: SIDEWAYS | EMA13/34: $61479.3/$61454.3 | VWAP Sesi: $61424.47 | Vol Surge: 0.0x | BB50: [$61344.21 - $61522.07] | Tren 15m: BEARISH
[ANALIS-SIDEWAYS] WAIT - Lebar BB sempit (0.289%).
[2026-07-03 11:46:10] Keputusan analis: Wait
[2026-07-03 11:46:10] Validasi gagal / keputusan WAIT. Tidak ada eksekusi.
[2026-07-03 11:47:10] Siklus Menit Baru. Harga BTC Terakhir (OKX): $61452.50
[ANALIS] State: SIDEWAYS | EMA13/34: $61475.0/$61456.6 | VWAP Sesi: $61424.52 | Vol Surge: 0.0x | BB50: [$61344.96 - $61522.72] | Tren 15m: BEARISH
[ANALIS-SIDEWAYS] WAIT - Lebar BB sempit (0.289%).
[2026-07-03 11:47:10] Keputusan analis: Wait
[2026-07-03 11:47:10] Validasi gagal / keputusan WAIT. Tidak ada eksekusi.
[2026-07-03 11:48:10] Siklus Menit Baru. Harga BTC Terakhir (OKX): $61425.30
[ANALIS] State: SIDEWAYS | EMA13/34: $61465.2/$61452.1 | VWAP Sesi: $61424.52 | Vol Surge: 0.0x | BB50: [$61344.26 - $61520.98] | Tren 15m: BULLISH
[ANALIS-SIDEWAYS] WAIT - Lebar BB sempit (0.288%).
[2026-07-03 11:48:10] Keputusan analis: Wait
[2026-07-03 11:48:10] Validasi gagal / keputusan WAIT. Tidak ada eksekusi.
[2026-07-03 11:49:11] Siklus Menit Baru. Harga BTC Terakhir (OKX): $61422.60
[ANALIS] State: SIDEWAYS | EMA13/34: $61457.0/$61450.2 | VWAP Sesi: $61424.52 | Vol Surge: 0.0x | BB50: [$61343.44 - $61520.62] | Tren 15m: BULLISH
[ANALIS-SIDEWAYS] WAIT - Lebar BB sempit (0.288%).
[2026-07-03 11:49:11] Keputusan analis: Wait
[2026-07-03 11:49:11] Validasi gagal / keputusan WAIT. Tidak ada eksekusi.
[2026-07-03 11:50:11] Siklus Menit Baru. Harga BTC Terakhir (OKX): $61386.80
[ANALIS] State: SIDEWAYS | EMA13/34: $61446.1/$61446.8 | VWAP Sesi: $61424.51 | Vol Surge: 0.0x | BB50: [$61341.21 - $61520.12] | Tren 15m: BEARISH
[ANALIS-SIDEWAYS] WAIT - Lebar BB sempit (0.291%).
[2026-07-03 11:50:11] Keputusan analis: Wait
[2026-07-03 11:50:11] Validasi gagal / keputusan WAIT. Tidak ada eksekusi.
[2026-07-03 11:51:11] Siklus Menit Baru. Harga BTC Terakhir (OKX): $61386.00
[ANALIS] State: SIDEWAYS | EMA13/34: $61437.3/$61442.9 | VWAP Sesi: $61424.46 | Vol Surge: 0.8x | BB50: [$61339.16 - $61519.18] | Tren 15m: BEARISH
[ANALIS-SIDEWAYS] WAIT - Lebar BB sempit (0.293%).
[2026-07-03 11:51:11] Keputusan analis: Wait
[2026-07-03 11:51:11] Validasi gagal / keputusan WAIT. Tidak ada eksekusi.
[2026-07-03 11:52:11] Siklus Menit Baru. Harga BTC Terakhir (OKX): $61398.90
[ANALIS] State: SIDEWAYS | EMA13/34: $61431.4/$61440.1 | VWAP Sesi: $61424.42 | Vol Surge: 0.0x | BB50: [$61337.88 - $61518.21] | Tren 15m: BEARISH
[ANALIS-SIDEWAYS] WAIT - Lebar BB sempit (0.294%).
[2026-07-03 11:52:11] Keputusan analis: Wait
[2026-07-03 11:52:11] Validasi gagal / keputusan WAIT. Tidak ada eksekusi.
[2026-07-03 11:53:11] Siklus Menit Baru. Harga BTC Terakhir (OKX): $61426.10
[ANALIS] State: SIDEWAYS | EMA13/34: $61434.0/$61440.4 | VWAP Sesi: $61424.42 | Vol Surge: 0.1x | BB50: [$61338.73 - $61517.51] | Tren 15m: BEARISH
[ANALIS-SIDEWAYS] WAIT - Lebar BB sempit (0.291%).
[2026-07-03 11:53:11] Keputusan analis: Wait
[2026-07-03 11:53:11] Validasi gagal / keputusan WAIT. Tidak ada eksekusi.
[2026-07-03 11:54:11] Siklus Menit Baru. Harga BTC Terakhir (OKX): $61416.00
[ANALIS] State: SIDEWAYS | EMA13/34: $61430.2/$61437.6 | VWAP Sesi: $61424.41 | Vol Surge: 0.0x | BB50: [$61337.97 - $61516.80] | Tren 15m: BEARISH
[ANALIS-SIDEWAYS] WAIT - Lebar BB sempit (0.291%).
[2026-07-03 11:54:11] Keputusan analis: Wait
[2026-07-03 11:54:11] Validasi gagal / keputusan WAIT. Tidak ada eksekusi.
[2026-07-03 11:55:12] Siklus Menit Baru. Harga BTC Terakhir (OKX): $61398.30
[ANALIS] State: SIDEWAYS | EMA13/34: $61424.0/$61433.3 | VWAP Sesi: $61424.33 | Vol Surge: 2.7x | BB50: [$61336.55 - $61516.52] | Tren 15m: BEARISH
[ANALIS-SIDEWAYS] WAIT - Lebar BB sempit (0.293%).
[2026-07-03 11:55:12] Keputusan analis: Wait
[2026-07-03 11:55:12] Validasi gagal / keputusan WAIT. Tidak ada eksekusi.
[2026-07-03 11:56:12] Siklus Menit Baru. Harga BTC Terakhir (OKX): $61412.80
[ANALIS] State: SIDEWAYS | EMA13/34: $61422.1/$61430.9 | VWAP Sesi: $61424.25 | Vol Surge: 0.1x | BB50: [$61336.87 - $61516.56] | Tren 15m: BEARISH
[ANALIS-SIDEWAYS] WAIT - Lebar BB sempit (0.293%).
[2026-07-03 11:56:12] Keputusan analis: Wait
[2026-07-03 11:56:12] Validasi gagal / keputusan WAIT. Tidak ada eksekusi.
[2026-07-03 11:57:12] Siklus Menit Baru. Harga BTC Terakhir (OKX): $61411.00
[ANALIS] State: SIDEWAYS | EMA13/34: $61420.3/$61429.7 | VWAP Sesi: $61424.25 | Vol Surge: 0.0x | BB50: [$61338.26 - $61516.31] | Tren 15m: BEARISH
[ANALIS-SIDEWAYS] WAIT - Lebar BB sempit (0.290%).
[2026-07-03 11:57:12] Keputusan analis: Wait
[2026-07-03 11:57:12] Validasi gagal / keputusan WAIT. Tidak ada eksekusi.
[2026-07-03 11:58:12] Siklus Menit Baru. Harga BTC Terakhir (OKX): $61516.00
[ANALIS] State: SIDEWAYS | EMA13/34: $61438.2/$61435.9 | VWAP Sesi: $61424.73 | Vol Surge: 0.9x | BB50: [$61339.36 - $61522.02] | Tren 15m: BULLISH
[ANALIS-SIDEWAYS] WAIT - Lebar BB sempit (0.297%).
[2026-07-03 11:58:12] Keputusan analis: Wait
[2026-07-03 11:58:12] Validasi gagal / keputusan WAIT. Tidak ada eksekusi.
[2026-07-03 11:59:12] Siklus Menit Baru. Harga BTC Terakhir (OKX): $61461.40
[ANALIS] State: SIDEWAYS | EMA13/34: $61437.6/$61435.7 | VWAP Sesi: $61424.73 | Vol Surge: 0.5x | BB50: [$61343.77 - $61519.98] | Tren 15m: BEARISH
[ANALIS-SIDEWAYS] WAIT - Lebar BB sempit (0.287%).
[2026-07-03 11:59:12] Keputusan analis: Wait
[2026-07-03 11:59:12] Validasi gagal / keputusan WAIT. Tidak ada eksekusi.
[2026-07-03 12:00:13] Siklus Menit Baru. Harga BTC Terakhir (OKX): $61443.70
[ANALIS] State: SIDEWAYS | EMA13/34: $61437.0/$61437.7 | VWAP Sesi: $61424.74 | Vol Surge: 0.4x | BB50: [$61346.98 - $61519.21] | Tren 15m: BEARISH
[ANALIS-SIDEWAYS] WAIT - Lebar BB sempit (0.280%).
[2026-07-03 12:00:13] Keputusan analis: Wait
[2026-07-03 12:00:13] Validasi gagal / keputusan WAIT. Tidak ada eksekusi.
[2026-07-03 12:01:13] Siklus Menit Baru. Harga BTC Terakhir (OKX): $61466.50
[ANALIS] State: SIDEWAYS | EMA13/34: $61444.7/$61441.4 | VWAP Sesi: $61424.80 | Vol Surge: 0.0x | BB50: [$61347.71 - $61521.76] | Tren 15m: BULLISH
[ANALIS-SIDEWAYS] WAIT - Lebar BB sempit (0.283%).
[2026-07-03 12:01:13] Keputusan analis: Wait
[2026-07-03 12:01:13] Validasi gagal / keputusan WAIT. Tidak ada eksekusi.
[2026-07-03 12:02:13] Siklus Menit Baru. Harga BTC Terakhir (OKX): $61499.90
[ANALIS] State: SIDEWAYS | EMA13/34: $61453.3/$61444.9 | VWAP Sesi: $61424.87 | Vol Surge: 0.5x | BB50: [$61347.35 - $61525.38] | Tren 15m: BULLISH
[ANALIS-SIDEWAYS] WAIT - Lebar BB sempit (0.289%).
[2026-07-03 12:02:13] Keputusan analis: Wait
[2026-07-03 12:02:13] Validasi gagal / keputusan WAIT. Tidak ada eksekusi.
[2026-07-03 12:03:13] Siklus Menit Baru. Harga BTC Terakhir (OKX): $61481.90
[ANALIS] State: SIDEWAYS | EMA13/34: $61457.5/$61448.0 | VWAP Sesi: $61424.99 | Vol Surge: 0.1x | BB50: [$61347.76 - $61527.45] | Tren 15m: BULLISH
[ANALIS-SIDEWAYS] WAIT - Lebar BB sempit (0.292%).
[2026-07-03 12:03:13] Keputusan analis: Wait
[2026-07-03 12:03:13] Validasi gagal / keputusan WAIT. Tidak ada eksekusi.
[2026-07-03 12:04:13] Siklus Menit Baru. Harga BTC Terakhir (OKX): $61514.10
[ANALIS] State: SIDEWAYS | EMA13/34: $61470.6/$61451.2 | VWAP Sesi: $61425.11 | Vol Surge: 0.0x | BB50: [$61345.32 - $61534.57] | Tren 15m: BULLISH
[ANALIS-SIDEWAYS] WAIT - Lebar BB sempit (0.308%).
[2026-07-03 12:04:13] Keputusan analis: Wait
[2026-07-03 12:04:13] Validasi gagal / keputusan WAIT. Tidak ada eksekusi.
[2026-07-03 12:05:13] Siklus Menit Baru. Harga BTC Terakhir (OKX): $61535.20
[ANALIS] State: SIDEWAYS | EMA13/34: $61483.3/$61456.1 | VWAP Sesi: $61425.54 | Vol Surge: 1.0x | BB50: [$61344.64 - $61542.41] | Tren 15m: BULLISH
[ANALIS-SIDEWAYS] WAIT - Lebar BB sempit (0.321%).
[2026-07-03 12:05:13] Keputusan analis: Wait
[2026-07-03 12:05:13] Validasi gagal / keputusan WAIT. Tidak ada eksekusi.
[2026-07-03 12:06:14] Siklus Menit Baru. Harga BTC Terakhir (OKX): $61536.70
[ANALIS] State: SIDEWAYS | EMA13/34: $61491.5/$61461.7 | VWAP Sesi: $61426.30 | Vol Surge: 0.0x | BB50: [$61347.74 - $61546.67] | Tren 15m: BULLISH
[ANALIS-SIDEWAYS] WAIT - Lebar BB sempit (0.323%).
[2026-07-03 12:06:14] Keputusan analis: Wait
[2026-07-03 12:06:14] Validasi gagal / keputusan WAIT. Tidak ada eksekusi.
[2026-07-03 12:07:14] Siklus Menit Baru. Harga BTC Terakhir (OKX): $61556.30
[ANALIS] State: SIDEWAYS | EMA13/34: $61501.9/$61467.7 | VWAP Sesi: $61426.40 | Vol Surge: 0.3x | BB50: [$61348.70 - $61553.44] | Tren 15m: BULLISH
[ANALIS-SIDEWAYS] WAIT - Lebar BB sempit (0.333%).
[2026-07-03 12:07:14] Keputusan analis: Wait
[2026-07-03 12:07:14] Validasi gagal / keputusan WAIT. Tidak ada eksekusi.
[2026-07-03 12:08:14] Siklus Menit Baru. Harga BTC Terakhir (OKX): $61539.90
[ANALIS] State: SIDEWAYS | EMA13/34: $61503.9/$61471.1 | VWAP Sesi: $61426.45 | Vol Surge: 0.0x | BB50: [$61352.93 - $61554.77] | Tren 15m: BULLISH
[ANALIS-SIDEWAYS] WAIT - Lebar BB sempit (0.328%).
[2026-07-03 12:08:14] Keputusan analis: Wait
[2026-07-03 12:08:14] Validasi gagal / keputusan WAIT. Tidak ada eksekusi.
[2026-07-03 12:09:14] Siklus Menit Baru. Harga BTC Terakhir (OKX): $61545.90
[ANALIS] State: SIDEWAYS | EMA13/34: $61510.7/$61475.9 | VWAP Sesi: $61426.51 | Vol Surge: 0.1x | BB50: [$61354.29 - $61559.93] | Tren 15m: BULLISH
[ANALIS-SIDEWAYS] WAIT - Lebar BB sempit (0.334%).
[2026-07-03 12:09:14] Keputusan analis: Wait
[2026-07-03 12:09:14] Validasi gagal / keputusan WAIT. Tidak ada eksekusi.
[2026-07-03 12:10:14] Siklus Menit Baru. Harga BTC Terakhir (OKX): $61557.40
[ANALIS] State: BULLISH | EMA13/34: $61517.4/$61480.4 | VWAP Sesi: $61426.64 | Vol Surge: 0.2x | BB50: [$61355.60 - $61565.26] | Tren 15m: BULLISH
[DEBUG] EMA streak: 0 | EMA13: 61517.36 | EMA34: 61480.45 | Selisih: 36.91
[ANALIS-TRENDING] Quant Golden Cross (EMA13 > EMA34), Di atas VWAP ($61426.64), & Tren 15m Bullish. Sinyal BUY.
[2026-07-03 12:10:14] Keputusan analis: Buy(0.0031914622711267703, "[Trending] Quant EMA13/34 Buy (Vol 0.2x)")
[2026-07-03 12:10:14] Mengeksekusi transaksi...
[2026-07-03 12:10:14] Eksekusi sukses. Saldo: $785.64, BTC: 0.0032
[2026-07-03 12:11:14] Siklus Menit Baru. Harga BTC Terakhir (OKX): $61530.80
[ANALIS] State: SIDEWAYS | EMA13/34: $61515.8/$61481.9 | VWAP Sesi: $61426.67 | Vol Surge: 0.1x | BB50: [$61359.77 - $61565.60] | Tren 15m: BULLISH
[ANALIS-SIDEWAYS] WAIT - Lebar BB sempit (0.335%).
[2026-07-03 12:11:14] Keputusan analis: Wait
[2026-07-03 12:11:14] Validasi gagal / keputusan WAIT. Tidak ada eksekusi.
[2026-07-03 12:12:15] Siklus Menit Baru. Harga BTC Terakhir (OKX): $61537.50
[ANALIS] State: SIDEWAYS | EMA13/34: $61519.7/$61486.3 | VWAP Sesi: $61426.87 | Vol Surge: 0.8x | BB50: [$61362.37 - $61569.04] | Tren 15m: BULLISH
[ANALIS-SIDEWAYS] WAIT - Lebar BB sempit (0.336%).
[2026-07-03 12:12:15] Keputusan analis: Wait
[2026-07-03 12:12:15] Validasi gagal / keputusan WAIT. Tidak ada eksekusi.
[2026-07-03 12:13:15] Siklus Menit Baru. Harga BTC Terakhir (OKX): $61540.20
[ANALIS] State: SIDEWAYS | EMA13/34: $61522.5/$61490.2 | VWAP Sesi: $61427.19 | Vol Surge: 0.0x | BB50: [$61364.25 - $61572.35] | Tren 15m: BULLISH
[ANALIS-SIDEWAYS] WAIT - Lebar BB sempit (0.338%).
[2026-07-03 12:13:15] Keputusan analis: Wait
[2026-07-03 12:13:15] Validasi gagal / keputusan WAIT. Tidak ada eksekusi.
[2026-07-03 12:14:15] Siklus Menit Baru. Harga BTC Terakhir (OKX): $61534.80
[ANALIS] State: BULLISH | EMA13/34: $61523.5/$61492.3 | VWAP Sesi: $61427.26 | Vol Surge: 0.3x | BB50: [$61365.75 - $61575.00] | Tren 15m: BULLISH
[DEBUG] EMA streak: 0 | EMA13: 61523.49 | EMA34: 61492.27 | Selisih: 31.22
[ANALIS-TRENDING] Quant Golden Cross (EMA13 > EMA34), Di atas VWAP ($61427.26), & Tren 15m Bullish. Sinyal BUY.
[2026-07-03 12:14:15] Keputusan analis: Buy(0.0025534689974291863, "[Trending] Quant EMA13/34 Buy (Vol 0.3x)")
Mencegah transaksi berulang (Cool-down aktif). Aksi terakhir BUY pada 12:10:14 (4 menit lalu)
[2026-07-03 12:14:15] Validasi gagal / keputusan WAIT. Tidak ada eksekusi.
[2026-07-03 12:15:15] Siklus Menit Baru. Harga BTC Terakhir (OKX): $61534.10
[ANALIS] State: BULLISH | EMA13/34: $61526.6/$61494.5 | VWAP Sesi: $61427.28 | Vol Surge: 0.0x | BB50: [$61367.06 - $61578.62] | Tren 15m: BULLISH
[DEBUG] EMA streak: 0 | EMA13: 61526.56 | EMA34: 61494.52 | Selisih: 32.04
[ANALIS-TRENDING] Quant Golden Cross (EMA13 > EMA34), Di atas VWAP ($61427.28), & Tren 15m Bullish. Sinyal BUY.
[2026-07-03 12:15:15] Keputusan analis: Buy(0.002553498045197793, "[Trending] Quant EMA13/34 Buy (Vol 0.0x)")
[2026-07-03 12:15:15] Mengeksekusi transaksi...
[2026-07-03 12:15:15] Eksekusi sukses. Saldo: $628.35, BTC: 0.0057
[2026-07-03 12:16:15] Siklus Menit Baru. Harga BTC Terakhir (OKX): $61542.70
[ANALIS] State: BULLISH | EMA13/34: $61531.0/$61498.4 | VWAP Sesi: $61427.36 | Vol Surge: 0.0x | BB50: [$61369.06 - $61582.72] | Tren 15m: BULLISH
[DEBUG] EMA streak: 0 | EMA13: 61530.98 | EMA34: 61498.40 | Selisih: 32.58
[ANALIS-TRENDING] Quant Golden Cross (EMA13 > EMA34), Di atas VWAP ($61427.36), & Tren 15m Bullish. Sinyal BUY.
[2026-07-03 12:16:15] Keputusan analis: Buy(0.002042002346494252, "[Trending] Quant EMA13/34 Buy (Vol 0.0x)")
Mencegah transaksi berulang (Cool-down aktif). Aksi terakhir BUY pada 12:15:15 (1 menit lalu)
[2026-07-03 12:16:15] Validasi gagal / keputusan WAIT. Tidak ada eksekusi.
[2026-07-03 12:17:15] Siklus Menit Baru. Harga BTC Terakhir (OKX): $61549.80
[ANALIS] State: BULLISH | EMA13/34: $61533.6/$61501.9 | VWAP Sesi: $61427.42 | Vol Surge: 0.1x | BB50: [$61371.52 - $61585.77] | Tren 15m: BULLISH
[DEBUG] EMA streak: 0 | EMA13: 61533.57 | EMA34: 61501.88 | Selisih: 31.69
[ANALIS-TRENDING] Quant Golden Cross (EMA13 > EMA34), Di atas VWAP ($61427.42), & Tren 15m Bullish. Sinyal BUY.
[2026-07-03 12:17:15] Keputusan analis: Buy(0.0020417667938740953, "[Trending] Quant EMA13/34 Buy (Vol 0.1x)")
Mencegah transaksi berulang (Cool-down aktif). Aksi terakhir BUY pada 12:15:15 (2 menit lalu)
[2026-07-03 12:17:15] Validasi gagal / keputusan WAIT. Tidak ada eksekusi.
[2026-07-03 12:18:16] Siklus Menit Baru. Harga BTC Terakhir (OKX): $61571.00
[ANALIS] State: BULLISH | EMA13/34: $61542.4/$61508.4 | VWAP Sesi: $61427.56 | Vol Surge: 0.0x | BB50: [$61371.55 - $61592.81] | Tren 15m: BULLISH
[DEBUG] EMA streak: 0 | EMA13: 61542.38 | EMA34: 61508.40 | Selisih: 33.98
[ANALIS-TRENDING] Quant Golden Cross (EMA13 > EMA34), Di atas VWAP ($61427.56), & Tren 15m Bullish. Sinyal BUY.
[2026-07-03 12:18:16] Keputusan analis: Buy(0.002041063776933813, "[Trending] Quant EMA13/34 Buy (Vol 0.0x)")
Mencegah transaksi berulang (Cool-down aktif). Aksi terakhir BUY pada 12:15:15 (3 menit lalu)
[2026-07-03 12:18:16] Validasi gagal / keputusan WAIT. Tidak ada eksekusi.
[2026-07-03 12:19:16] Siklus Menit Baru. Harga BTC Terakhir (OKX): $61631.30
[ANALIS] State: BULLISH | EMA13/34: $61559.7/$61516.4 | VWAP Sesi: $61428.33 | Vol Surge: 1.4x | BB50: [$61366.46 - $61606.96] | Tren 15m: BULLISH
[DEBUG] EMA streak: 0 | EMA13: 61559.69 | EMA34: 61516.40 | Selisih: 43.28
[ANALIS-TRENDING] Quant Golden Cross (EMA13 > EMA34), Di atas VWAP ($61428.33), & Tren 15m Bullish. Sinyal BUY.
[2026-07-03 12:19:16] Keputusan analis: Buy(0.0020390668022513205, "[Trending] Quant EMA13/34 Buy (Vol 1.4x)")
Mencegah transaksi berulang (Cool-down aktif). Aksi terakhir BUY pada 12:15:15 (4 menit lalu)
[2026-07-03 12:19:16] Validasi gagal / keputusan WAIT. Tidak ada eksekusi.
[2026-07-03 12:20:16] Siklus Menit Baru. Harga BTC Terakhir (OKX): $61624.40
[ANALIS] State: BULLISH | EMA13/34: $61569.7/$61524.1 | VWAP Sesi: $61428.64 | Vol Surge: 0.2x | BB50: [$61365.47 - $61616.28] | Tren 15m: BULLISH
[DEBUG] EMA streak: 0 | EMA13: 61569.71 | EMA34: 61524.13 | Selisih: 45.58
[ANALIS-TRENDING] Quant Golden Cross (EMA13 > EMA34), Di atas VWAP ($61428.64), & Tren 15m Bullish. Sinyal BUY.
[2026-07-03 12:20:16] Keputusan analis: Buy(0.0020392951137794737, "[Trending] Quant EMA13/34 Buy (Vol 0.2x)")
[2026-07-03 12:20:16] Mengeksekusi transaksi...
[2026-07-03 12:20:16] Eksekusi sukses. Saldo: $502.56, BTC: 0.0078
[2026-07-03 12:21:16] Siklus Menit Baru. Harga BTC Terakhir (OKX): $61621.30
[ANALIS] State: BULLISH | EMA13/34: $61575.4/$61530.1 | VWAP Sesi: $61429.64 | Vol Surge: 1.5x | BB50: [$61365.25 - $61623.01] | Tren 15m: BULLISH
[DEBUG] EMA streak: 0 | EMA13: 61575.41 | EMA34: 61530.06 | Selisih: 45.35
[ANALIS-TRENDING] Quant Golden Cross (EMA13 > EMA34), Di atas VWAP ($61429.64), & Tren 15m Bullish. Sinyal BUY.
[2026-07-03 12:21:16] Keputusan analis: Buy(0.0016311102845949618, "[Trending] Quant EMA13/34 Buy (Vol 1.5x)")
Mencegah transaksi berulang (Cool-down aktif). Aksi terakhir BUY pada 12:20:16 (1 menit lalu)
[2026-07-03 12:21:16] Validasi gagal / keputusan WAIT. Tidak ada eksekusi.
[2026-07-03 12:22:16] Siklus Menit Baru. Harga BTC Terakhir (OKX): $61604.90
[ANALIS] State: BULLISH | EMA13/34: $61575.4/$61530.2 | VWAP Sesi: $61430.06 | Vol Surge: 0.1x | BB50: [$61366.08 - $61626.36] | Tren 15m: BULLISH
[DEBUG] EMA streak: 0 | EMA13: 61575.41 | EMA34: 61530.24 | Selisih: 45.17
[ANALIS-TRENDING] Quant Golden Cross (EMA13 > EMA34), Di atas VWAP ($61430.06), & Tren 15m Bullish. Sinyal BUY.
[2026-07-03 12:22:16] Keputusan analis: Buy(0.0016315445066887784, "[Trending] Quant EMA13/34 Buy (Vol 0.1x)")
Mencegah transaksi berulang (Cool-down aktif). Aksi terakhir BUY pada 12:20:16 (2 menit lalu)
[2026-07-03 12:22:16] Validasi gagal / keputusan WAIT. Tidak ada eksekusi.
[2026-07-03 12:23:16] Siklus Menit Baru. Harga BTC Terakhir (OKX): $61610.00
[ANALIS] State: BULLISH | EMA13/34: $61580.3/$61534.3 | VWAP Sesi: $61430.15 | Vol Surge: 0.0x | BB50: [$61367.71 - $61632.17] | Tren 15m: BULLISH
[DEBUG] EMA streak: 0 | EMA13: 61580.29 | EMA34: 61534.32 | Selisih: 45.97
[ANALIS-TRENDING] Quant Golden Cross (EMA13 > EMA34), Di atas VWAP ($61430.15), & Tren 15m Bullish. Sinyal BUY.
[2026-07-03 12:23:16] Keputusan analis: Buy(0.001631409449441836, "[Trending] Quant EMA13/34 Buy (Vol 0.0x)")
Mencegah transaksi berulang (Cool-down aktif). Aksi terakhir BUY pada 12:20:16 (3 menit lalu)
[2026-07-03 12:23:16] Validasi gagal / keputusan WAIT. Tidak ada eksekusi.
[2026-07-03 12:24:17] Siklus Menit Baru. Harga BTC Terakhir (OKX): $61605.30
[ANALIS] State: BULLISH | EMA13/34: $61583.2/$61538.4 | VWAP Sesi: $61430.16 | Vol Surge: 0.0x | BB50: [$61370.79 - $61636.48] | Tren 15m: BULLISH
[DEBUG] EMA streak: 0 | EMA13: 61583.19 | EMA34: 61538.35 | Selisih: 44.84
[ANALIS-TRENDING] Quant Golden Cross (EMA13 > EMA34), Di atas VWAP ($61430.16), & Tren 15m Bullish. Sinyal BUY.
[2026-07-03 12:24:17] Keputusan analis: Buy(0.0016315339131553863, "[Trending] Quant EMA13/34 Buy (Vol 0.0x)")
Mencegah transaksi berulang (Cool-down aktif). Aksi terakhir BUY pada 12:20:16 (4 menit lalu)
[2026-07-03 12:24:17] Validasi gagal / keputusan WAIT. Tidak ada eksekusi.
[2026-07-03 12:25:17] Siklus Menit Baru. Harga BTC Terakhir (OKX): $61611.50
[ANALIS] State: BULLISH | EMA13/34: $61591.4/$61546.7 | VWAP Sesi: $61430.75 | Vol Surge: 0.2x | BB50: [$61371.83 - $61644.44] | Tren 15m: BULLISH
[DEBUG] EMA streak: 0 | EMA13: 61591.39 | EMA34: 61546.67 | Selisih: 44.73
[ANALIS-TRENDING] Quant Golden Cross (EMA13 > EMA34), Di atas VWAP ($61430.75), & Tren 15m Bullish. Sinyal BUY.
[2026-07-03 12:25:17] Keputusan analis: Buy(0.0016313697309773584, "[Trending] Quant EMA13/34 Buy (Vol 0.2x)")
Max pyramiding (3 layer) tercapai. Tunggu siklus selesai (posisi aktif saat ini: 3).
[2026-07-03 12:25:17] Validasi gagal / keputusan WAIT. Tidak ada eksekusi.
[2026-07-03 12:26:17] Siklus Menit Baru. Harga BTC Terakhir (OKX): $61606.80
[ANALIS] State: BULLISH | EMA13/34: $61592.4/$61551.9 | VWAP Sesi: $61430.81 | Vol Surge: 0.1x | BB50: [$61372.89 - $61648.70] | Tren 15m: BULLISH
[DEBUG] EMA streak: 0 | EMA13: 61592.39 | EMA34: 61551.93 | Selisih: 40.46
[ANALIS-TRENDING] Quant Golden Cross (EMA13 > EMA34), Di atas VWAP ($61430.81), & Tren 15m Bullish. Sinyal BUY.
[2026-07-03 12:26:17] Keputusan analis: Buy(0.0016314941886303382, "[Trending] Quant EMA13/34 Buy (Vol 0.1x)")
Max pyramiding (3 layer) tercapai. Tunggu siklus selesai (posisi aktif saat ini: 3).
[2026-07-03 12:26:17] Validasi gagal / keputusan WAIT. Tidak ada eksekusi.
[2026-07-03 12:27:17] Siklus Menit Baru. Harga BTC Terakhir (OKX): $61674.20
[ANALIS] State: BULLISH | EMA13/34: $61611.8/$61562.2 | VWAP Sesi: $61431.19 | Vol Surge: 0.3x | BB50: [$61365.82 - $61664.92] | Tren 15m: BULLISH
[DEBUG] EMA streak: 0 | EMA13: 61611.84 | EMA34: 61562.24 | Selisih: 49.60
[ANALIS-TRENDING] Quant Golden Cross (EMA13 > EMA34), Di atas VWAP ($61431.19), & Tren 15m Bullish. Sinyal BUY.
[2026-07-03 12:27:17] Keputusan analis: Buy(0.0016297112273870034, "[Trending] Quant EMA13/34 Buy (Vol 0.3x)")
Max pyramiding (3 layer) tercapai. Tunggu siklus selesai (posisi aktif saat ini: 3).
[2026-07-03 12:27:17] Validasi gagal / keputusan WAIT. Tidak ada eksekusi.
[2026-07-03 12:28:17] Siklus Menit Baru. Harga BTC Terakhir (OKX): $61638.70
[ANALIS] State: BULLISH | EMA13/34: $61613.1/$61565.7 | VWAP Sesi: $61431.31 | Vol Surge: 0.0x | BB50: [$61365.75 - $61669.40] | Tren 15m: BULLISH
[DEBUG] EMA streak: 0 | EMA13: 61613.07 | EMA34: 61565.66 | Selisih: 47.41
[ANALIS-TRENDING] Quant Golden Cross (EMA13 > EMA34), Di atas VWAP ($61431.31), & Tren 15m Bullish. Sinyal BUY.
[2026-07-03 12:28:17] Keputusan analis: Buy(0.0016306498381716604, "[Trending] Quant EMA13/34 Buy (Vol 0.0x)")
Max pyramiding (3 layer) tercapai. Tunggu siklus selesai (posisi aktif saat ini: 3).
[2026-07-03 12:28:17] Validasi gagal / keputusan WAIT. Tidak ada eksekusi.
[2026-07-03 12:29:18] Siklus Menit Baru. Harga BTC Terakhir (OKX): $61655.30
[ANALIS] State: BULLISH | EMA13/34: $61621.2/$61572.7 | VWAP Sesi: $61431.74 | Vol Surge: 1.0x | BB50: [$61363.10 - $61678.50] | Tren 15m: BULLISH
[DEBUG] EMA streak: 0 | EMA13: 61621.16 | EMA34: 61572.66 | Selisih: 48.50
[ANALIS-TRENDING] Quant Golden Cross (EMA13 > EMA34), Di atas VWAP ($61431.74), & Tren 15m Bullish. Sinyal BUY.
[2026-07-03 12:29:18] Keputusan analis: Buy(0.001630210803939183, "[Trending] Quant EMA13/34 Buy (Vol 1.0x)")
Max pyramiding (3 layer) tercapai. Tunggu siklus selesai (posisi aktif saat ini: 3).
[2026-07-03 12:29:18] Validasi gagal / keputusan WAIT. Tidak ada eksekusi.
[2026-07-03 12:30:18] Siklus Menit Baru. Harga BTC Terakhir (OKX): $61632.40
[ANALIS] State: BULLISH | EMA13/34: $61620.0/$61574.6 | VWAP Sesi: $61433.04 | Vol Surge: 0.3x | BB50: [$61363.01 - $61681.83] | Tren 15m: BULLISH
[DEBUG] EMA streak: 0 | EMA13: 61620.04 | EMA34: 61574.58 | Selisih: 45.46
[ANALIS-TRENDING] Quant Golden Cross (EMA13 > EMA34), Di atas VWAP ($61433.04), & Tren 15m Bullish. Sinyal BUY.
[2026-07-03 12:30:18] Keputusan analis: Buy(0.001630816521506732, "[Trending] Quant EMA13/34 Buy (Vol 0.3x)")
Max pyramiding (3 layer) tercapai. Tunggu siklus selesai (posisi aktif saat ini: 3).
[2026-07-03 12:30:18] Validasi gagal / keputusan WAIT. Tidak ada eksekusi.
[2026-07-03 12:31:18] Siklus Menit Baru. Harga BTC Terakhir (OKX): $61662.90
[ANALIS] State: BULLISH | EMA13/34: $61627.9/$61580.1 | VWAP Sesi: $61433.67 | Vol Surge: 0.2x | BB50: [$61360.51 - $61690.47] | Tren 15m: BULLISH
[DEBUG] EMA streak: 0 | EMA13: 61627.91 | EMA34: 61580.06 | Selisih: 47.85
[ANALIS-TRENDING] Quant Golden Cross (EMA13 > EMA34), Di atas VWAP ($61433.67), & Tren 15m Bullish. Sinyal BUY.
[2026-07-03 12:31:18] Keputusan analis: Buy(0.0016300098791998353, "[Trending] Quant EMA13/34 Buy (Vol 0.2x)")
Max pyramiding (3 layer) tercapai. Tunggu siklus selesai (posisi aktif saat ini: 3).
[2026-07-03 12:31:18] Validasi gagal / keputusan WAIT. Tidak ada eksekusi.
[2026-07-03 12:32:18] Siklus Menit Baru. Harga BTC Terakhir (OKX): $61670.20
[ANALIS] State: BULLISH | EMA13/34: $61633.8/$61584.3 | VWAP Sesi: $61433.77 | Vol Surge: 0.1x | BB50: [$61358.74 - $61698.31] | Tren 15m: BULLISH
[DEBUG] EMA streak: 0 | EMA13: 61633.78 | EMA34: 61584.32 | Selisih: 49.46
[ANALIS-TRENDING] Quant Golden Cross (EMA13 > EMA34), Di atas VWAP ($61433.77), & Tren 15m Bullish. Sinyal BUY.
[2026-07-03 12:32:18] Keputusan analis: Buy(0.0016298169323289292, "[Trending] Quant EMA13/34 Buy (Vol 0.1x)")
Max pyramiding (3 layer) tercapai. Tunggu siklus selesai (posisi aktif saat ini: 3).
[2026-07-03 12:32:18] Validasi gagal / keputusan WAIT. Tidak ada eksekusi.
[2026-07-03 12:33:18] Siklus Menit Baru. Harga BTC Terakhir (OKX): $61699.90
[ANALIS] State: BULLISH | EMA13/34: $61645.2/$61592.0 | VWAP Sesi: $61434.36 | Vol Surge: 0.7x | BB50: [$61355.54 - $61710.08] | Tren 15m: BULLISH
[DEBUG] EMA streak: 0 | EMA13: 61645.18 | EMA34: 61592.00 | Selisih: 53.18
[ANALIS-TRENDING] Quant Golden Cross (EMA13 > EMA34), Di atas VWAP ($61434.36), & Tren 15m Bullish. Sinyal BUY.
[2026-07-03 12:33:18] Keputusan analis: Buy(0.0016290324000543196, "[Trending] Quant EMA13/34 Buy (Vol 0.7x)")
Max pyramiding (3 layer) tercapai. Tunggu siklus selesai (posisi aktif saat ini: 3).
[2026-07-03 12:33:18] Validasi gagal / keputusan WAIT. Tidak ada eksekusi.
[2026-07-03 12:34:18] Siklus Menit Baru. Harga BTC Terakhir (OKX): $61744.60
[ANALIS] State: BULLISH | EMA13/34: $61660.7/$61599.4 | VWAP Sesi: $61435.76 | Vol Surge: 0.6x | BB50: [$61350.33 - $61725.29] | Tren 15m: BULLISH
[DEBUG] EMA streak: 0 | EMA13: 61660.67 | EMA34: 61599.36 | Selisih: 61.32
[ANALIS-TRENDING] Quant Golden Cross (EMA13 > EMA34), Di atas VWAP ($61435.76), & Tren 15m Bullish. Sinyal BUY.
[2026-07-03 12:34:18] Keputusan analis: Buy(0.0016278530621319357, "[Trending] Quant EMA13/34 Buy (Vol 0.6x)")
Max pyramiding (3 layer) tercapai. Tunggu siklus selesai (posisi aktif saat ini: 3).
[2026-07-03 12:34:18] Validasi gagal / keputusan WAIT. Tidak ada eksekusi.
[2026-07-03 12:35:19] Siklus Menit Baru. Harga BTC Terakhir (OKX): $61737.10
[ANALIS] State: BULLISH | EMA13/34: $61670.2/$61605.2 | VWAP Sesi: $61436.73 | Vol Surge: 0.3x | BB50: [$61349.36 - $61736.55] | Tren 15m: BULLISH
[DEBUG] EMA streak: 0 | EMA13: 61670.21 | EMA34: 61605.21 | Selisih: 65.00
[ANALIS-TRENDING] Quant Golden Cross (EMA13 > EMA34), Di atas VWAP ($61436.73), & Tren 15m Bullish. Sinyal BUY.
[2026-07-03 12:35:19] Keputusan analis: Buy(0.0016280508183913972, "[Trending] Quant EMA13/34 Buy (Vol 0.3x)")
Max pyramiding (3 layer) tercapai. Tunggu siklus selesai (posisi aktif saat ini: 3).
[2026-07-03 12:35:19] Validasi gagal / keputusan WAIT. Tidak ada eksekusi.
[2026-07-03 12:36:19] Siklus Menit Baru. Harga BTC Terakhir (OKX): $61734.00
[ANALIS] State: BULLISH | EMA13/34: $61680.2/$61612.3 | VWAP Sesi: $61439.34 | Vol Surge: 0.1x | BB50: [$61349.75 - $61748.14] | Tren 15m: BULLISH
[DEBUG] EMA streak: 0 | EMA13: 61680.24 | EMA34: 61612.26 | Selisih: 67.97
[ANALIS-TRENDING] Quant Golden Cross (EMA13 > EMA34), Di atas VWAP ($61439.34), & Tren 15m Bullish. Sinyal BUY.
[2026-07-03 12:36:19] Keputusan analis: Buy(0.0016281325716802982, "[Trending] Quant EMA13/34 Buy (Vol 0.1x)")
Max pyramiding (3 layer) tercapai. Tunggu siklus selesai (posisi aktif saat ini: 3).
[2026-07-03 12:36:19] Validasi gagal / keputusan WAIT. Tidak ada eksekusi.
[2026-07-03 12:37:19] Siklus Menit Baru. Harga BTC Terakhir (OKX): $61742.50
[ANALIS] State: BULLISH | EMA13/34: $61687.0/$61617.9 | VWAP Sesi: $61439.70 | Vol Surge: 0.3x | BB50: [$61352.68 - $61757.07] | Tren 15m: BULLISH
[DEBUG] EMA streak: 0 | EMA13: 61687.00 | EMA34: 61617.92 | Selisih: 69.08
[ANALIS-TRENDING] Quant Golden Cross (EMA13 > EMA34), Di atas VWAP ($61439.70), & Tren 15m Bullish. Sinyal BUY.
[2026-07-03 12:37:19] Keputusan analis: Buy(0.0016279084290417706, "[Trending] Quant EMA13/34 Buy (Vol 0.3x)")
Max pyramiding (3 layer) tercapai. Tunggu siklus selesai (posisi aktif saat ini: 3).
[2026-07-03 12:37:19] Validasi gagal / keputusan WAIT. Tidak ada eksekusi.
[2026-07-03 12:38:19] Siklus Menit Baru. Harga BTC Terakhir (OKX): $61761.40
[ANALIS] State: BULLISH | EMA13/34: $61700.0/$61627.1 | VWAP Sesi: $61442.11 | Vol Surge: 0.1x | BB50: [$61354.71 - $61769.75] | Tren 15m: BULLISH
[DEBUG] EMA streak: 0 | EMA13: 61699.95 | EMA34: 61627.11 | Selisih: 72.85
[ANALIS-TRENDING] Quant Golden Cross (EMA13 > EMA34), Di atas VWAP ($61442.11), & Tren 15m Bullish. Sinyal BUY.
[2026-07-03 12:38:19] Keputusan analis: Buy(0.0016274102623987073, "[Trending] Quant EMA13/34 Buy (Vol 0.1x)")
Max pyramiding (3 layer) tercapai. Tunggu siklus selesai (posisi aktif saat ini: 3).
[2026-07-03 12:38:19] Validasi gagal / keputusan WAIT. Tidak ada eksekusi.
[2026-07-03 12:39:19] Siklus Menit Baru. Harga BTC Terakhir (OKX): $61717.00
[ANALIS] State: BULLISH | EMA13/34: $61697.7/$61628.8 | VWAP Sesi: $61442.22 | Vol Surge: 0.1x | BB50: [$61362.74 - $61772.39] | Tren 15m: BULLISH
[DEBUG] EMA streak: 0 | EMA13: 61697.67 | EMA34: 61628.76 | Selisih: 68.91
[ANALIS-TRENDING] Quant Golden Cross (EMA13 > EMA34), Di atas VWAP ($61442.22), & Tren 15m Bullish. Sinyal BUY.
[2026-07-03 12:39:19] Keputusan analis: Buy(0.0016285810421781928, "[Trending] Quant EMA13/34 Buy (Vol 0.1x)")
Max pyramiding (3 layer) tercapai. Tunggu siklus selesai (posisi aktif saat ini: 3).
[2026-07-03 12:39:19] Validasi gagal / keputusan WAIT. Tidak ada eksekusi.
[2026-07-03 12:40:19] Siklus Menit Baru. Harga BTC Terakhir (OKX): $61710.80
[ANALIS] State: BULLISH | EMA13/34: $61699.7/$61633.8 | VWAP Sesi: $61442.33 | Vol Surge: 0.0x | BB50: [$61372.15 - $61776.04] | Tren 15m: BULLISH
[DEBUG] EMA streak: 0 | EMA13: 61699.66 | EMA34: 61633.84 | Selisih: 65.83
[ANALIS-TRENDING] Quant Golden Cross (EMA13 > EMA34), Di atas VWAP ($61442.33), & Tren 15m Bullish. Sinyal BUY.
[2026-07-03 12:40:19] Keputusan analis: Buy(0.0016287446634966896, "[Trending] Quant EMA13/34 Buy (Vol 0.0x)")
Max pyramiding (3 layer) tercapai. Tunggu siklus selesai (posisi aktif saat ini: 3).
[2026-07-03 12:40:19] Validasi gagal / keputusan WAIT. Tidak ada eksekusi.
[2026-07-03 12:41:20] Siklus Menit Baru. Harga BTC Terakhir (OKX): $61706.10
[ANALIS] State: BULLISH | EMA13/34: $61700.0/$61639.1 | VWAP Sesi: $61442.88 | Vol Surge: 0.1x | BB50: [$61382.18 - $61778.40] | Tren 15m: BULLISH
[DEBUG] EMA streak: 0 | EMA13: 61699.98 | EMA34: 61639.13 | Selisih: 60.85
[ANALIS-TRENDING] Quant Golden Cross (EMA13 > EMA34), Di atas VWAP ($61442.88), & Tren 15m Bullish. Sinyal BUY.
[2026-07-03 12:41:20] Keputusan analis: Buy(0.0016288687209224295, "[Trending] Quant EMA13/34 Buy (Vol 0.1x)")
Max pyramiding (3 layer) tercapai. Tunggu siklus selesai (posisi aktif saat ini: 3).
[2026-07-03 12:41:20] Validasi gagal / keputusan WAIT. Tidak ada eksekusi.
[2026-07-03 12:42:20] Siklus Menit Baru. Harga BTC Terakhir (OKX): $61674.10
[ANALIS] State: BULLISH | EMA13/34: $61692.4/$61639.3 | VWAP Sesi: $61444.78 | Vol Surge: 1.3x | BB50: [$61391.83 - $61777.68] | Tren 15m: BULLISH
[DEBUG] EMA streak: 0 | EMA13: 61692.37 | EMA34: 61639.26 | Selisih: 53.10
[ANALIS-TRENDING] Quant Golden Cross (EMA13 > EMA34), Di atas VWAP ($61444.78), & Tren 15m Bullish. Sinyal BUY.
[2026-07-03 12:42:20] Keputusan analis: Buy(0.0016297138698434437, "[Trending] Quant EMA13/34 Buy (Vol 1.3x)")
Max pyramiding (3 layer) tercapai. Tunggu siklus selesai (posisi aktif saat ini: 3).
[2026-07-03 12:42:20] Validasi gagal / keputusan WAIT. Tidak ada eksekusi.
[2026-07-03 12:43:20] Siklus Menit Baru. Harga BTC Terakhir (OKX): $61675.50
[ANALIS] State: BULLISH | EMA13/34: $61690.0/$61640.6 | VWAP Sesi: $61458.14 | Vol Surge: 15.1x | BB50: [$61401.55 - $61778.34] | Tren 15m: BULLISH
[DEBUG] EMA streak: 0 | EMA13: 61689.95 | EMA34: 61640.64 | Selisih: 49.31
[ANALIS-TRENDING] Quant Golden Cross (EMA13 > EMA34), Di atas VWAP ($61458.14), & Tren 15m Bullish. Sinyal BUY.
[2026-07-03 12:43:20] Keputusan analis: Buy(0.0016296768762330508, "[Trending] Quant EMA13/34 Buy (Vol 15.1x)")
Max pyramiding (3 layer) tercapai. Tunggu siklus selesai (posisi aktif saat ini: 3).
[2026-07-03 12:43:20] Validasi gagal / keputusan WAIT. Tidak ada eksekusi.
[2026-07-03 12:44:20] Siklus Menit Baru. Harga BTC Terakhir (OKX): $61700.20
[ANALIS] State: BULLISH | EMA13/34: $61692.4/$61644.1 | VWAP Sesi: $61458.80 | Vol Surge: 0.2x | BB50: [$61412.66 - $61779.46] | Tren 15m: BULLISH
[DEBUG] EMA streak: 0 | EMA13: 61692.43 | EMA34: 61644.12 | Selisih: 48.30
[ANALIS-TRENDING] Quant Golden Cross (EMA13 > EMA34), Di atas VWAP ($61458.80), & Tren 15m Bullish. Sinyal BUY.
[2026-07-03 12:44:20] Keputusan analis: Buy(0.0016290244793389897, "[Trending] Quant EMA13/34 Buy (Vol 0.2x)")
Max pyramiding (3 layer) tercapai. Tunggu siklus selesai (posisi aktif saat ini: 3).
[2026-07-03 12:44:20] Validasi gagal / keputusan WAIT. Tidak ada eksekusi.
[2026-07-03 12:45:20] Siklus Menit Baru. Harga BTC Terakhir (OKX): $61685.10
[ANALIS] State: BULLISH | EMA13/34: $61690.8/$61647.0 | VWAP Sesi: $61459.63 | Vol Surge: 1.1x | BB50: [$61426.03 - $61777.50] | Tren 15m: BULLISH
[DEBUG] EMA streak: 0 | EMA13: 61690.83 | EMA34: 61647.04 | Selisih: 43.79
[ANALIS-TRENDING] Quant Golden Cross (EMA13 > EMA34), Di atas VWAP ($61459.63), & Tren 15m Bullish. Sinyal BUY.
[2026-07-03 12:45:20] Keputusan analis: Buy(0.0016294232509975913, "[Trending] Quant EMA13/34 Buy (Vol 1.1x)")
Max pyramiding (3 layer) tercapai. Tunggu siklus selesai (posisi aktif saat ini: 3).
[2026-07-03 12:45:20] Validasi gagal / keputusan WAIT. Tidak ada eksekusi.
[2026-07-03 12:46:21] Siklus Menit Baru. Harga BTC Terakhir (OKX): $61655.10
[ANALIS] State: BULLISH | EMA13/34: $61685.5/$61649.2 | VWAP Sesi: $61459.70 | Vol Surge: 0.1x | BB50: [$61439.09 - $61774.08] | Tren 15m: BEARISH
[DEBUG] EMA streak: 0 | EMA13: 61685.47 | EMA34: 61649.18 | Selisih: 36.29
[ANALIS-TRENDING] Menunggu konfirmasi streak 2 menit. Saat ini: 1 menit.
[2026-07-03 12:46:21] Keputusan analis: Wait
[2026-07-03 12:46:21] Validasi gagal / keputusan WAIT. Tidak ada eksekusi.
[2026-07-03 12:47:21] Siklus Menit Baru. Harga BTC Terakhir (OKX): $61650.30
[ANALIS] State: BULLISH | EMA13/34: $61679.5/$61650.8 | VWAP Sesi: $61459.75 | Vol Surge: 0.0x | BB50: [$61449.25 - $61771.78] | Tren 15m: BEARISH
[DEBUG] EMA streak: 1 | EMA13: 61679.45 | EMA34: 61650.83 | Selisih: 28.62
[ANALIS-TRENDING] Sinyal melemah/Death Cross terkonfirmasi 2 menit berturut. Sinyal SELL.
[2026-07-03 12:47:21] Keputusan analis: Sell(0.007784255430104037, "[Trending] Quant EMA13/34 Sell Confirmed (2m streak)")
[2026-07-03 12:47:21] Mengeksekusi transaksi...
[2026-07-03 12:47:21] Eksekusi sukses. Saldo: $981.98, BTC: 0.0000
[2026-07-03 12:48:21] Siklus Menit Baru. Harga BTC Terakhir (OKX): $61678.50
[ANALIS] State: BULLISH | EMA13/34: $61682.0/$61651.7 | VWAP Sesi: $61459.81 | Vol Surge: 0.0x | BB50: [$61456.10 - $61773.58] | Tren 15m: BEARISH
[DEBUG] EMA streak: 0 | EMA13: 61681.97 | EMA34: 61651.73 | Selisih: 30.24
[2026-07-03 12:48:21] Keputusan analis: Wait
[2026-07-03 12:48:21] Validasi gagal / keputusan WAIT. Tidak ada eksekusi.
[2026-07-03 12:49:21] Siklus Menit Baru. Harga BTC Terakhir (OKX): $61689.00
[ANALIS] State: BULLISH | EMA13/34: $61684.2/$61655.5 | VWAP Sesi: $61459.83 | Vol Surge: 0.0x | BB50: [$61466.72 - $61772.95] | Tren 15m: BEARISH
[DEBUG] EMA streak: 0 | EMA13: 61684.18 | EMA34: 61655.51 | Selisih: 28.67
[2026-07-03 12:49:21] Keputusan analis: Wait
[2026-07-03 12:49:21] Validasi gagal / keputusan WAIT. Tidak ada eksekusi.
[2026-07-03 12:50:21] Siklus Menit Baru. Harga BTC Terakhir (OKX): $61730.20
[ANALIS] State: BULLISH | EMA13/34: $61696.5/$61662.5 | VWAP Sesi: $61460.00 | Vol Surge: 0.0x | BB50: [$61473.74 - $61778.22] | Tren 15m: BEARISH
[DEBUG] EMA streak: 0 | EMA13: 61696.54 | EMA34: 61662.51 | Selisih: 34.02
[2026-07-03 12:50:21] Keputusan analis: Wait
[2026-07-03 12:50:21] Validasi gagal / keputusan WAIT. Tidak ada eksekusi.
[2026-07-03 12:51:21] Siklus Menit Baru. Harga BTC Terakhir (OKX): $61703.00
[ANALIS] State: BULLISH | EMA13/34: $61695.9/$61665.5 | VWAP Sesi: $61460.09 | Vol Surge: 0.1x | BB50: [$61483.60 - $61777.00] | Tren 15m: BEARISH
[DEBUG] EMA streak: 0 | EMA13: 61695.87 | EMA34: 61665.53 | Selisih: 30.34
[2026-07-03 12:51:21] Keputusan analis: Wait
[2026-07-03 12:51:21] Validasi gagal / keputusan WAIT. Tidak ada eksekusi.
[2026-07-03 12:52:21] Siklus Menit Baru. Harga BTC Terakhir (OKX): $61725.40
[ANALIS] State: BULLISH | EMA13/34: $61701.7/$61670.9 | VWAP Sesi: $61460.20 | Vol Surge: 0.0x | BB50: [$61490.24 - $61779.87] | Tren 15m: BEARISH
[DEBUG] EMA streak: 0 | EMA13: 61701.68 | EMA34: 61670.87 | Selisih: 30.81
[2026-07-03 12:52:21] Keputusan analis: Wait
[2026-07-03 12:52:21] Validasi gagal / keputusan WAIT. Tidak ada eksekusi.
[2026-07-03 12:53:22] Siklus Menit Baru. Harga BTC Terakhir (OKX): $61716.70
[ANALIS] State: BULLISH | EMA13/34: $61702.9/$61674.0 | VWAP Sesi: $61460.21 | Vol Surge: 0.0x | BB50: [$61496.09 - $61781.44] | Tren 15m: BEARISH
[DEBUG] EMA streak: 0 | EMA13: 61702.93 | EMA34: 61674.03 | Selisih: 28.90
[2026-07-03 12:53:22] Keputusan analis: Wait
[2026-07-03 12:53:22] Validasi gagal / keputusan WAIT. Tidak ada eksekusi.
[2026-07-03 12:54:22] Siklus Menit Baru. Harga BTC Terakhir (OKX): $61709.90
[ANALIS] State: BULLISH | EMA13/34: $61705.3/$61676.6 | VWAP Sesi: $61460.33 | Vol Surge: 0.2x | BB50: [$61500.56 - $61784.16] | Tren 15m: BEARISH
[DEBUG] EMA streak: 0 | EMA13: 61705.33 | EMA34: 61676.64 | Selisih: 28.69
[2026-07-03 12:54:22] Keputusan analis: Wait
[2026-07-03 12:54:22] Validasi gagal / keputusan WAIT. Tidak ada eksekusi.
[2026-07-03 12:55:22] Siklus Menit Baru. Harga BTC Terakhir (OKX): $61724.10
[ANALIS] State: BULLISH | EMA13/34: $61711.4/$61681.1 | VWAP Sesi: $61460.43 | Vol Surge: 0.1x | BB50: [$61504.81 - $61788.38] | Tren 15m: BULLISH
[DEBUG] EMA streak: 0 | EMA13: 61711.43 | EMA34: 61681.15 | Selisih: 30.28
[ANALIS-TRENDING] Quant Golden Cross (EMA13 > EMA34), Di atas VWAP ($61460.43), & Tren 15m Bullish. Sinyal BUY.
[2026-07-03 12:55:22] Keputusan analis: Buy(0.003181828367722034, "[Trending] Quant EMA13/34 Buy (Vol 0.1x)")
[2026-07-03 12:55:22] Mengeksekusi transaksi...
[2026-07-03 12:55:22] Eksekusi sukses. Saldo: $785.39, BTC: 0.0032
[2026-07-03 12:56:22] Siklus Menit Baru. Harga BTC Terakhir (OKX): $61742.70
[ANALIS] State: BULLISH | EMA13/34: $61718.1/$61684.7 | VWAP Sesi: $61460.70 | Vol Surge: 0.3x | BB50: [$61508.74 - $61793.03] | Tren 15m: BULLISH
[DEBUG] EMA streak: 0 | EMA13: 61718.07 | EMA34: 61684.70 | Selisih: 33.37
[ANALIS-TRENDING] Quant Golden Cross (EMA13 > EMA34), Di atas VWAP ($61460.70), & Tren 15m Bullish. Sinyal BUY.
[2026-07-03 12:56:22] Keputusan analis: Buy(0.0025440596990934775, "[Trending] Quant EMA13/34 Buy (Vol 0.3x)")
Mencegah transaksi berulang (Cool-down aktif). Aksi terakhir BUY pada 12:55:22 (1 menit lalu)
[2026-07-03 12:56:22] Validasi gagal / keputusan WAIT. Tidak ada eksekusi.
[2026-07-03 12:57:22] Siklus Menit Baru. Harga BTC Terakhir (OKX): $61728.10
[ANALIS] State: BULLISH | EMA13/34: $61717.7/$61687.3 | VWAP Sesi: $61461.08 | Vol Surge: 0.2x | BB50: [$61515.91 - $61793.25] | Tren 15m: BULLISH
[DEBUG] EMA streak: 0 | EMA13: 61717.71 | EMA34: 61687.31 | Selisih: 30.40
[ANALIS-TRENDING] Quant Golden Cross (EMA13 > EMA34), Di atas VWAP ($61461.08), & Tren 15m Bullish. Sinyal BUY.
[2026-07-03 12:57:22] Keputusan analis: Buy(0.0025446614229697475, "[Trending] Quant EMA13/34 Buy (Vol 0.2x)")
Mencegah transaksi berulang (Cool-down aktif). Aksi terakhir BUY pada 12:55:22 (2 menit lalu)
[2026-07-03 12:57:22] Validasi gagal / keputusan WAIT. Tidak ada eksekusi.
[2026-07-03 12:58:22] Siklus Menit Baru. Harga BTC Terakhir (OKX): $61703.00
[ANALIS] State: BULLISH | EMA13/34: $61712.5/$61686.8 | VWAP Sesi: $61461.18 | Vol Surge: 0.0x | BB50: [$61522.32 - $61792.11] | Tren 15m: BULLISH
[DEBUG] EMA streak: 0 | EMA13: 61712.47 | EMA34: 61686.83 | Selisih: 25.63
[ANALIS-TRENDING] Quant Golden Cross (EMA13 > EMA34), Di atas VWAP ($61461.18), & Tren 15m Bullish. Sinyal BUY.
[2026-07-03 12:58:22] Keputusan analis: Buy(0.0025456965590525396, "[Trending] Quant EMA13/34 Buy (Vol 0.0x)")
Mencegah transaksi berulang (Cool-down aktif). Aksi terakhir BUY pada 12:55:22 (3 menit lalu)
[2026-07-03 12:58:22] Validasi gagal / keputusan WAIT. Tidak ada eksekusi.
[2026-07-03 12:59:23] Siklus Menit Baru. Harga BTC Terakhir (OKX): $61698.00
[ANALIS] State: BULLISH | EMA13/34: $61709.3/$61686.1 | VWAP Sesi: $61461.21 | Vol Surge: 0.0x | BB50: [$61528.73 - $61791.42] | Tren 15m: BEARISH
[DEBUG] EMA streak: 0 | EMA13: 61709.34 | EMA34: 61686.11 | Selisih: 23.23
[ANALIS-TRENDING] Menunggu konfirmasi streak 2 menit. Saat ini: 1 menit.
[2026-07-03 12:59:23] Keputusan analis: Wait
[2026-07-03 12:59:23] Validasi gagal / keputusan WAIT. Tidak ada eksekusi.
[2026-07-03 13:00:23] Siklus Menit Baru. Harga BTC Terakhir (OKX): $61698.10
[ANALIS] State: BULLISH | EMA13/34: $61707.7/$61687.2 | VWAP Sesi: $61461.28 | Vol Surge: 0.0x | BB50: [$61537.17 - $61789.75] | Tren 15m: BULLISH
[DEBUG] EMA streak: 1 | EMA13: 61707.74 | EMA34: 61687.21 | Selisih: 20.53
[ANALIS-TRENDING] Quant Golden Cross (EMA13 > EMA34), Di atas VWAP ($61461.28), & Tren 15m Bullish. Sinyal BUY.
[2026-07-03 13:00:23] Keputusan analis: Buy(0.0025458987356696376, "[Trending] Quant EMA13/34 Buy (Vol 0.0x)")
[2026-07-03 13:00:23] Mengeksekusi transaksi...
[2026-07-03 13:00:23] Eksekusi sukses. Saldo: $628.15, BTC: 0.0057
[2026-07-03 13:01:23] Siklus Menit Baru. Harga BTC Terakhir (OKX): $61698.10
[ANALIS] State: BULLISH | EMA13/34: $61705.7/$61687.5 | VWAP Sesi: $61461.40 | Vol Surge: 0.1x | BB50: [$61545.34 - $61787.81] | Tren 15m: BULLISH
[DEBUG] EMA streak: 0 | EMA13: 61705.71 | EMA34: 61687.51 | Selisih: 18.20
[ANALIS-TRENDING] Quant Golden Cross (EMA13 > EMA34), Di atas VWAP ($61461.40), & Tren 15m Bullish. Sinyal BUY.
[2026-07-03 13:01:23] Keputusan analis: Buy(0.002036209808788576, "[Trending] Quant EMA13/34 Buy (Vol 0.1x)")
Mencegah transaksi berulang (Cool-down aktif). Aksi terakhir BUY pada 13:00:23 (1 menit lalu)
[2026-07-03 13:01:23] Validasi gagal / keputusan WAIT. Tidak ada eksekusi.
[2026-07-03 13:02:23] Siklus Menit Baru. Harga BTC Terakhir (OKX): $61709.30
[ANALIS] State: BULLISH | EMA13/34: $61707.1/$61689.0 | VWAP Sesi: $61461.53 | Vol Surge: 0.0x | BB50: [$61554.10 - $61786.24] | Tren 15m: BULLISH
[DEBUG] EMA streak: 0 | EMA13: 61707.06 | EMA34: 61689.01 | Selisih: 18.04
[ANALIS-TRENDING] Quant Golden Cross (EMA13 > EMA34), Di atas VWAP ($61461.53), & Tren 15m Bullish. Sinyal BUY.
[2026-07-03 13:02:23] Keputusan analis: Buy(0.0020358402445598708, "[Trending] Quant EMA13/34 Buy (Vol 0.0x)")
Mencegah transaksi berulang (Cool-down aktif). Aksi terakhir BUY pada 13:00:23 (2 menit lalu)
[2026-07-03 13:02:23] Validasi gagal / keputusan WAIT. Tidak ada eksekusi.
[2026-07-03 13:03:23] Siklus Menit Baru. Harga BTC Terakhir (OKX): $61746.10
[ANALIS] State: BULLISH | EMA13/34: $61716.0/$61694.1 | VWAP Sesi: $61462.22 | Vol Surge: 0.1x | BB50: [$61562.73 - $61787.20] | Tren 15m: BULLISH
[DEBUG] EMA streak: 0 | EMA13: 61716.02 | EMA34: 61694.08 | Selisih: 21.93
[ANALIS-TRENDING] Quant Golden Cross (EMA13 > EMA34), Di atas VWAP ($61462.22), & Tren 15m Bullish. Sinyal BUY.
[2026-07-03 13:03:23] Keputusan analis: Buy(0.0020346269060494255, "[Trending] Quant EMA13/34 Buy (Vol 0.1x)")
Mencegah transaksi berulang (Cool-down aktif). Aksi terakhir BUY pada 13:00:23 (3 menit lalu)
[2026-07-03 13:03:23] Validasi gagal / keputusan WAIT. Tidak ada eksekusi.
[2026-07-03 13:04:23] Siklus Menit Baru. Harga BTC Terakhir (OKX): $61784.80
[ANALIS] State: BULLISH | EMA13/34: $61728.0/$61701.2 | VWAP Sesi: $61463.24 | Vol Surge: 0.5x | BB50: [$61569.64 - $61790.79] | Tren 15m: BULLISH
[DEBUG] EMA streak: 0 | EMA13: 61728.03 | EMA34: 61701.16 | Selisih: 26.87
[ANALIS-TRENDING] Quant Golden Cross (EMA13 > EMA34), Di atas VWAP ($61463.24), & Tren 15m Bullish. Sinyal BUY.
[2026-07-03 13:04:23] Keputusan analis: Buy(0.0020333524815750546, "[Trending] Quant EMA13/34 Buy (Vol 0.5x)")
Mencegah transaksi berulang (Cool-down aktif). Aksi terakhir BUY pada 13:00:23 (4 menit lalu)
[2026-07-03 13:04:23] Validasi gagal / keputusan WAIT. Tidak ada eksekusi.
[2026-07-03 13:05:23] Siklus Menit Baru. Harga BTC Terakhir (OKX): $61814.00
[ANALIS] State: BULLISH | EMA13/34: $61745.8/$61709.2 | VWAP Sesi: $61465.91 | Vol Surge: 1.4x | BB50: [$61571.36 - $61801.12] | Tren 15m: BULLISH
[DEBUG] EMA streak: 0 | EMA13: 61745.78 | EMA34: 61709.18 | Selisih: 36.60
[ANALIS-TRENDING] Quant Golden Cross (EMA13 > EMA34), Di atas VWAP ($61465.91), & Tren 15m Bullish. Sinyal BUY.
[2026-07-03 13:05:23] Keputusan analis: Buy(0.002032391956573243, "[Trending] Quant EMA13/34 Buy (Vol 1.4x)")
[2026-07-03 13:05:23] Mengeksekusi transaksi...
[2026-07-03 13:05:23] Eksekusi sukses. Saldo: $502.40, BTC: 0.0078
[2026-07-03 13:06:24] Siklus Menit Baru. Harga BTC Terakhir (OKX): $61827.30
[ANALIS] State: BULLISH | EMA13/34: $61758.2/$61718.2 | VWAP Sesi: $61466.29 | Vol Surge: 0.2x | BB50: [$61577.56 - $61806.59] | Tren 15m: BULLISH
[DEBUG] EMA streak: 0 | EMA13: 61758.20 | EMA34: 61718.17 | Selisih: 40.02
[ANALIS-TRENDING] Quant Golden Cross (EMA13 > EMA34), Di atas VWAP ($61466.29), & Tren 15m Bullish. Sinyal BUY.
[2026-07-03 13:06:24] Keputusan analis: Buy(0.0016251574153749884, "[Trending] Quant EMA13/34 Buy (Vol 0.2x)")
Mencegah transaksi berulang (Cool-down aktif). Aksi terakhir BUY pada 13:05:23 (1 menit lalu)
[2026-07-03 13:06:24] Validasi gagal / keputusan WAIT. Tidak ada eksekusi.
[2026-07-03 13:07:24] Siklus Menit Baru. Harga BTC Terakhir (OKX): $61809.90
[ANALIS] State: BULLISH | EMA13/34: $61767.4/$61725.8 | VWAP Sesi: $61467.01 | Vol Surge: 0.5x | BB50: [$61581.38 - $61812.58] | Tren 15m: BULLISH
[DEBUG] EMA streak: 0 | EMA13: 61767.39 | EMA34: 61725.78 | Selisih: 41.61
[ANALIS-TRENDING] Quant Golden Cross (EMA13 > EMA34), Di atas VWAP ($61467.01), & Tren 15m Bullish. Sinyal BUY.
[2026-07-03 13:07:24] Keputusan analis: Buy(0.001625614910679584, "[Trending] Quant EMA13/34 Buy (Vol 0.5x)")
Mencegah transaksi berulang (Cool-down aktif). Aksi terakhir BUY pada 13:05:23 (2 menit lalu)
[2026-07-03 13:07:24] Validasi gagal / keputusan WAIT. Tidak ada eksekusi.
[2026-07-03 13:08:24] Siklus Menit Baru. Harga BTC Terakhir (OKX): $61776.90
[ANALIS] State: BULLISH | EMA13/34: $61765.8/$61728.9 | VWAP Sesi: $61467.13 | Vol Surge: 0.1x | BB50: [$61586.71 - $61813.01] | Tren 15m: BULLISH
[DEBUG] EMA streak: 0 | EMA13: 61765.82 | EMA34: 61728.93 | Selisih: 36.89
[ANALIS-TRENDING] Quant Golden Cross (EMA13 > EMA34), Di atas VWAP ($61467.13), & Tren 15m Bullish. Sinyal BUY.
[2026-07-03 13:08:24] Keputusan analis: Buy(0.0016264832820619686, "[Trending] Quant EMA13/34 Buy (Vol 0.1x)")
Mencegah transaksi berulang (Cool-down aktif). Aksi terakhir BUY pada 13:05:23 (3 menit lalu)
[2026-07-03 13:08:24] Validasi gagal / keputusan WAIT. Tidak ada eksekusi.
[2026-07-03 13:09:24] Siklus Menit Baru. Harga BTC Terakhir (OKX): $61828.50
[ANALIS] State: BULLISH | EMA13/34: $61779.3/$61735.5 | VWAP Sesi: $61476.12 | Vol Surge: 0.8x | BB50: [$61584.83 - $61824.03] | Tren 15m: BULLISH
[DEBUG] EMA streak: 0 | EMA13: 61779.31 | EMA34: 61735.49 | Selisih: 43.82
[ANALIS-TRENDING] Quant Golden Cross (EMA13 > EMA34), Di atas VWAP ($61476.12), & Tren 15m Bullish. Sinyal BUY.
[2026-07-03 13:09:24] Keputusan analis: Buy(0.0016251258734663468, "[Trending] Quant EMA13/34 Buy (Vol 0.8x)")
Mencegah transaksi berulang (Cool-down aktif). Aksi terakhir BUY pada 13:05:23 (4 menit lalu)
[2026-07-03 13:09:24] Validasi gagal / keputusan WAIT. Tidak ada eksekusi.
[2026-07-03 13:10:24] Siklus Menit Baru. Harga BTC Terakhir (OKX): $61811.00
[ANALIS] State: BULLISH | EMA13/34: $61782.6/$61737.5 | VWAP Sesi: $61476.25 | Vol Surge: 0.1x | BB50: [$61588.36 - $61827.91] | Tren 15m: BULLISH
[DEBUG] EMA streak: 0 | EMA13: 61782.59 | EMA34: 61737.51 | Selisih: 45.08
[ANALIS-TRENDING] Quant Golden Cross (EMA13 > EMA34), Di atas VWAP ($61476.25), & Tren 15m Bullish. Sinyal BUY.
[2026-07-03 13:10:24] Keputusan analis: Buy(0.001625585980935659, "[Trending] Quant EMA13/34 Buy (Vol 0.1x)")
Max pyramiding (3 layer) tercapai. Tunggu siklus selesai (posisi aktif saat ini: 3).
[2026-07-03 13:10:24] Validasi gagal / keputusan WAIT. Tidak ada eksekusi.
[2026-07-03 13:11:24] Siklus Menit Baru. Harga BTC Terakhir (OKX): $61821.50
[ANALIS] State: BULLISH | EMA13/34: $61788.2/$61743.5 | VWAP Sesi: $61476.49 | Vol Surge: 0.1x | BB50: [$61594.48 - $61831.37] | Tren 15m: BULLISH
[DEBUG] EMA streak: 0 | EMA13: 61788.22 | EMA34: 61743.49 | Selisih: 44.72
[ANALIS-TRENDING] Quant Golden Cross (EMA13 > EMA34), Di atas VWAP ($61476.49), & Tren 15m Bullish. Sinyal BUY.
[2026-07-03 13:11:24] Keputusan analis: Buy(0.0016253098851955069, "[Trending] Quant EMA13/34 Buy (Vol 0.1x)")
Max pyramiding (3 layer) tercapai. Tunggu siklus selesai (posisi aktif saat ini: 3).
[2026-07-03 13:11:24] Validasi gagal / keputusan WAIT. Tidak ada eksekusi.
[2026-07-03 13:12:25] Siklus Menit Baru. Harga BTC Terakhir (OKX): $61815.30
[ANALIS] State: BULLISH | EMA13/34: $61791.3/$61747.3 | VWAP Sesi: $61476.68 | Vol Surge: 0.1x | BB50: [$61599.73 - $61834.30] | Tren 15m: BULLISH
[DEBUG] EMA streak: 0 | EMA13: 61791.32 | EMA34: 61747.25 | Selisih: 44.06
[ANALIS-TRENDING] Quant Golden Cross (EMA13 > EMA34), Di atas VWAP ($61476.68), & Tren 15m Bullish. Sinyal BUY.
[2026-07-03 13:12:25] Keputusan analis: Buy(0.0016254729018157967, "[Trending] Quant EMA13/34 Buy (Vol 0.1x)")
Max pyramiding (3 layer) tercapai. Tunggu siklus selesai (posisi aktif saat ini: 3).
[2026-07-03 13:12:25] Validasi gagal / keputusan WAIT. Tidak ada eksekusi.
[2026-07-03 13:13:25] Siklus Menit Baru. Harga BTC Terakhir (OKX): $61800.20
[ANALIS] State: BULLISH | EMA13/34: $61793.1/$61752.3 | VWAP Sesi: $61476.75 | Vol Surge: 0.0x | BB50: [$61605.72 - $61836.28] | Tren 15m: BULLISH
[DEBUG] EMA streak: 0 | EMA13: 61793.05 | EMA34: 61752.31 | Selisih: 40.75
[ANALIS-TRENDING] Quant Golden Cross (EMA13 > EMA34), Di atas VWAP ($61476.75), & Tren 15m Bullish. Sinyal BUY.
[2026-07-03 13:13:25] Keputusan analis: Buy(0.0016258700630032595, "[Trending] Quant EMA13/34 Buy (Vol 0.0x)")
Max pyramiding (3 layer) tercapai. Tunggu siklus selesai (posisi aktif saat ini: 3).
[2026-07-03 13:13:25] Validasi gagal / keputusan WAIT. Tidak ada eksekusi.
[2026-07-03 13:14:25] Siklus Menit Baru. Harga BTC Terakhir (OKX): $61751.80
[ANALIS] State: BULLISH | EMA13/34: $61779.4/$61746.9 | VWAP Sesi: $61476.91 | Vol Surge: 0.1x | BB50: [$61610.93 - $61833.09] | Tren 15m: BULLISH
[DEBUG] EMA streak: 0 | EMA13: 61779.40 | EMA34: 61746.91 | Selisih: 32.49
[ANALIS-TRENDING] Quant Golden Cross (EMA13 > EMA34), Di atas VWAP ($61476.91), & Tren 15m Bullish. Sinyal BUY.
[2026-07-03 13:14:25] Keputusan analis: Buy(0.0016271443920276658, "[Trending] Quant EMA13/34 Buy (Vol 0.1x)")
Max pyramiding (3 layer) tercapai. Tunggu siklus selesai (posisi aktif saat ini: 3).
[2026-07-03 13:14:25] Validasi gagal / keputusan WAIT. Tidak ada eksekusi.
[2026-07-03 13:15:25] Siklus Menit Baru. Harga BTC Terakhir (OKX): $61734.20
[ANALIS] State: BULLISH | EMA13/34: $61771.4/$61749.1 | VWAP Sesi: $61477.32 | Vol Surge: 0.3x | BB50: [$61618.92 - $61829.88] | Tren 15m: BULLISH
[DEBUG] EMA streak: 0 | EMA13: 61771.37 | EMA34: 61749.11 | Selisih: 22.27
[ANALIS-TRENDING] Quant Golden Cross (EMA13 > EMA34), Di atas VWAP ($61477.32), & Tren 15m Bullish. Sinyal BUY.
[2026-07-03 13:15:25] Keputusan analis: Buy(0.0016276082798127138, "[Trending] Quant EMA13/34 Buy (Vol 0.3x)")
Max pyramiding (3 layer) tercapai. Tunggu siklus selesai (posisi aktif saat ini: 3).
[2026-07-03 13:15:25] Validasi gagal / keputusan WAIT. Tidak ada eksekusi.
[2026-07-03 13:16:25] Siklus Menit Baru. Harga BTC Terakhir (OKX): $61761.80
[ANALIS] State: SIDEWAYS | EMA13/34: $61770.0/$61748.9 | VWAP Sesi: $61479.50 | Vol Surge: 2.2x | BB50: [$61621.40 - $61831.06] | Tren 15m: BULLISH
[ANALIS-SIDEWAYS] WAIT - Lebar BB sempit (0.339%).
[2026-07-03 13:16:25] Keputusan analis: Wait
[2026-07-03 13:16:25] Validasi gagal / keputusan WAIT. Tidak ada eksekusi.
[2026-07-03 13:17:25] Siklus Menit Baru. Harga BTC Terakhir (OKX): $61738.70
[ANALIS] State: SIDEWAYS | EMA13/34: $61762.6/$61747.2 | VWAP Sesi: $61479.42 | Vol Surge: 0.0x | BB50: [$61625.12 - $61829.81] | Tren 15m: BULLISH
[ANALIS-SIDEWAYS] WAIT - Lebar BB sempit (0.332%).
[2026-07-03 13:17:25] Keputusan analis: Wait
[2026-07-03 13:17:25] Validasi gagal / keputusan WAIT. Tidak ada eksekusi.
[2026-07-03 13:18:26] Siklus Menit Baru. Harga BTC Terakhir (OKX): $61776.40
[ANALIS] State: SIDEWAYS | EMA13/34: $61771.9/$61750.9 | VWAP Sesi: $61480.16 | Vol Surge: 0.1x | BB50: [$61628.14 - $61834.04] | Tren 15m: BULLISH
[ANALIS-SIDEWAYS] WAIT - Lebar BB sempit (0.333%).
[2026-07-03 13:18:26] Keputusan analis: Wait
[2026-07-03 13:18:26] Validasi gagal / keputusan WAIT. Tidak ada eksekusi.
[2026-07-03 13:19:26] Siklus Menit Baru. Harga BTC Terakhir (OKX): $61763.70
[ANALIS] State: SIDEWAYS | EMA13/34: $61769.0/$61751.6 | VWAP Sesi: $61480.44 | Vol Surge: 0.2x | BB50: [$61634.39 - $61832.43] | Tren 15m: BEARISH
[ANALIS-SIDEWAYS] WAIT - Lebar BB sempit (0.321%).
[2026-07-03 13:19:26] Keputusan analis: Wait
[2026-07-03 13:19:26] Validasi gagal / keputusan WAIT. Tidak ada eksekusi.
[2026-07-03 13:20:26] Siklus Menit Baru. Harga BTC Terakhir (OKX): $61734.30
[ANALIS] State: SIDEWAYS | EMA13/34: $61761.5/$61750.3 | VWAP Sesi: $61482.37 | Vol Surge: 0.2x | BB50: [$61639.10 - $61830.36] | Tren 15m: BEARISH
[ANALIS-SIDEWAYS] WAIT - Lebar BB sempit (0.310%).
[2026-07-03 13:20:26] Keputusan analis: Wait
[2026-07-03 13:20:26] Validasi gagal / keputusan WAIT. Tidak ada eksekusi.
[2026-07-03 13:21:26] Siklus Menit Baru. Harga BTC Terakhir (OKX): $61718.00
[ANALIS] State: SIDEWAYS | EMA13/34: $61751.6/$61748.0 | VWAP Sesi: $61483.16 | Vol Surge: 0.0x | BB50: [$61641.32 - $61829.16] | Tren 15m: BEARISH
[ANALIS-SIDEWAYS] WAIT - Lebar BB sempit (0.304%).
[2026-07-03 13:21:26] Keputusan analis: Wait
[2026-07-03 13:21:26] Validasi gagal / keputusan WAIT. Tidak ada eksekusi.
[2026-07-03 13:22:26] Siklus Menit Baru. Harga BTC Terakhir (OKX): $61717.00
[ANALIS] State: SIDEWAYS | EMA13/34: $61746.0/$61747.5 | VWAP Sesi: $61483.28 | Vol Surge: 0.0x | BB50: [$61642.73 - $61828.84] | Tren 15m: BEARISH
[ANALIS-SIDEWAYS] WAIT - Lebar BB sempit (0.302%).
[2026-07-03 13:22:26] Keputusan analis: Wait
[2026-07-03 13:22:26] Validasi gagal / keputusan WAIT. Tidak ada eksekusi.
[2026-07-03 13:23:26] Siklus Menit Baru. Harga BTC Terakhir (OKX): $61700.90
[ANALIS] State: SIDEWAYS | EMA13/34: $61739.5/$61745.7 | VWAP Sesi: $61484.18 | Vol Surge: 1.0x | BB50: [$61642.13 - $61828.89] | Tren 15m: BEARISH
[ANALIS-SIDEWAYS] WAIT - Lebar BB sempit (0.303%).
[2026-07-03 13:23:26] Keputusan analis: Wait
[2026-07-03 13:23:26] Validasi gagal / keputusan WAIT. Tidak ada eksekusi.
[2026-07-03 13:24:27] Siklus Menit Baru. Harga BTC Terakhir (OKX): $61696.70
[ANALIS] State: SIDEWAYS | EMA13/34: $61733.3/$61743.6 | VWAP Sesi: $61484.29 | Vol Surge: 0.0x | BB50: [$61640.81 - $61828.83] | Tren 15m: BEARISH
[ANALIS-SIDEWAYS] WAIT - Lebar BB sempit (0.305%).
[2026-07-03 13:24:27] Keputusan analis: Wait
[2026-07-03 13:24:27] Validasi gagal / keputusan WAIT. Tidak ada eksekusi.
[2026-07-03 13:25:27] Siklus Menit Baru. Harga BTC Terakhir (OKX): $61732.10
[ANALIS] State: SIDEWAYS | EMA13/34: $61738.7/$61743.8 | VWAP Sesi: $61484.93 | Vol Surge: 0.0x | BB50: [$61642.12 - $61828.85] | Tren 15m: BEARISH
[ANALIS-SIDEWAYS] WAIT - Lebar BB sempit (0.302%).
[2026-07-03 13:25:27] Keputusan analis: Wait
[2026-07-03 13:25:27] Validasi gagal / keputusan WAIT. Tidak ada eksekusi.
[2026-07-03 13:26:27] Siklus Menit Baru. Harga BTC Terakhir (OKX): $61727.60
[ANALIS] State: SIDEWAYS | EMA13/34: $61736.6/$61745.2 | VWAP Sesi: $61485.00 | Vol Surge: 0.1x | BB50: [$61642.44 - $61828.88] | Tren 15m: BEARISH
[ANALIS-SIDEWAYS] WAIT - Lebar BB sempit (0.302%).
[2026-07-03 13:26:27] Keputusan analis: Wait
[2026-07-03 13:26:27] Validasi gagal / keputusan WAIT. Tidak ada eksekusi.
[2026-07-03 13:27:27] Siklus Menit Baru. Harga BTC Terakhir (OKX): $61716.30
[ANALIS] State: SIDEWAYS | EMA13/34: $61732.9/$61741.1 | VWAP Sesi: $61485.03 | Vol Surge: 0.0x | BB50: [$61641.49 - $61827.67] | Tren 15m: BEARISH
[ANALIS-SIDEWAYS] WAIT - Lebar BB sempit (0.302%).
[2026-07-03 13:27:27] Keputusan analis: Wait
[2026-07-03 13:27:27] Validasi gagal / keputusan WAIT. Tidak ada eksekusi.
[2026-07-03 13:28:27] Siklus Menit Baru. Harga BTC Terakhir (OKX): $61720.50
[ANALIS] State: SIDEWAYS | EMA13/34: $61731.0/$61739.6 | VWAP Sesi: $61485.05 | Vol Surge: 0.0x | BB50: [$61641.40 - $61827.64] | Tren 15m: BEARISH
[ANALIS-SIDEWAYS] WAIT - Lebar BB sempit (0.302%).
[2026-07-03 13:28:27] Keputusan analis: Wait
[2026-07-03 13:28:27] Validasi gagal / keputusan WAIT. Tidak ada eksekusi.
[2026-07-03 13:29:27] Siklus Menit Baru. Harga BTC Terakhir (OKX): $61711.00
[ANALIS] State: SIDEWAYS | EMA13/34: $61728.2/$61737.3 | VWAP Sesi: $61485.71 | Vol Surge: 1.0x | BB50: [$61641.15 - $61827.62] | Tren 15m: BEARISH
[ANALIS-SIDEWAYS] WAIT - Lebar BB sempit (0.302%).
[2026-07-03 13:29:27] Keputusan analis: Wait
[2026-07-03 13:29:27] Validasi gagal / keputusan WAIT. Tidak ada eksekusi.
[2026-07-03 13:30:27] Siklus Menit Baru. Harga BTC Terakhir (OKX): $61741.30
[ANALIS] State: SIDEWAYS | EMA13/34: $61731.2/$61736.4 | VWAP Sesi: $61485.85 | Vol Surge: 0.0x | BB50: [$61642.55 - $61828.02] | Tren 15m: BULLISH
[ANALIS-SIDEWAYS] WAIT - Lebar BB sempit (0.300%).
[2026-07-03 13:30:27] Keputusan analis: Wait
[2026-07-03 13:30:27] Validasi gagal / keputusan WAIT. Tidak ada eksekusi.
[2026-07-03 13:31:28] Siklus Menit Baru. Harga BTC Terakhir (OKX): $61779.90
[ANALIS] State: SIDEWAYS | EMA13/34: $61739.9/$61739.6 | VWAP Sesi: $61487.59 | Vol Surge: 0.0x | BB50: [$61645.67 - $61829.70] | Tren 15m: BULLISH
[ANALIS-SIDEWAYS] WAIT - Lebar BB sempit (0.298%).
[2026-07-03 13:31:28] Keputusan analis: Wait
[2026-07-03 13:31:28] Validasi gagal / keputusan WAIT. Tidak ada eksekusi.
[2026-07-03 13:32:28] Siklus Menit Baru. Harga BTC Terakhir (OKX): $61775.40
[ANALIS] State: SIDEWAYS | EMA13/34: $61745.3/$61742.3 | VWAP Sesi: $61487.69 | Vol Surge: 0.0x | BB50: [$61648.89 - $61830.64] | Tren 15m: BEARISH
[ANALIS-SIDEWAYS] WAIT - Lebar BB sempit (0.294%).
[2026-07-03 13:32:28] Keputusan analis: Wait
[2026-07-03 13:32:28] Validasi gagal / keputusan WAIT. Tidak ada eksekusi.
[2026-07-03 13:33:28] Siklus Menit Baru. Harga BTC Terakhir (OKX): $61754.30
[ANALIS] State: SIDEWAYS | EMA13/34: $61745.1/$61743.3 | VWAP Sesi: $61487.72 | Vol Surge: 0.0x | BB50: [$61651.71 - $61830.17] | Tren 15m: BEARISH
[ANALIS-SIDEWAYS] WAIT - Lebar BB sempit (0.289%).
[2026-07-03 13:33:28] Keputusan analis: Wait
[2026-07-03 13:33:28] Validasi gagal / keputusan WAIT. Tidak ada eksekusi.
[2026-07-03 13:34:28] Siklus Menit Baru. Harga BTC Terakhir (OKX): $61740.20
[ANALIS] State: SIDEWAYS | EMA13/34: $61742.7/$61740.8 | VWAP Sesi: $61488.34 | Vol Surge: 0.2x | BB50: [$61653.02 - $61829.86] | Tren 15m: BEARISH
[ANALIS-SIDEWAYS] WAIT - Lebar BB sempit (0.286%).
[2026-07-03 13:34:28] Keputusan analis: Wait
[2026-07-03 13:34:28] Validasi gagal / keputusan WAIT. Tidak ada eksekusi.
[2026-07-03 13:35:28] Siklus Menit Baru. Harga BTC Terakhir (OKX): $61721.80
[ANALIS] State: SIDEWAYS | EMA13/34: $61735.6/$61736.9 | VWAP Sesi: $61489.10 | Vol Surge: 0.1x | BB50: [$61654.80 - $61828.72] | Tren 15m: BULLISH
[ANALIS-SIDEWAYS] WAIT - Lebar BB sempit (0.282%).
[2026-07-03 13:35:28] Keputusan analis: Wait
[2026-07-03 13:35:28] Validasi gagal / keputusan WAIT. Tidak ada eksekusi.
[2026-07-03 13:36:28] Siklus Menit Baru. Harga BTC Terakhir (OKX): $61723.00
[ANALIS] State: SIDEWAYS | EMA13/34: $61733.8/$61737.1 | VWAP Sesi: $61489.16 | Vol Surge: 0.1x | BB50: [$61659.87 - $61826.48] | Tren 15m: BULLISH
[ANALIS-SIDEWAYS] WAIT - Lebar BB sempit (0.270%).
[2026-07-03 13:36:28] Keputusan analis: Wait
[2026-07-03 13:36:28] Validasi gagal / keputusan WAIT. Tidak ada eksekusi.
[2026-07-03 13:37:29] Siklus Menit Baru. Harga BTC Terakhir (OKX): $61700.00
[ANALIS] State: SIDEWAYS | EMA13/34: $61729.7/$61736.2 | VWAP Sesi: $61489.26 | Vol Surge: 0.2x | BB50: [$61662.19 - $61825.50] | Tren 15m: BEARISH
[ANALIS-SIDEWAYS] WAIT - Lebar BB sempit (0.265%).
[2026-07-03 13:37:29] Keputusan analis: Wait
[2026-07-03 13:37:29] Validasi gagal / keputusan WAIT. Tidak ada eksekusi.
[2026-07-03 13:38:29] Siklus Menit Baru. Harga BTC Terakhir (OKX): $61633.40
[ANALIS] State: SIDEWAYS | EMA13/34: $61710.9/$61730.6 | VWAP Sesi: $61489.43 | Vol Surge: 0.3x | BB50: [$61653.60 - $61830.26] | Tren 15m: BEARISH
[ANALIS-SIDEWAYS] WAIT - Lebar BB sempit (0.287%).
[2026-07-03 13:38:29] Keputusan analis: Wait
[2026-07-03 13:38:29] Validasi gagal / keputusan WAIT. Tidak ada eksekusi.
[2026-07-03 13:39:29] Siklus Menit Baru. Harga BTC Terakhir (OKX): $61613.40
[ANALIS] State: SIDEWAYS | EMA13/34: $61698.3/$61723.5 | VWAP Sesi: $61489.62 | Vol Surge: 0.6x | BB50: [$61645.21 - $61834.17] | Tren 15m: BEARISH
[ANALIS-SIDEWAYS] WAIT - Lebar BB sempit (0.307%).
[2026-07-03 13:39:29] Keputusan analis: Wait
[2026-07-03 13:39:29] Validasi gagal / keputusan WAIT. Tidak ada eksekusi.
[2026-07-03 13:40:29] Siklus Menit Baru. Harga BTC Terakhir (OKX): $61629.00
[ANALIS] State: SIDEWAYS | EMA13/34: $61690.4/$61718.9 | VWAP Sesi: $61489.74 | Vol Surge: 0.2x | BB50: [$61640.53 - $61835.97] | Tren 15m: BEARISH
[ANALIS-SIDEWAYS] WAIT - Lebar BB sempit (0.317%).
[2026-07-03 13:40:29] Keputusan analis: Wait
[2026-07-03 13:40:29] Validasi gagal / keputusan WAIT. Tidak ada eksekusi.
[2026-07-03 13:41:29] Siklus Menit Baru. Harga BTC Terakhir (OKX): $61641.00
[ANALIS] State: SIDEWAYS | EMA13/34: $61683.7/$61714.8 | VWAP Sesi: $61489.87 | Vol Surge: 0.3x | BB50: [$61635.90 - $61837.76] | Tren 15m: BEARISH
[ANALIS-SIDEWAYS] WAIT - Lebar BB sempit (0.327%).
[2026-07-03 13:41:29] Keputusan analis: Wait
[2026-07-03 13:41:29] Validasi gagal / keputusan WAIT. Tidak ada eksekusi.
[2026-07-03 13:42:29] Siklus Menit Baru. Harga BTC Terakhir (OKX): $61644.60
[ANALIS] State: SIDEWAYS | EMA13/34: $61678.0/$61711.2 | VWAP Sesi: $61489.88 | Vol Surge: 0.0x | BB50: [$61631.20 - $61839.50] | Tren 15m: BEARISH
[ANALIS-SIDEWAYS] WAIT - Lebar BB sempit (0.338%).
[2026-07-03 13:42:29] Keputusan analis: Wait
[2026-07-03 13:42:29] Validasi gagal / keputusan WAIT. Tidak ada eksekusi.
[2026-07-03 13:43:30] Siklus Menit Baru. Harga BTC Terakhir (OKX): $61646.00
[ANALIS] State: BEARISH | EMA13/34: $61675.1/$61708.8 | VWAP Sesi: $61490.00 | Vol Surge: 0.0x | BB50: [$61627.71 - $61840.28] | Tren 15m: BEARISH
[DEBUG] EMA streak: 0 | EMA13: 61675.14 | EMA34: 61708.80 | Selisih: -33.66
[ANALIS-TRENDING] Menunggu konfirmasi streak 2 menit. Saat ini: 1 menit.
[2026-07-03 13:43:30] Keputusan analis: Wait
[2026-07-03 13:43:30] Validasi gagal / keputusan WAIT. Tidak ada eksekusi.
[2026-07-03 13:44:30] Siklus Menit Baru. Harga BTC Terakhir (OKX): $61647.50
[ANALIS] State: BEARISH | EMA13/34: $61671.6/$61705.7 | VWAP Sesi: $61490.03 | Vol Surge: 0.0x | BB50: [$61623.39 - $61841.10] | Tren 15m: BEARISH
[DEBUG] EMA streak: 1 | EMA13: 61671.63 | EMA34: 61705.67 | Selisih: -34.04
[ANALIS-TRENDING] Sinyal melemah/Death Cross terkonfirmasi 2 menit berturut. Sinyal SELL.
[2026-07-03 13:44:30] Keputusan analis: Sell(0.007760119059964915, "[Trending] Quant EMA13/34 Sell Confirmed (2m streak)")
[2026-07-03 13:44:30] Mengeksekusi transaksi...
[2026-07-03 13:44:30] Eksekusi sukses. Saldo: $980.31, BTC: 0.0000
[2026-07-03 13:45:30] Siklus Menit Baru. Harga BTC Terakhir (OKX): $61679.40
[ANALIS] State: BEARISH | EMA13/34: $61671.7/$61703.0 | VWAP Sesi: $61490.09 | Vol Surge: 0.1x | BB50: [$61620.51 - $61841.15] | Tren 15m: BEARISH
[DEBUG] EMA streak: 0 | EMA13: 61671.70 | EMA34: 61702.99 | Selisih: -31.28
[2026-07-03 13:45:30] Keputusan analis: Wait
[2026-07-03 13:45:30] Validasi gagal / keputusan WAIT. Tidak ada eksekusi.
[2026-07-03 13:46:30] Siklus Menit Baru. Harga BTC Terakhir (OKX): $61672.70
[ANALIS] State: BEARISH | EMA13/34: $61671.8/$61699.9 | VWAP Sesi: $61490.11 | Vol Surge: 0.0x | BB50: [$61618.22 - $61841.23] | Tren 15m: BEARISH
[DEBUG] EMA streak: 0 | EMA13: 61671.85 | EMA34: 61699.93 | Selisih: -28.08
[2026-07-03 13:46:30] Keputusan analis: Wait
[2026-07-03 13:46:30] Validasi gagal / keputusan WAIT. Tidak ada eksekusi.
[2026-07-03 13:47:30] Siklus Menit Baru. Harga BTC Terakhir (OKX): $61670.00
[ANALIS] State: BEARISH | EMA13/34: $61672.8/$61698.3 | VWAP Sesi: $61490.16 | Vol Surge: 0.0x | BB50: [$61617.12 - $61841.42] | Tren 15m: BEARISH
[DEBUG] EMA streak: 0 | EMA13: 61672.80 | EMA34: 61698.30 | Selisih: -25.50
[2026-07-03 13:47:30] Keputusan analis: Wait
[2026-07-03 13:47:30] Validasi gagal / keputusan WAIT. Tidak ada eksekusi.
[2026-07-03 13:48:30] Siklus Menit Baru. Harga BTC Terakhir (OKX): $61656.10
[ANALIS] State: BEARISH | EMA13/34: $61670.4/$61696.1 | VWAP Sesi: $61490.18 | Vol Surge: 0.0x | BB50: [$61614.92 - $61842.10] | Tren 15m: BEARISH
[DEBUG] EMA streak: 0 | EMA13: 61670.43 | EMA34: 61696.10 | Selisih: -25.67
[2026-07-03 13:48:30] Keputusan analis: Wait
[2026-07-03 13:48:30] Validasi gagal / keputusan WAIT. Tidak ada eksekusi.
[2026-07-03 13:49:30] Siklus Menit Baru. Harga BTC Terakhir (OKX): $61680.20
[ANALIS] State: BEARISH | EMA13/34: $61673.2/$61695.5 | VWAP Sesi: $61490.21 | Vol Surge: 0.0x | BB50: [$61614.84 - $61841.93] | Tren 15m: BEARISH
[DEBUG] EMA streak: 0 | EMA13: 61673.25 | EMA34: 61695.54 | Selisih: -22.30
[2026-07-03 13:49:30] Keputusan analis: Wait
[2026-07-03 13:49:30] Validasi gagal / keputusan WAIT. Tidak ada eksekusi.
[2026-07-03 13:50:31] Siklus Menit Baru. Harga BTC Terakhir (OKX): $61676.50
[ANALIS] State: BEARISH | EMA13/34: $61673.1/$61694.8 | VWAP Sesi: $61490.32 | Vol Surge: 0.0x | BB50: [$61613.74 - $61842.18] | Tren 15m: BEARISH
[DEBUG] EMA streak: 0 | EMA13: 61673.10 | EMA34: 61694.82 | Selisih: -21.72
[2026-07-03 13:50:31] Keputusan analis: Wait
[2026-07-03 13:50:31] Validasi gagal / keputusan WAIT. Tidak ada eksekusi.
[2026-07-03 13:51:31] Siklus Menit Baru. Harga BTC Terakhir (OKX): $61670.60
[ANALIS] State: BEARISH | EMA13/34: $61673.5/$61695.5 | VWAP Sesi: $61490.33 | Vol Surge: 0.0x | BB50: [$61612.42 - $61842.37] | Tren 15m: BEARISH
[DEBUG] EMA streak: 0 | EMA13: 61673.50 | EMA34: 61695.45 | Selisih: -21.96
[2026-07-03 13:51:31] Keputusan analis: Wait
[2026-07-03 13:51:31] Validasi gagal / keputusan WAIT. Tidak ada eksekusi.
[2026-07-03 13:52:31] Siklus Menit Baru. Harga BTC Terakhir (OKX): $61681.70
[ANALIS] State: BEARISH | EMA13/34: $61674.7/$61696.3 | VWAP Sesi: $61490.44 | Vol Surge: 0.3x | BB50: [$61610.65 - $61841.93] | Tren 15m: BULLISH
[DEBUG] EMA streak: 0 | EMA13: 61674.69 | EMA34: 61696.28 | Selisih: -21.59
[2026-07-03 13:52:31] Keputusan analis: Wait
[2026-07-03 13:52:31] Validasi gagal / keputusan WAIT. Tidak ada eksekusi.
[2026-07-03 13:53:31] Siklus Menit Baru. Harga BTC Terakhir (OKX): $61724.40
[ANALIS] State: BEARISH | EMA13/34: $61683.3/$61701.7 | VWAP Sesi: $61490.50 | Vol Surge: 0.1x | BB50: [$61610.95 - $61840.39] | Tren 15m: BULLISH
[DEBUG] EMA streak: 0 | EMA13: 61683.30 | EMA34: 61701.65 | Selisih: -18.35
[2026-07-03 13:53:31] Keputusan analis: Wait
[2026-07-03 13:53:31] Validasi gagal / keputusan WAIT. Tidak ada eksekusi.
[2026-07-03 13:54:31] Siklus Menit Baru. Harga BTC Terakhir (OKX): $61777.90
[ANALIS] State: BEARISH | EMA13/34: $61698.3/$61706.3 | VWAP Sesi: $61490.86 | Vol Surge: 0.5x | BB50: [$61612.81 - $61837.08] | Tren 15m: BULLISH
[DEBUG] EMA streak: 0 | EMA13: 61698.28 | EMA34: 61706.33 | Selisih: -8.04
[2026-07-03 13:54:31] Keputusan analis: Wait
[2026-07-03 13:54:31] Validasi gagal / keputusan WAIT. Tidak ada eksekusi.
[2026-07-03 13:55:32] Siklus Menit Baru. Harga BTC Terakhir (OKX): $61745.00
[ANALIS] State: BEARISH | EMA13/34: $61703.6/$61708.6 | VWAP Sesi: $61490.94 | Vol Surge: 0.0x | BB50: [$61614.66 - $61831.78] | Tren 15m: BULLISH
[DEBUG] EMA streak: 0 | EMA13: 61703.62 | EMA34: 61708.65 | Selisih: -5.03
[2026-07-03 13:55:32] Keputusan analis: Wait
[2026-07-03 13:55:32] Validasi gagal / keputusan WAIT. Tidak ada eksekusi.
[2026-07-03 13:56:32] Siklus Menit Baru. Harga BTC Terakhir (OKX): $61748.70
[ANALIS] State: SIDEWAYS | EMA13/34: $61710.1/$61708.8 | VWAP Sesi: $61491.06 | Vol Surge: 0.2x | BB50: [$61617.35 - $61825.71] | Tren 15m: BULLISH
[ANALIS-SIDEWAYS] WAIT - Lebar BB sempit (0.337%).
[2026-07-03 13:56:32] Keputusan analis: Wait
[2026-07-03 13:56:32] Validasi gagal / keputusan WAIT. Tidak ada eksekusi.
[2026-07-03 13:57:32] Siklus Menit Baru. Harga BTC Terakhir (OKX): $61747.60
[ANALIS] State: SIDEWAYS | EMA13/34: $61714.3/$61711.8 | VWAP Sesi: $61492.00 | Vol Surge: 0.0x | BB50: [$61618.16 - $61822.71] | Tren 15m: BULLISH
[ANALIS-SIDEWAYS] WAIT - Lebar BB sempit (0.331%).
[2026-07-03 13:57:32] Keputusan analis: Wait
[2026-07-03 13:57:32] Validasi gagal / keputusan WAIT. Tidak ada eksekusi.
[2026-07-03 13:58:32] Siklus Menit Baru. Harga BTC Terakhir (OKX): $61738.80
[ANALIS] State: SIDEWAYS | EMA13/34: $61716.8/$61712.9 | VWAP Sesi: $61492.28 | Vol Surge: 0.4x | BB50: [$61620.19 - $61817.22] | Tren 15m: BULLISH
[ANALIS-SIDEWAYS] WAIT - Lebar BB sempit (0.319%).
[2026-07-03 13:58:32] Keputusan analis: Wait
[2026-07-03 13:58:32] Validasi gagal / keputusan WAIT. Tidak ada eksekusi.
[2026-07-03 13:59:32] Siklus Menit Baru. Harga BTC Terakhir (OKX): $61738.80
[ANALIS] State: SIDEWAYS | EMA13/34: $61719.9/$61714.0 | VWAP Sesi: $61492.43 | Vol Surge: 0.1x | BB50: [$61622.56 - $61811.70] | Tren 15m: BULLISH
[ANALIS-SIDEWAYS] WAIT - Lebar BB sempit (0.306%).
[2026-07-03 13:59:32] Keputusan analis: Wait
[2026-07-03 13:59:32] Validasi gagal / keputusan WAIT. Tidak ada eksekusi.
[2026-07-03 14:00:32] Siklus Menit Baru. Harga BTC Terakhir (OKX): $61699.10
[ANALIS] State: SIDEWAYS | EMA13/34: $61713.1/$61711.7 | VWAP Sesi: $61493.38 | Vol Surge: 0.2x | BB50: [$61623.66 - $61804.91] | Tren 15m: BULLISH
[ANALIS-SIDEWAYS] WAIT - Lebar BB sempit (0.294%).
[2026-07-03 14:00:32] Keputusan analis: Wait
[2026-07-03 14:00:32] Validasi gagal / keputusan WAIT. Tidak ada eksekusi.
[2026-07-03 14:01:33] Siklus Menit Baru. Harga BTC Terakhir (OKX): $61728.70
[ANALIS] State: SIDEWAYS | EMA13/34: $61718.2/$61714.2 | VWAP Sesi: $61493.43 | Vol Surge: 0.0x | BB50: [$61627.03 - $61799.01] | Tren 15m: BULLISH
[ANALIS-SIDEWAYS] WAIT - Lebar BB sempit (0.279%).
[2026-07-03 14:01:33] Keputusan analis: Wait
[2026-07-03 14:01:33] Validasi gagal / keputusan WAIT. Tidak ada eksekusi.
[2026-07-03 14:02:33] Siklus Menit Baru. Harga BTC Terakhir (OKX): $61725.30
[ANALIS] State: SIDEWAYS | EMA13/34: $61718.4/$61710.4 | VWAP Sesi: $61493.64 | Vol Surge: 0.5x | BB50: [$61630.53 - $61791.52] | Tren 15m: BULLISH
[ANALIS-SIDEWAYS] WAIT - Lebar BB sempit (0.261%).
[2026-07-03 14:02:33] Keputusan analis: Wait
[2026-07-03 14:02:33] Validasi gagal / keputusan WAIT. Tidak ada eksekusi.
[2026-07-03 14:03:33] Siklus Menit Baru. Harga BTC Terakhir (OKX): $61744.30
[ANALIS] State: SIDEWAYS | EMA13/34: $61723.8/$61712.7 | VWAP Sesi: $61493.80 | Vol Surge: 0.1x | BB50: [$61630.49 - $61792.18] | Tren 15m: BULLISH
[ANALIS-SIDEWAYS] WAIT - Lebar BB sempit (0.262%).
[2026-07-03 14:03:33] Keputusan analis: Wait
[2026-07-03 14:03:33] Validasi gagal / keputusan WAIT. Tidak ada eksekusi.
[2026-07-03 14:04:33] Siklus Menit Baru. Harga BTC Terakhir (OKX): $61673.40
[ANALIS] State: SIDEWAYS | EMA13/34: $61716.6/$61710.4 | VWAP Sesi: $61493.93 | Vol Surge: 0.3x | BB50: [$61628.86 - $61791.39] | Tren 15m: BEARISH
[ANALIS-SIDEWAYS] WAIT - Lebar BB sempit (0.264%).
[2026-07-03 14:04:33] Keputusan analis: Wait
[2026-07-03 14:04:33] Validasi gagal / keputusan WAIT. Tidak ada eksekusi.
[2026-07-03 14:05:33] Siklus Menit Baru. Harga BTC Terakhir (OKX): $61672.00
[ANALIS] State: SIDEWAYS | EMA13/34: $61709.6/$61708.1 | VWAP Sesi: $61493.98 | Vol Surge: 0.1x | BB50: [$61626.96 - $61790.61] | Tren 15m: BEARISH
[ANALIS-SIDEWAYS] WAIT - Lebar BB sempit (0.265%).
[2026-07-03 14:05:33] Keputusan analis: Wait
[2026-07-03 14:05:33] Validasi gagal / keputusan WAIT. Tidak ada eksekusi.
[2026-07-03 14:06:33] Siklus Menit Baru. Harga BTC Terakhir (OKX): $61696.40
[ANALIS] State: SIDEWAYS | EMA13/34: $61709.3/$61711.4 | VWAP Sesi: $61494.05 | Vol Surge: 0.2x | BB50: [$61627.12 - $61789.30] | Tren 15m: BULLISH
[ANALIS-SIDEWAYS] WAIT - Lebar BB sempit (0.263%).
[2026-07-03 14:06:33] Keputusan analis: Wait
[2026-07-03 14:06:33] Validasi gagal / keputusan WAIT. Tidak ada eksekusi.
[2026-07-03 14:07:34] Siklus Menit Baru. Harga BTC Terakhir (OKX): $61750.80
[ANALIS] State: SIDEWAYS | EMA13/34: $61716.4/$61712.2 | VWAP Sesi: $61494.39 | Vol Surge: 1.1x | BB50: [$61629.69 - $61785.19] | Tren 15m: BULLISH
[ANALIS-SIDEWAYS] WAIT - Lebar BB sempit (0.252%).
[2026-07-03 14:07:34] Keputusan analis: Wait
[2026-07-03 14:07:34] Validasi gagal / keputusan WAIT. Tidak ada eksekusi.
[2026-07-03 14:08:34] Siklus Menit Baru. Harga BTC Terakhir (OKX): $61765.40
[ANALIS] State: SIDEWAYS | EMA13/34: $61725.4/$61715.1 | VWAP Sesi: $61494.72 | Vol Surge: 0.4x | BB50: [$61629.03 - $61786.64] | Tren 15m: BULLISH
[ANALIS-SIDEWAYS] WAIT - Lebar BB sempit (0.255%).
[2026-07-03 14:08:34] Keputusan analis: Wait
[2026-07-03 14:08:34] Validasi gagal / keputusan WAIT. Tidak ada eksekusi.
[2026-07-03 14:09:34] Siklus Menit Baru. Harga BTC Terakhir (OKX): $61755.70
[ANALIS] State: SIDEWAYS | EMA13/34: $61728.4/$61714.8 | VWAP Sesi: $61494.89 | Vol Surge: 0.2x | BB50: [$61629.10 - $61786.66] | Tren 15m: BEARISH
[ANALIS-SIDEWAYS] WAIT - Lebar BB sempit (0.255%).
[2026-07-03 14:09:34] Keputusan analis: Wait
[2026-07-03 14:09:34] Validasi gagal / keputusan WAIT. Tidak ada eksekusi.
[2026-07-03 14:10:34] Siklus Menit Baru. Harga BTC Terakhir (OKX): $61701.90
[ANALIS] State: SIDEWAYS | EMA13/34: $61721.5/$61713.2 | VWAP Sesi: $61495.06 | Vol Surge: 0.3x | BB50: [$61629.46 - $61785.19] | Tren 15m: BEARISH
[ANALIS-SIDEWAYS] WAIT - Lebar BB sempit (0.252%).
[2026-07-03 14:10:34] Keputusan analis: Wait
[2026-07-03 14:10:34] Validasi gagal / keputusan WAIT. Tidak ada eksekusi.
[2026-07-03 14:11:34] Siklus Menit Baru. Harga BTC Terakhir (OKX): $61701.20
[ANALIS] State: SIDEWAYS | EMA13/34: $61719.3/$61713.0 | VWAP Sesi: $61495.13 | Vol Surge: 0.1x | BB50: [$61629.37 - $61785.07] | Tren 15m: BEARISH
[ANALIS-SIDEWAYS] WAIT - Lebar BB sempit (0.252%).
[2026-07-03 14:11:34] Keputusan analis: Wait
[2026-07-03 14:11:34] Validasi gagal / keputusan WAIT. Tidak ada eksekusi.
[2026-07-03 14:12:34] Siklus Menit Baru. Harga BTC Terakhir (OKX): $61723.00
[ANALIS] State: SIDEWAYS | EMA13/34: $61720.3/$61712.9 | VWAP Sesi: $61495.16 | Vol Surge: 0.1x | BB50: [$61629.50 - $61785.35] | Tren 15m: BEARISH
[ANALIS-SIDEWAYS] WAIT - Lebar BB sempit (0.252%).
[2026-07-03 14:12:34] Keputusan analis: Wait
[2026-07-03 14:12:34] Validasi gagal / keputusan WAIT. Tidak ada eksekusi.
[2026-07-03 14:13:35] Siklus Menit Baru. Harga BTC Terakhir (OKX): $61705.00
[ANALIS] State: SIDEWAYS | EMA13/34: $61716.3/$61713.9 | VWAP Sesi: $61495.17 | Vol Surge: 0.0x | BB50: [$61629.43 - $61784.99] | Tren 15m: BEARISH
[ANALIS-SIDEWAYS] WAIT - Lebar BB sempit (0.252%).
[2026-07-03 14:13:35] Keputusan analis: Wait
[2026-07-03 14:13:35] Validasi gagal / keputusan WAIT. Tidak ada eksekusi.
[2026-07-03 14:14:35] Siklus Menit Baru. Harga BTC Terakhir (OKX): $61705.30
[ANALIS] State: SIDEWAYS | EMA13/34: $61714.1/$61712.3 | VWAP Sesi: $61495.24 | Vol Surge: 0.1x | BB50: [$61629.22 - $61783.52] | Tren 15m: BEARISH
[ANALIS-SIDEWAYS] WAIT - Lebar BB sempit (0.250%).
[2026-07-03 14:14:35] Keputusan analis: Wait
[2026-07-03 14:14:35] Validasi gagal / keputusan WAIT. Tidak ada eksekusi.
[2026-07-03 14:15:35] Siklus Menit Baru. Harga BTC Terakhir (OKX): $61710.40
[ANALIS] State: SIDEWAYS | EMA13/34: $61713.6/$61711.8 | VWAP Sesi: $61495.25 | Vol Surge: 0.0x | BB50: [$61629.11 - $61782.95] | Tren 15m: BEARISH
[ANALIS-SIDEWAYS] WAIT - Lebar BB sempit (0.249%).
[2026-07-03 14:15:35] Keputusan analis: Wait
[2026-07-03 14:15:35] Validasi gagal / keputusan WAIT. Tidak ada eksekusi.
[2026-07-03 14:16:35] Siklus Menit Baru. Harga BTC Terakhir (OKX): $61730.60
[ANALIS] State: SIDEWAYS | EMA13/34: $61718.2/$61713.7 | VWAP Sesi: $61495.42 | Vol Surge: 0.1x | BB50: [$61629.22 - $61783.96] | Tren 15m: BULLISH
[ANALIS-SIDEWAYS] WAIT - Lebar BB sempit (0.251%).
[2026-07-03 14:16:35] Keputusan analis: Wait
[2026-07-03 14:16:35] Validasi gagal / keputusan WAIT. Tidak ada eksekusi.
[2026-07-03 14:17:35] Siklus Menit Baru. Harga BTC Terakhir (OKX): $61729.40
[ANALIS] State: SIDEWAYS | EMA13/34: $61719.2/$61714.5 | VWAP Sesi: $61495.59 | Vol Surge: 0.6x | BB50: [$61629.28 - $61784.23] | Tren 15m: BEARISH
[ANALIS-SIDEWAYS] WAIT - Lebar BB sempit (0.251%).
[2026-07-03 14:17:35] Keputusan analis: Wait
[2026-07-03 14:17:35] Validasi gagal / keputusan WAIT. Tidak ada eksekusi.
[2026-07-03 14:18:35] Siklus Menit Baru. Harga BTC Terakhir (OKX): $61725.90
[ANALIS] State: SIDEWAYS | EMA13/34: $61719.8/$61715.1 | VWAP Sesi: $61495.89 | Vol Surge: 0.1x | BB50: [$61629.30 - $61784.33] | Tren 15m: BEARISH
[ANALIS-SIDEWAYS] WAIT - Lebar BB sempit (0.251%).
[2026-07-03 14:18:35] Keputusan analis: Wait
[2026-07-03 14:18:35] Validasi gagal / keputusan WAIT. Tidak ada eksekusi.
[2026-07-03 14:19:35] Siklus Menit Baru. Harga BTC Terakhir (OKX): $61734.40
[ANALIS] State: SIDEWAYS | EMA13/34: $61724.0/$61718.9 | VWAP Sesi: $61495.96 | Vol Surge: 0.3x | BB50: [$61629.15 - $61785.68] | Tren 15m: BULLISH
[ANALIS-SIDEWAYS] WAIT - Lebar BB sempit (0.254%).
[2026-07-03 14:19:35] Keputusan analis: Wait
[2026-07-03 14:19:35] Validasi gagal / keputusan WAIT. Tidak ada eksekusi.
[2026-07-03 14:20:36] Siklus Menit Baru. Harga BTC Terakhir (OKX): $61764.40
[ANALIS] State: SIDEWAYS | EMA13/34: $61731.1/$61723.5 | VWAP Sesi: $61496.12 | Vol Surge: 0.6x | BB50: [$61628.77 - $61786.87] | Tren 15m: BULLISH
[ANALIS-SIDEWAYS] WAIT - Lebar BB sempit (0.256%).
[2026-07-03 14:20:36] Keputusan analis: Wait
[2026-07-03 14:20:36] Validasi gagal / keputusan WAIT. Tidak ada eksekusi.
[2026-07-03 14:21:36] Siklus Menit Baru. Harga BTC Terakhir (OKX): $61758.30
[ANALIS] State: SIDEWAYS | EMA13/34: $61734.2/$61724.2 | VWAP Sesi: $61496.45 | Vol Surge: 0.1x | BB50: [$61630.03 - $61784.40] | Tren 15m: BULLISH
[ANALIS-SIDEWAYS] WAIT - Lebar BB sempit (0.250%).
[2026-07-03 14:21:36] Keputusan analis: Wait
[2026-07-03 14:21:36] Validasi gagal / keputusan WAIT. Tidak ada eksekusi.
[2026-07-03 14:22:36] Siklus Menit Baru. Harga BTC Terakhir (OKX): $61758.30
[ANALIS] State: SIDEWAYS | EMA13/34: $61737.7/$61724.9 | VWAP Sesi: $61496.64 | Vol Surge: 0.7x | BB50: [$61630.22 - $61784.01] | Tren 15m: BEARISH
[ANALIS-SIDEWAYS] WAIT - Lebar BB sempit (0.249%).
[2026-07-03 14:22:36] Keputusan analis: Wait
[2026-07-03 14:22:36] Validasi gagal / keputusan WAIT. Tidak ada eksekusi.
[2026-07-03 14:23:36] Siklus Menit Baru. Harga BTC Terakhir (OKX): $61739.90
[ANALIS] State: SIDEWAYS | EMA13/34: $61735.3/$61722.8 | VWAP Sesi: $61496.68 | Vol Surge: 0.0x | BB50: [$61630.71 - $61782.64] | Tren 15m: BEARISH
[ANALIS-SIDEWAYS] WAIT - Lebar BB sempit (0.246%).
[2026-07-03 14:23:36] Keputusan analis: Wait
[2026-07-03 14:23:36] Validasi gagal / keputusan WAIT. Tidak ada eksekusi.
[2026-07-03 14:24:36] Siklus Menit Baru. Harga BTC Terakhir (OKX): $61759.90
[ANALIS] State: SIDEWAYS | EMA13/34: $61741.0/$61726.7 | VWAP Sesi: $61496.70 | Vol Surge: 0.1x | BB50: [$61629.93 - $61786.25] | Tren 15m: BULLISH
[ANALIS-SIDEWAYS] WAIT - Lebar BB sempit (0.253%).
[2026-07-03 14:24:36] Keputusan analis: Wait
[2026-07-03 14:24:36] Validasi gagal / keputusan WAIT. Tidak ada eksekusi.
[2026-07-03 14:25:36] Siklus Menit Baru. Harga BTC Terakhir (OKX): $61740.10
[ANALIS] State: SIDEWAYS | EMA13/34: $61741.4/$61728.0 | VWAP Sesi: $61496.94 | Vol Surge: 1.4x | BB50: [$61629.73 - $61787.36] | Tren 15m: BULLISH
[ANALIS-SIDEWAYS] WAIT - Lebar BB sempit (0.255%).
[2026-07-03 14:25:36] Keputusan analis: Wait
[2026-07-03 14:25:36] Validasi gagal / keputusan WAIT. Tidak ada eksekusi.
[2026-07-03 14:26:36] Siklus Menit Baru. Harga BTC Terakhir (OKX): $61730.10
[ANALIS] State: SIDEWAYS | EMA13/34: $61739.7/$61724.5 | VWAP Sesi: $61496.98 | Vol Surge: 0.2x | BB50: [$61629.73 - $61787.41] | Tren 15m: BULLISH
[ANALIS-SIDEWAYS] WAIT - Lebar BB sempit (0.255%).
[2026-07-03 14:26:36] Keputusan analis: Wait
[2026-07-03 14:26:36] Validasi gagal / keputusan WAIT. Tidak ada eksekusi.
[2026-07-03 14:27:37] Siklus Menit Baru. Harga BTC Terakhir (OKX): $61730.00
[ANALIS] State: SIDEWAYS | EMA13/34: $61738.3/$61724.0 | VWAP Sesi: $61497.02 | Vol Surge: 0.1x | BB50: [$61632.21 - $61787.76] | Tren 15m: BULLISH
[ANALIS-SIDEWAYS] WAIT - Lebar BB sempit (0.252%).
[2026-07-03 14:27:37] Keputusan analis: Wait
[2026-07-03 14:27:37] Validasi gagal / keputusan WAIT. Tidak ada eksekusi.
[2026-07-03 14:28:37] Siklus Menit Baru. Harga BTC Terakhir (OKX): $61742.40
[ANALIS] State: SIDEWAYS | EMA13/34: $61738.9/$61724.3 | VWAP Sesi: $61497.05 | Vol Surge: 0.2x | BB50: [$61636.00 - $61787.92] | Tren 15m: BULLISH
[ANALIS-SIDEWAYS] WAIT - Lebar BB sempit (0.246%).
[2026-07-03 14:28:37] Keputusan analis: Wait
[2026-07-03 14:28:37] Validasi gagal / keputusan WAIT. Tidak ada eksekusi.
[2026-07-03 14:29:37] Siklus Menit Baru. Harga BTC Terakhir (OKX): $61731.40
[ANALIS] State: SIDEWAYS | EMA13/34: $61737.8/$61725.1 | VWAP Sesi: $61497.06 | Vol Surge: 0.1x | BB50: [$61641.59 - $61786.39] | Tren 15m: BULLISH
[ANALIS-SIDEWAYS] WAIT - Lebar BB sempit (0.235%).
[2026-07-03 14:29:37] Keputusan analis: Wait
[2026-07-03 14:29:37] Validasi gagal / keputusan WAIT. Tidak ada eksekusi.
[2026-07-03 14:30:37] Siklus Menit Baru. Harga BTC Terakhir (OKX): $61795.40
[ANALIS] State: SIDEWAYS | EMA13/34: $61750.3/$61730.9 | VWAP Sesi: $61498.38 | Vol Surge: 2.2x | BB50: [$61644.15 - $61791.56] | Tren 15m: BULLISH
[ANALIS-SIDEWAYS] WAIT - Lebar BB sempit (0.239%).
[2026-07-03 14:30:37] Keputusan analis: Wait
[2026-07-03 14:30:37] Validasi gagal / keputusan WAIT. Tidak ada eksekusi.
[2026-07-03 14:31:37] Siklus Menit Baru. Harga BTC Terakhir (OKX): $61764.90
[ANALIS] State: SIDEWAYS | EMA13/34: $61752.7/$61734.6 | VWAP Sesi: $61499.23 | Vol Surge: 2.6x | BB50: [$61649.25 - $61791.72] | Tren 15m: BULLISH
[ANALIS-SIDEWAYS] WAIT - Lebar BB sempit (0.231%).
[2026-07-03 14:31:37] Keputusan analis: Wait
[2026-07-03 14:31:37] Validasi gagal / keputusan WAIT. Tidak ada eksekusi.
[2026-07-03 14:32:37] Siklus Menit Baru. Harga BTC Terakhir (OKX): $61764.10
[ANALIS] State: SIDEWAYS | EMA13/34: $61753.2/$61734.3 | VWAP Sesi: $61499.91 | Vol Surge: 2.1x | BB50: [$61652.15 - $61792.40] | Tren 15m: BULLISH
[ANALIS-SIDEWAYS] WAIT - Lebar BB sempit (0.227%).
[2026-07-03 14:32:37] Keputusan analis: Wait
[2026-07-03 14:32:37] Validasi gagal / keputusan WAIT. Tidak ada eksekusi.
[2026-07-03 14:33:38] Siklus Menit Baru. Harga BTC Terakhir (OKX): $61761.90
[ANALIS] State: SIDEWAYS | EMA13/34: $61753.9/$61736.0 | VWAP Sesi: $61500.65 | Vol Surge: 1.9x | BB50: [$61658.24 - $61791.11] | Tren 15m: BULLISH
[ANALIS-SIDEWAYS] WAIT - Lebar BB sempit (0.215%).
[2026-07-03 14:33:38] Keputusan analis: Wait
[2026-07-03 14:33:38] Validasi gagal / keputusan WAIT. Tidak ada eksekusi.
[2026-07-03 14:34:38] Siklus Menit Baru. Harga BTC Terakhir (OKX): $61799.40
[ANALIS] State: SIDEWAYS | EMA13/34: $61763.3/$61742.7 | VWAP Sesi: $61501.50 | Vol Surge: 1.9x | BB50: [$61661.35 - $61795.15] | Tren 15m: BULLISH
[ANALIS-SIDEWAYS] WAIT - Lebar BB sempit (0.217%).
[2026-07-03 14:34:38] Keputusan analis: Wait
[2026-07-03 14:34:38] Validasi gagal / keputusan WAIT. Tidak ada eksekusi.
[2026-07-03 14:35:38] Siklus Menit Baru. Harga BTC Terakhir (OKX): $61804.60
[ANALIS] State: SIDEWAYS | EMA13/34: $61765.8/$61744.9 | VWAP Sesi: $61503.91 | Vol Surge: 1.7x | BB50: [$61663.35 - $61797.05] | Tren 15m: BULLISH
[ANALIS-SIDEWAYS] WAIT - Lebar BB sempit (0.216%).
[2026-07-03 14:35:38] Keputusan analis: Wait
[2026-07-03 14:35:38] Validasi gagal / keputusan WAIT. Tidak ada eksekusi.
[2026-07-03 14:36:38] Siklus Menit Baru. Harga BTC Terakhir (OKX): $61788.50
[ANALIS] State: SIDEWAYS | EMA13/34: $61774.6/$61749.2 | VWAP Sesi: $61505.87 | Vol Surge: 3.3x | BB50: [$61661.07 - $61805.39] | Tren 15m: BULLISH
[ANALIS-SIDEWAYS] WAIT - Lebar BB sempit (0.234%).
[2026-07-03 14:36:38] Keputusan analis: Wait
[2026-07-03 14:36:38] Validasi gagal / keputusan WAIT. Tidak ada eksekusi.
[2026-07-03 14:37:38] Siklus Menit Baru. Harga BTC Terakhir (OKX): $61763.10
[ANALIS] State: SIDEWAYS | EMA13/34: $61769.2/$61748.2 | VWAP Sesi: $61506.70 | Vol Surge: 1.3x | BB50: [$61665.48 - $61803.46] | Tren 15m: BULLISH
[ANALIS-SIDEWAYS] WAIT - Lebar BB sempit (0.223%).
[2026-07-03 14:37:38] Keputusan analis: Wait
[2026-07-03 14:37:38] Validasi gagal / keputusan WAIT. Tidak ada eksekusi.
[2026-07-03 14:38:38] Siklus Menit Baru. Harga BTC Terakhir (OKX): $61772.60
[ANALIS] State: SIDEWAYS | EMA13/34: $61770.7/$61750.5 | VWAP Sesi: $61507.47 | Vol Surge: 1.4x | BB50: [$61669.32 - $61804.14] | Tren 15m: BULLISH
[ANALIS-SIDEWAYS] WAIT - Lebar BB sempit (0.218%).
[2026-07-03 14:38:38] Keputusan analis: Wait
[2026-07-03 14:38:38] Validasi gagal / keputusan WAIT. Tidak ada eksekusi.
[2026-07-03 14:39:38] Siklus Menit Baru. Harga BTC Terakhir (OKX): $61781.70
[ANALIS] State: SIDEWAYS | EMA13/34: $61772.3/$61752.6 | VWAP Sesi: $61508.71 | Vol Surge: 2.8x | BB50: [$61672.63 - $61805.08] | Tren 15m: BULLISH
[ANALIS-SIDEWAYS] WAIT - Lebar BB sempit (0.214%).
[2026-07-03 14:39:38] Keputusan analis: Wait
[2026-07-03 14:39:38] Validasi gagal / keputusan WAIT. Tidak ada eksekusi.
[2026-07-03 14:40:38] Siklus Menit Baru. Harga BTC Terakhir (OKX): $61780.80
[ANALIS] State: SIDEWAYS | EMA13/34: $61772.0/$61752.9 | VWAP Sesi: $61510.00 | Vol Surge: 1.2x | BB50: [$61675.87 - $61805.28] | Tren 15m: BULLISH
[ANALIS-SIDEWAYS] WAIT - Lebar BB sempit (0.209%).
[2026-07-03 14:40:38] Keputusan analis: Wait
[2026-07-03 14:40:38] Validasi gagal / keputusan WAIT. Tidak ada eksekusi.
[2026-07-03 14:41:39] Siklus Menit Baru. Harga BTC Terakhir (OKX): $61801.10
[ANALIS] State: SIDEWAYS | EMA13/34: $61776.6/$61757.1 | VWAP Sesi: $61510.75 | Vol Surge: 1.3x | BB50: [$61679.34 - $61807.18] | Tren 15m: BULLISH
[ANALIS-SIDEWAYS] WAIT - Lebar BB sempit (0.207%).
[2026-07-03 14:41:39] Keputusan analis: Wait
[2026-07-03 14:41:39] Validasi gagal / keputusan WAIT. Tidak ada eksekusi.
[2026-07-03 14:42:39] Siklus Menit Baru. Harga BTC Terakhir (OKX): $61818.60
[ANALIS] State: SIDEWAYS | EMA13/34: $61782.7/$61762.9 | VWAP Sesi: $61511.57 | Vol Surge: 1.2x | BB50: [$61680.01 - $61811.52] | Tren 15m: BULLISH
[ANALIS-SIDEWAYS] WAIT - Lebar BB sempit (0.213%).
[2026-07-03 14:42:39] Keputusan analis: Wait
[2026-07-03 14:42:39] Validasi gagal / keputusan WAIT. Tidak ada eksekusi.
[2026-07-03 14:43:39] Siklus Menit Baru. Harga BTC Terakhir (OKX): $61809.10
[ANALIS] State: SIDEWAYS | EMA13/34: $61786.2/$61767.0 | VWAP Sesi: $61512.43 | Vol Surge: 1.0x | BB50: [$61679.33 - $61815.01] | Tren 15m: BULLISH
[ANALIS-SIDEWAYS] WAIT - Lebar BB sempit (0.220%).
[2026-07-03 14:43:39] Keputusan analis: Wait
[2026-07-03 14:43:39] Validasi gagal / keputusan WAIT. Tidak ada eksekusi.
[2026-07-03 14:44:39] Siklus Menit Baru. Harga BTC Terakhir (OKX): $61824.00
[ANALIS] State: SIDEWAYS | EMA13/34: $61791.6/$61769.2 | VWAP Sesi: $61513.39 | Vol Surge: 1.0x | BB50: [$61677.33 - $61819.31] | Tren 15m: BULLISH
[ANALIS-SIDEWAYS] WAIT - Lebar BB sempit (0.230%).
[2026-07-03 14:44:39] Keputusan analis: Wait
[2026-07-03 14:44:39] Validasi gagal / keputusan WAIT. Tidak ada eksekusi.
[2026-07-03 14:45:39] Siklus Menit Baru. Harga BTC Terakhir (OKX): $61815.60
[ANALIS] State: SIDEWAYS | EMA13/34: $61795.6/$61771.8 | VWAP Sesi: $61514.21 | Vol Surge: 0.9x | BB50: [$61675.97 - $61823.67] | Tren 15m: BULLISH
[ANALIS-SIDEWAYS] WAIT - Lebar BB sempit (0.239%).
[2026-07-03 14:45:39] Keputusan analis: Wait
[2026-07-03 14:45:39] Validasi gagal / keputusan WAIT. Tidak ada eksekusi.
[2026-07-03 14:46:39] Siklus Menit Baru. Harga BTC Terakhir (OKX): $61832.90
[ANALIS] State: SIDEWAYS | EMA13/34: $61801.0/$61775.2 | VWAP Sesi: $61515.17 | Vol Surge: 1.3x | BB50: [$61674.34 - $61829.04] | Tren 15m: BULLISH
[ANALIS-SIDEWAYS] WAIT - Lebar BB sempit (0.250%).
[2026-07-03 14:46:39] Keputusan analis: Wait
[2026-07-03 14:46:39] Validasi gagal / keputusan WAIT. Tidak ada eksekusi.
[2026-07-03 14:47:39] Siklus Menit Baru. Harga BTC Terakhir (OKX): $61853.50
[ANALIS] State: SIDEWAYS | EMA13/34: $61808.5/$61779.7 | VWAP Sesi: $61516.64 | Vol Surge: 2.2x | BB50: [$61671.65 - $61836.32] | Tren 15m: BULLISH
[ANALIS-SIDEWAYS] WAIT - Lebar BB sempit (0.266%).
[2026-07-03 14:47:39] Keputusan analis: Wait
[2026-07-03 14:47:39] Validasi gagal / keputusan WAIT. Tidak ada eksekusi.
[2026-07-03 14:48:40] Siklus Menit Baru. Harga BTC Terakhir (OKX): $61844.60
[ANALIS] State: SIDEWAYS | EMA13/34: $61812.8/$61781.4 | VWAP Sesi: $61517.63 | Vol Surge: 1.1x | BB50: [$61670.55 - $61841.37] | Tren 15m: BULLISH
[ANALIS-SIDEWAYS] WAIT - Lebar BB sempit (0.276%).
[2026-07-03 14:48:40] Keputusan analis: Wait
[2026-07-03 14:48:40] Validasi gagal / keputusan WAIT. Tidak ada eksekusi.
[2026-07-03 14:49:40] Siklus Menit Baru. Harga BTC Terakhir (OKX): $61836.60
[ANALIS] State: SIDEWAYS | EMA13/34: $61815.8/$61785.1 | VWAP Sesi: $61518.51 | Vol Surge: 1.1x | BB50: [$61671.53 - $61845.41] | Tren 15m: BULLISH
[ANALIS-SIDEWAYS] WAIT - Lebar BB sempit (0.281%).
[2026-07-03 14:49:40] Keputusan analis: Wait
[2026-07-03 14:49:40] Validasi gagal / keputusan WAIT. Tidak ada eksekusi.
[2026-07-03 14:50:40] Siklus Menit Baru. Harga BTC Terakhir (OKX): $61803.80
[ANALIS] State: SIDEWAYS | EMA13/34: $61813.8/$61786.1 | VWAP Sesi: $61520.25 | Vol Surge: 2.9x | BB50: [$61672.98 - $61847.12] | Tren 15m: BEARISH
[ANALIS-SIDEWAYS] WAIT - Lebar BB sempit (0.282%).
[2026-07-03 14:50:40] Keputusan analis: Wait
[2026-07-03 14:50:40] Validasi gagal / keputusan WAIT. Tidak ada eksekusi.
[2026-07-03 14:51:40] Siklus Menit Baru. Harga BTC Terakhir (OKX): $61824.20
[ANALIS] State: SIDEWAYS | EMA13/34: $61818.7/$61790.6 | VWAP Sesi: $61521.24 | Vol Surge: 1.2x | BB50: [$61673.09 - $61852.13] | Tren 15m: BULLISH
[ANALIS-SIDEWAYS] WAIT - Lebar BB sempit (0.290%).
[2026-07-03 14:51:40] Keputusan analis: Wait
[2026-07-03 14:51:40] Validasi gagal / keputusan WAIT. Tidak ada eksekusi.
[2026-07-03 14:52:40] Siklus Menit Baru. Harga BTC Terakhir (OKX): $61807.90
[ANALIS] State: SIDEWAYS | EMA13/34: $61816.2/$61791.5 | VWAP Sesi: $61521.79 | Vol Surge: 0.8x | BB50: [$61674.13 - $61853.57] | Tren 15m: BULLISH
[ANALIS-SIDEWAYS] WAIT - Lebar BB sempit (0.290%).
[2026-07-03 14:52:40] Keputusan analis: Wait
[2026-07-03 14:52:40] Validasi gagal / keputusan WAIT. Tidak ada eksekusi.
[2026-07-03 14:53:40] Siklus Menit Baru. Harga BTC Terakhir (OKX): $61818.40
[ANALIS] State: SIDEWAYS | EMA13/34: $61816.8/$61789.2 | VWAP Sesi: $61522.66 | Vol Surge: 0.7x | BB50: [$61674.47 - $61856.28] | Tren 15m: BULLISH
[ANALIS-SIDEWAYS] WAIT - Lebar BB sempit (0.294%).
[2026-07-03 14:53:40] Keputusan analis: Wait
[2026-07-03 14:53:40] Validasi gagal / keputusan WAIT. Tidak ada eksekusi.
[2026-07-03 14:54:40] Siklus Menit Baru. Harga BTC Terakhir (OKX): $61809.20
[ANALIS] State: SIDEWAYS | EMA13/34: $61815.8/$61791.1 | VWAP Sesi: $61523.43 | Vol Surge: 0.9x | BB50: [$61680.59 - $61855.75] | Tren 15m: BULLISH
[ANALIS-SIDEWAYS] WAIT - Lebar BB sempit (0.283%).
[2026-07-03 14:54:40] Keputusan analis: Wait
[2026-07-03 14:54:40] Validasi gagal / keputusan WAIT. Tidak ada eksekusi.
[2026-07-03 14:55:41] Siklus Menit Baru. Harga BTC Terakhir (OKX): $61792.50
[ANALIS] State: SIDEWAYS | EMA13/34: $61811.4/$61791.9 | VWAP Sesi: $61524.10 | Vol Surge: 0.9x | BB50: [$61686.11 - $61854.25] | Tren 15m: BULLISH
[ANALIS-SIDEWAYS] WAIT - Lebar BB sempit (0.272%).
[2026-07-03 14:55:41] Keputusan analis: Wait
[2026-07-03 14:55:41] Validasi gagal / keputusan WAIT. Tidak ada eksekusi.
[2026-07-03 14:56:41] Siklus Menit Baru. Harga BTC Terakhir (OKX): $61796.00
[ANALIS] State: SIDEWAYS | EMA13/34: $61809.2/$61795.3 | VWAP Sesi: $61525.08 | Vol Surge: 1.4x | BB50: [$61689.61 - $61854.32] | Tren 15m: BEARISH
[ANALIS-SIDEWAYS] WAIT - Lebar BB sempit (0.267%).
[2026-07-03 14:56:41] Keputusan analis: Wait
[2026-07-03 14:56:41] Validasi gagal / keputusan WAIT. Tidak ada eksekusi.
[2026-07-03 14:57:41] Siklus Menit Baru. Harga BTC Terakhir (OKX): $61770.60
[ANALIS] State: SIDEWAYS | EMA13/34: $61803.3/$61793.1 | VWAP Sesi: $61525.65 | Vol Surge: 0.7x | BB50: [$61689.71 - $61854.25] | Tren 15m: BEARISH
[ANALIS-SIDEWAYS] WAIT - Lebar BB sempit (0.266%).
[2026-07-03 14:57:41] Keputusan analis: Wait
[2026-07-03 14:57:41] Validasi gagal / keputusan WAIT. Tidak ada eksekusi.
[2026-07-03 14:58:41] Siklus Menit Baru. Harga BTC Terakhir (OKX): $61763.30
[ANALIS] State: SIDEWAYS | EMA13/34: $61797.0/$61789.8 | VWAP Sesi: $61526.20 | Vol Surge: 0.7x | BB50: [$61689.87 - $61854.24] | Tren 15m: BEARISH
[ANALIS-SIDEWAYS] WAIT - Lebar BB sempit (0.266%).
[2026-07-03 14:58:41] Keputusan analis: Wait
[2026-07-03 14:58:41] Validasi gagal / keputusan WAIT. Tidak ada eksekusi.
[2026-07-03 14:59:41] Siklus Menit Baru. Harga BTC Terakhir (OKX): $61755.30
[ANALIS] State: SIDEWAYS | EMA13/34: $61792.9/$61787.5 | VWAP Sesi: $61526.85 | Vol Surge: 0.8x | BB50: [$61691.44 - $61854.29] | Tren 15m: BEARISH
[ANALIS-SIDEWAYS] WAIT - Lebar BB sempit (0.264%).
[2026-07-03 14:59:41] Keputusan analis: Wait
[2026-07-03 14:59:41] Validasi gagal / keputusan WAIT. Tidak ada eksekusi.
[2026-07-03 15:00:41] Siklus Menit Baru. Harga BTC Terakhir (OKX): $61761.60
[ANALIS] State: SIDEWAYS | EMA13/34: $61788.8/$61786.0 | VWAP Sesi: $61527.43 | Vol Surge: 1.0x | BB50: [$61694.66 - $61853.32] | Tren 15m: BEARISH
[ANALIS-SIDEWAYS] WAIT - Lebar BB sempit (0.257%).
[2026-07-03 15:00:41] Keputusan analis: Wait
[2026-07-03 15:00:41] Validasi gagal / keputusan WAIT. Tidak ada eksekusi.
[2026-07-03 15:01:41] Siklus Menit Baru. Harga BTC Terakhir (OKX): $61799.40
[ANALIS] State: SIDEWAYS | EMA13/34: $61788.7/$61786.3 | VWAP Sesi: $61527.50 | Vol Surge: 0.1x | BB50: [$61698.83 - $61852.50] | Tren 15m: BEARISH
[ANALIS-SIDEWAYS] WAIT - Lebar BB sempit (0.249%).
[2026-07-03 15:01:41] Keputusan analis: Wait
[2026-07-03 15:01:41] Validasi gagal / keputusan WAIT. Tidak ada eksekusi.
[2026-07-03 15:02:42] Siklus Menit Baru. Harga BTC Terakhir (OKX): $61817.60
[ANALIS] State: SIDEWAYS | EMA13/34: $61795.0/$61788.6 | VWAP Sesi: $61528.66 | Vol Surge: 1.7x | BB50: [$61702.68 - $61853.74] | Tren 15m: BEARISH
[ANALIS-SIDEWAYS] WAIT - Lebar BB sempit (0.244%).
[2026-07-03 15:02:42] Keputusan analis: Wait
[2026-07-03 15:02:42] Validasi gagal / keputusan WAIT. Tidak ada eksekusi.
[2026-07-03 15:03:42] Siklus Menit Baru. Harga BTC Terakhir (OKX): $61772.70
[ANALIS] State: SIDEWAYS | EMA13/34: $61789.7/$61787.1 | VWAP Sesi: $61528.76 | Vol Surge: 0.1x | BB50: [$61707.56 - $61851.11] | Tren 15m: BEARISH
[ANALIS-SIDEWAYS] WAIT - Lebar BB sempit (0.232%).
[2026-07-03 15:03:42] Keputusan analis: Wait
[2026-07-03 15:03:42] Validasi gagal / keputusan WAIT. Tidak ada eksekusi.
[2026-07-03 15:04:42] Siklus Menit Baru. Harga BTC Terakhir (OKX): $61748.60
[ANALIS] State: SIDEWAYS | EMA13/34: $61783.9/$61786.2 | VWAP Sesi: $61529.26 | Vol Surge: 1.0x | BB50: [$61711.06 - $61849.38] | Tren 15m: BEARISH
[ANALIS-SIDEWAYS] WAIT - Lebar BB sempit (0.224%).
[2026-07-03 15:04:42] Keputusan analis: Wait
[2026-07-03 15:04:42] Validasi gagal / keputusan WAIT. Tidak ada eksekusi.
[2026-07-03 15:05:42] Siklus Menit Baru. Harga BTC Terakhir (OKX): $61763.60
[ANALIS] State: SIDEWAYS | EMA13/34: $61781.0/$61784.7 | VWAP Sesi: $61529.42 | Vol Surge: 0.3x | BB50: [$61713.19 - $61848.66] | Tren 15m: BEARISH
[ANALIS-SIDEWAYS] WAIT - Lebar BB sempit (0.219%).
[2026-07-03 15:05:42] Keputusan analis: Wait
[2026-07-03 15:05:42] Validasi gagal / keputusan WAIT. Tidak ada eksekusi.
[2026-07-03 15:06:42] Siklus Menit Baru. Harga BTC Terakhir (OKX): $61781.30
[ANALIS] State: SIDEWAYS | EMA13/34: $61781.9/$61785.0 | VWAP Sesi: $61530.33 | Vol Surge: 0.2x | BB50: [$61716.44 - $61847.91] | Tren 15m: BEARISH
[ANALIS-SIDEWAYS] WAIT - Lebar BB sempit (0.213%).
[2026-07-03 15:06:42] Keputusan analis: Wait
[2026-07-03 15:06:42] Validasi gagal / keputusan WAIT. Tidak ada eksekusi.
[2026-07-03 15:07:42] Siklus Menit Baru. Harga BTC Terakhir (OKX): $61750.20
[ANALIS] State: SIDEWAYS | EMA13/34: $61777.4/$61783.8 | VWAP Sesi: $61531.00 | Vol Surge: 0.1x | BB50: [$61718.15 - $61847.13] | Tren 15m: BEARISH
[ANALIS-SIDEWAYS] WAIT - Lebar BB sempit (0.209%).
[2026-07-03 15:07:42] Keputusan analis: Wait
[2026-07-03 15:07:42] Validasi gagal / keputusan WAIT. Tidak ada eksekusi.
[2026-07-03 15:08:43] Siklus Menit Baru. Harga BTC Terakhir (OKX): $61747.80
[ANALIS] State: SIDEWAYS | EMA13/34: $61773.3/$61782.1 | VWAP Sesi: $61531.08 | Vol Surge: 0.1x | BB50: [$61718.55 - $61846.97] | Tren 15m: BEARISH
[ANALIS-SIDEWAYS] WAIT - Lebar BB sempit (0.208%).
[2026-07-03 15:08:43] Keputusan analis: Wait
[2026-07-03 15:08:43] Validasi gagal / keputusan WAIT. Tidak ada eksekusi.
[2026-07-03 15:09:43] Siklus Menit Baru. Harga BTC Terakhir (OKX): $61753.30
[ANALIS] State: SIDEWAYS | EMA13/34: $61770.5/$61780.9 | VWAP Sesi: $61531.16 | Vol Surge: 0.1x | BB50: [$61718.88 - $61846.86] | Tren 15m: BEARISH
[ANALIS-SIDEWAYS] WAIT - Lebar BB sempit (0.207%).
[2026-07-03 15:09:43] Keputusan analis: Wait
[2026-07-03 15:09:43] Validasi gagal / keputusan WAIT. Tidak ada eksekusi.
[2026-07-03 15:10:43] Siklus Menit Baru. Harga BTC Terakhir (OKX): $61778.50
[ANALIS] State: SIDEWAYS | EMA13/34: $61773.3/$61781.6 | VWAP Sesi: $61531.55 | Vol Surge: 0.5x | BB50: [$61720.47 - $61846.72] | Tren 15m: BEARISH
[ANALIS-SIDEWAYS] WAIT - Lebar BB sempit (0.204%).
[2026-07-03 15:10:43] Keputusan analis: Wait
[2026-07-03 15:10:43] Validasi gagal / keputusan WAIT. Tidak ada eksekusi.
[2026-07-03 15:11:43] Siklus Menit Baru. Harga BTC Terakhir (OKX): $61759.80
[ANALIS] State: SIDEWAYS | EMA13/34: $61768.7/$61778.0 | VWAP Sesi: $61531.82 | Vol Surge: 0.2x | BB50: [$61719.67 - $61846.70] | Tren 15m: BEARISH
[ANALIS-SIDEWAYS] WAIT - Lebar BB sempit (0.206%).
[2026-07-03 15:11:43] Keputusan analis: Wait
[2026-07-03 15:11:43] Validasi gagal / keputusan WAIT. Tidak ada eksekusi.
[2026-07-03 15:12:43] Siklus Menit Baru. Harga BTC Terakhir (OKX): $61763.70
[ANALIS] State: SIDEWAYS | EMA13/34: $61766.9/$61777.9 | VWAP Sesi: $61531.86 | Vol Surge: 0.0x | BB50: [$61720.92 - $61846.22] | Tren 15m: BEARISH
[ANALIS-SIDEWAYS] WAIT - Lebar BB sempit (0.203%).
[2026-07-03 15:12:43] Keputusan analis: Wait
[2026-07-03 15:12:43] Validasi gagal / keputusan WAIT. Tidak ada eksekusi.
[2026-07-03 15:13:43] Siklus Menit Baru. Harga BTC Terakhir (OKX): $61748.00
[ANALIS] State: SIDEWAYS | EMA13/34: $61764.9/$61776.8 | VWAP Sesi: $61531.92 | Vol Surge: 0.1x | BB50: [$61720.58 - $61846.39] | Tren 15m: BEARISH
[ANALIS-SIDEWAYS] WAIT - Lebar BB sempit (0.204%).
[2026-07-03 15:13:43] Keputusan analis: Wait
[2026-07-03 15:13:43] Validasi gagal / keputusan WAIT. Tidak ada eksekusi.
[2026-07-03 15:14:44] Siklus Menit Baru. Harga BTC Terakhir (OKX): $61756.60
[ANALIS] State: SIDEWAYS | EMA13/34: $61763.7/$61774.4 | VWAP Sesi: $61532.01 | Vol Surge: 0.2x | BB50: [$61720.20 - $61846.46] | Tren 15m: BULLISH
[ANALIS-SIDEWAYS] WAIT - Lebar BB sempit (0.204%).
[2026-07-03 15:14:44] Keputusan analis: Wait
[2026-07-03 15:14:44] Validasi gagal / keputusan WAIT. Tidak ada eksekusi.
[2026-07-03 15:15:44] Siklus Menit Baru. Harga BTC Terakhir (OKX): $61757.60
[ANALIS] State: SIDEWAYS | EMA13/34: $61762.1/$61772.6 | VWAP Sesi: $61532.07 | Vol Surge: 0.1x | BB50: [$61721.04 - $61846.12] | Tren 15m: BEARISH
[ANALIS-SIDEWAYS] WAIT - Lebar BB sempit (0.203%).
[2026-07-03 15:15:44] Keputusan analis: Wait
[2026-07-03 15:15:44] Validasi gagal / keputusan WAIT. Tidak ada eksekusi.
[2026-07-03 15:16:44] Siklus Menit Baru. Harga BTC Terakhir (OKX): $61792.20
[ANALIS] State: SIDEWAYS | EMA13/34: $61767.1/$61774.0 | VWAP Sesi: $61532.20 | Vol Surge: 0.2x | BB50: [$61724.48 - $61845.40] | Tren 15m: BEARISH
[ANALIS-SIDEWAYS] WAIT - Lebar BB sempit (0.196%).
[2026-07-03 15:16:44] Keputusan analis: Wait
[2026-07-03 15:16:44] Validasi gagal / keputusan WAIT. Tidak ada eksekusi.
[2026-07-03 15:17:44] Siklus Menit Baru. Harga BTC Terakhir (OKX): $61799.60
[ANALIS] State: SIDEWAYS | EMA13/34: $61771.2/$61775.9 | VWAP Sesi: $61532.29 | Vol Surge: 0.0x | BB50: [$61727.75 - $61844.74] | Tren 15m: BEARISH
[ANALIS-SIDEWAYS] WAIT - Lebar BB sempit (0.189%).
[2026-07-03 15:17:44] Keputusan analis: Wait
[2026-07-03 15:17:44] Validasi gagal / keputusan WAIT. Tidak ada eksekusi.
[2026-07-03 15:18:44] Siklus Menit Baru. Harga BTC Terakhir (OKX): $61769.20
[ANALIS] State: SIDEWAYS | EMA13/34: $61765.4/$61774.4 | VWAP Sesi: $61532.41 | Vol Surge: 0.1x | BB50: [$61727.93 - $61843.82] | Tren 15m: BEARISH
[ANALIS-SIDEWAYS] WAIT - Lebar BB sempit (0.188%).
[2026-07-03 15:18:44] Keputusan analis: Wait
[2026-07-03 15:18:44] Validasi gagal / keputusan WAIT. Tidak ada eksekusi.
[2026-07-03 15:19:44] Siklus Menit Baru. Harga BTC Terakhir (OKX): $61751.50
[ANALIS] State: SIDEWAYS | EMA13/34: $61761.9/$61774.0 | VWAP Sesi: $61532.50 | Vol Surge: 0.2x | BB50: [$61726.45 - $61844.21] | Tren 15m: BULLISH
[ANALIS-SIDEWAYS] WAIT - Lebar BB sempit (0.191%).
[2026-07-03 15:19:44] Keputusan analis: Wait
[2026-07-03 15:19:44] Validasi gagal / keputusan WAIT. Tidak ada eksekusi.
[2026-07-03 15:20:44] Siklus Menit Baru. Harga BTC Terakhir (OKX): $61732.90
[ANALIS] State: SIDEWAYS | EMA13/34: $61757.7/$61769.5 | VWAP Sesi: $61532.57 | Vol Surge: 0.1x | BB50: [$61723.47 - $61844.59] | Tren 15m: BEARISH
[ANALIS-SIDEWAYS] WAIT - Lebar BB sempit (0.196%).
[2026-07-03 15:20:44] Keputusan analis: Wait
[2026-07-03 15:20:44] Validasi gagal / keputusan WAIT. Tidak ada eksekusi.
[2026-07-03 15:21:44] Siklus Menit Baru. Harga BTC Terakhir (OKX): $61732.30
[ANALIS] State: SIDEWAYS | EMA13/34: $61754.0/$61767.5 | VWAP Sesi: $61532.64 | Vol Surge: 0.2x | BB50: [$61721.67 - $61845.40] | Tren 15m: BEARISH
[ANALIS-SIDEWAYS] WAIT - Lebar BB sempit (0.200%).
[2026-07-03 15:21:44] Keputusan analis: Wait
[2026-07-03 15:21:44] Validasi gagal / keputusan WAIT. Tidak ada eksekusi.
[2026-07-03 15:22:45] Siklus Menit Baru. Harga BTC Terakhir (OKX): $61737.60
[ANALIS] State: SIDEWAYS | EMA13/34: $61752.9/$61767.7 | VWAP Sesi: $61532.80 | Vol Surge: 0.3x | BB50: [$61721.06 - $61845.53] | Tren 15m: BEARISH
[ANALIS-SIDEWAYS] WAIT - Lebar BB sempit (0.202%).
[2026-07-03 15:22:45] Keputusan analis: Wait
[2026-07-03 15:22:45] Validasi gagal / keputusan WAIT. Tidak ada eksekusi.
[2026-07-03 15:23:45] Siklus Menit Baru. Harga BTC Terakhir (OKX): $61734.40
[ANALIS] State: SIDEWAYS | EMA13/34: $61749.2/$61764.8 | VWAP Sesi: $61532.91 | Vol Surge: 0.2x | BB50: [$61717.90 - $61846.32] | Tren 15m: BEARISH
[ANALIS-SIDEWAYS] WAIT - Lebar BB sempit (0.208%).
[2026-07-03 15:23:45] Keputusan analis: Wait
[2026-07-03 15:23:45] Validasi gagal / keputusan WAIT. Tidak ada eksekusi.
[2026-07-03 15:24:45] Siklus Menit Baru. Harga BTC Terakhir (OKX): $61734.30
[ANALIS] State: SIDEWAYS | EMA13/34: $61746.5/$61766.6 | VWAP Sesi: $61532.99 | Vol Surge: 0.0x | BB50: [$61715.35 - $61847.07] | Tren 15m: BEARISH
[ANALIS-SIDEWAYS] WAIT - Lebar BB sempit (0.213%).
[2026-07-03 15:24:45] Keputusan analis: Wait
[2026-07-03 15:24:45] Validasi gagal / keputusan WAIT. Tidak ada eksekusi.
[2026-07-03 15:25:45] Siklus Menit Baru. Harga BTC Terakhir (OKX): $61752.00
[ANALIS] State: SIDEWAYS | EMA13/34: $61748.0/$61761.2 | VWAP Sesi: $61533.03 | Vol Surge: 0.1x | BB50: [$61716.12 - $61842.74] | Tren 15m: BEARISH
[ANALIS-SIDEWAYS] WAIT - Lebar BB sempit (0.205%).
[2026-07-03 15:25:45] Keputusan analis: Wait
[2026-07-03 15:25:45] Validasi gagal / keputusan WAIT. Tidak ada eksekusi.
[2026-07-03 15:26:45] Siklus Menit Baru. Harga BTC Terakhir (OKX): $61808.80
[ANALIS] State: SIDEWAYS | EMA13/34: $61758.2/$61765.6 | VWAP Sesi: $61533.10 | Vol Surge: 0.1x | BB50: [$61717.66 - $61843.85] | Tren 15m: BULLISH
[ANALIS-SIDEWAYS] WAIT - Lebar BB sempit (0.204%).
[2026-07-03 15:26:45] Keputusan analis: Wait
[2026-07-03 15:26:45] Validasi gagal / keputusan WAIT. Tidak ada eksekusi.
[2026-07-03 15:27:45] Siklus Menit Baru. Harga BTC Terakhir (OKX): $61812.30
[ANALIS] State: SIDEWAYS | EMA13/34: $61767.1/$61768.6 | VWAP Sesi: $61533.38 | Vol Surge: 0.5x | BB50: [$61717.67 - $61845.74] | Tren 15m: BULLISH
[ANALIS-SIDEWAYS] WAIT - Lebar BB sempit (0.207%).
[2026-07-03 15:27:45] Keputusan analis: Wait
[2026-07-03 15:27:45] Validasi gagal / keputusan WAIT. Tidak ada eksekusi.
[2026-07-03 15:28:45] Siklus Menit Baru. Harga BTC Terakhir (OKX): $61798.20
[ANALIS] State: SIDEWAYS | EMA13/34: $61766.5/$61768.0 | VWAP Sesi: $61533.73 | Vol Surge: 0.5x | BB50: [$61718.02 - $61844.80] | Tren 15m: BULLISH
[ANALIS-SIDEWAYS] WAIT - Lebar BB sempit (0.205%).
[2026-07-03 15:28:45] Keputusan analis: Wait
[2026-07-03 15:28:45] Validasi gagal / keputusan WAIT. Tidak ada eksekusi.
[2026-07-03 15:29:46] Siklus Menit Baru. Harga BTC Terakhir (OKX): $61786.10
[ANALIS] State: SIDEWAYS | EMA13/34: $61767.8/$61769.2 | VWAP Sesi: $61533.79 | Vol Surge: 0.1x | BB50: [$61718.31 - $61844.64] | Tren 15m: BULLISH
[ANALIS-SIDEWAYS] WAIT - Lebar BB sempit (0.204%).
[2026-07-03 15:29:46] Keputusan analis: Wait
[2026-07-03 15:29:46] Validasi gagal / keputusan WAIT. Tidak ada eksekusi.
[2026-07-03 15:30:46] Siklus Menit Baru. Harga BTC Terakhir (OKX): $61749.50
[ANALIS] State: SIDEWAYS | EMA13/34: $61764.8/$61768.8 | VWAP Sesi: $61533.97 | Vol Surge: 0.4x | BB50: [$61716.94 - $61844.48] | Tren 15m: BEARISH
[ANALIS-SIDEWAYS] WAIT - Lebar BB sempit (0.207%).
[2026-07-03 15:30:46] Keputusan analis: Wait
[2026-07-03 15:30:46] Validasi gagal / keputusan WAIT. Tidak ada eksekusi.
[2026-07-03 15:31:46] Siklus Menit Baru. Harga BTC Terakhir (OKX): $61760.70
[ANALIS] State: SIDEWAYS | EMA13/34: $61761.7/$61768.0 | VWAP Sesi: $61534.03 | Vol Surge: 0.1x | BB50: [$61714.71 - $61844.25] | Tren 15m: BEARISH
[ANALIS-SIDEWAYS] WAIT - Lebar BB sempit (0.210%).
[2026-07-03 15:31:46] Keputusan analis: Wait
[2026-07-03 15:31:46] Validasi gagal / keputusan WAIT. Tidak ada eksekusi.
[2026-07-03 15:32:46] Siklus Menit Baru. Harga BTC Terakhir (OKX): $61766.30
[ANALIS] State: SIDEWAYS | EMA13/34: $61764.8/$61768.6 | VWAP Sesi: $61534.21 | Vol Surge: 0.4x | BB50: [$61715.08 - $61842.70] | Tren 15m: BULLISH
[ANALIS-SIDEWAYS] WAIT - Lebar BB sempit (0.207%).
[2026-07-03 15:32:46] Keputusan analis: Wait
[2026-07-03 15:32:46] Validasi gagal / keputusan WAIT. Tidak ada eksekusi.
[2026-07-03 15:33:46] Siklus Menit Baru. Harga BTC Terakhir (OKX): $61763.90
[ANALIS] State: SIDEWAYS | EMA13/34: $61763.9/$61769.0 | VWAP Sesi: $61534.28 | Vol Surge: 0.2x | BB50: [$61714.38 - $61841.33] | Tren 15m: BULLISH
[ANALIS-SIDEWAYS] WAIT - Lebar BB sempit (0.206%).
[2026-07-03 15:33:46] Keputusan analis: Wait
[2026-07-03 15:33:46] Validasi gagal / keputusan WAIT. Tidak ada eksekusi.
[2026-07-03 15:34:46] Siklus Menit Baru. Harga BTC Terakhir (OKX): $61757.10
[ANALIS] State: SIDEWAYS | EMA13/34: $61764.8/$61768.4 | VWAP Sesi: $61534.32 | Vol Surge: 0.1x | BB50: [$61714.80 - $61838.63] | Tren 15m: BULLISH
[ANALIS-SIDEWAYS] WAIT - Lebar BB sempit (0.201%).
[2026-07-03 15:34:46] Keputusan analis: Wait
[2026-07-03 15:34:46] Validasi gagal / keputusan WAIT. Tidak ada eksekusi.
[2026-07-03 15:35:47] Siklus Menit Baru. Harga BTC Terakhir (OKX): $61767.20
[ANALIS] State: SIDEWAYS | EMA13/34: $61765.0/$61769.2 | VWAP Sesi: $61534.34 | Vol Surge: 0.0x | BB50: [$61714.75 - $61836.71] | Tren 15m: BULLISH
[ANALIS-SIDEWAYS] WAIT - Lebar BB sempit (0.197%).
[2026-07-03 15:35:47] Keputusan analis: Wait
[2026-07-03 15:35:47] Validasi gagal / keputusan WAIT. Tidak ada eksekusi.
[2026-07-03 15:36:47] Siklus Menit Baru. Harga BTC Terakhir (OKX): $61785.20
[ANALIS] State: SIDEWAYS | EMA13/34: $61767.6/$61770.7 | VWAP Sesi: $61534.37 | Vol Surge: 0.1x | BB50: [$61715.86 - $61833.58] | Tren 15m: BULLISH
[ANALIS-SIDEWAYS] WAIT - Lebar BB sempit (0.191%).
[2026-07-03 15:36:47] Keputusan analis: Wait
[2026-07-03 15:36:47] Validasi gagal / keputusan WAIT. Tidak ada eksekusi.
[2026-07-03 15:37:47] Siklus Menit Baru. Harga BTC Terakhir (OKX): $61755.10
[ANALIS] State: SIDEWAYS | EMA13/34: $61765.8/$61769.5 | VWAP Sesi: $61534.50 | Vol Surge: 0.5x | BB50: [$61717.48 - $61828.30] | Tren 15m: BULLISH
[ANALIS-SIDEWAYS] WAIT - Lebar BB sempit (0.179%).
[2026-07-03 15:37:47] Keputusan analis: Wait
[2026-07-03 15:37:47] Validasi gagal / keputusan WAIT. Tidak ada eksekusi.
[2026-07-03 15:38:47] Siklus Menit Baru. Harga BTC Terakhir (OKX): $61755.10
[ANALIS] State: SIDEWAYS | EMA13/34: $61764.3/$61768.4 | VWAP Sesi: $61534.55 | Vol Surge: 0.1x | BB50: [$61719.11 - $61823.23] | Tren 15m: BULLISH
[ANALIS-SIDEWAYS] WAIT - Lebar BB sempit (0.169%).
[2026-07-03 15:38:47] Keputusan analis: Wait
[2026-07-03 15:38:47] Validasi gagal / keputusan WAIT. Tidak ada eksekusi.
[2026-07-03 15:39:47] Siklus Menit Baru. Harga BTC Terakhir (OKX): $61760.50
[ANALIS] State: SIDEWAYS | EMA13/34: $61763.7/$61767.3 | VWAP Sesi: $61534.57 | Vol Surge: 0.1x | BB50: [$61720.80 - $61818.59] | Tren 15m: BULLISH
[ANALIS-SIDEWAYS] WAIT - Lebar BB sempit (0.158%).
[2026-07-03 15:39:47] Keputusan analis: Wait
[2026-07-03 15:39:47] Validasi gagal / keputusan WAIT. Tidak ada eksekusi.
[2026-07-03 15:40:47] Siklus Menit Baru. Harga BTC Terakhir (OKX): $61737.80
[ANALIS] State: SIDEWAYS | EMA13/34: $61758.9/$61765.2 | VWAP Sesi: $61534.82 | Vol Surge: 1.2x | BB50: [$61720.30 - $61815.34] | Tren 15m: BEARISH
[ANALIS-SIDEWAYS] WAIT - Lebar BB sempit (0.154%).
[2026-07-03 15:40:47] Keputusan analis: Wait
[2026-07-03 15:40:47] Validasi gagal / keputusan WAIT. Tidak ada eksekusi.
[2026-07-03 15:41:47] Siklus Menit Baru. Harga BTC Terakhir (OKX): $61762.00
[ANALIS] State: SIDEWAYS | EMA13/34: $61760.2/$61764.7 | VWAP Sesi: $61535.00 | Vol Surge: 0.7x | BB50: [$61722.35 - $61811.09] | Tren 15m: BEARISH
[ANALIS-SIDEWAYS] WAIT - Lebar BB sempit (0.144%).
[2026-07-03 15:41:47] Keputusan analis: Wait
[2026-07-03 15:41:47] Validasi gagal / keputusan WAIT. Tidak ada eksekusi.
[2026-07-03 15:42:48] Siklus Menit Baru. Harga BTC Terakhir (OKX): $61786.70
[ANALIS] State: SIDEWAYS | EMA13/34: $61763.8/$61766.3 | VWAP Sesi: $61535.08 | Vol Surge: 0.3x | BB50: [$61723.21 - $61809.23] | Tren 15m: BULLISH
[ANALIS-SIDEWAYS] WAIT - Lebar BB sempit (0.139%).
[2026-07-03 15:42:48] Keputusan analis: Wait
[2026-07-03 15:42:48] Validasi gagal / keputusan WAIT. Tidak ada eksekusi.
[2026-07-03 15:43:48] Siklus Menit Baru. Harga BTC Terakhir (OKX): $61896.90
[ANALIS] State: SIDEWAYS | EMA13/34: $61784.1/$61773.4 | VWAP Sesi: $61537.50 | Vol Surge: 6.0x | BB50: [$61713.03 - $61822.94] | Tren 15m: BULLISH
[ANALIS] ⚡ DETEKSI BREAKOUT PUMP! Masuk pasar segera.
[2026-07-03 15:43:48] Keputusan analis: Buy(0.003959443135066167, "[Breakout] Pump Mendadak")
[2026-07-03 15:43:48] Mengeksekusi transaksi...
[2026-07-03 15:43:48] Eksekusi sukses. Saldo: $734.99, BTC: 0.0040
[2026-07-03 15:44:48] Siklus Menit Baru. Harga BTC Terakhir (OKX): $61881.40
[ANALIS] State: SIDEWAYS | EMA13/34: $61796.8/$61778.6 | VWAP Sesi: $61538.00 | Vol Surge: 1.0x | BB50: [$61708.07 - $61830.75] | Tren 15m: BULLISH
[ANALIS-SIDEWAYS] WAIT - Lebar BB sempit (0.198%).
[2026-07-03 15:44:48] Keputusan analis: Wait
[2026-07-03 15:44:48] Validasi gagal / keputusan WAIT. Tidak ada eksekusi.
[2026-07-03 15:45:48] Siklus Menit Baru. Harga BTC Terakhir (OKX): $61832.30
[ANALIS] State: SIDEWAYS | EMA13/34: $61800.8/$61781.2 | VWAP Sesi: $61538.09 | Vol Surge: 0.3x | BB50: [$61707.66 - $61832.43] | Tren 15m: BULLISH
[ANALIS-SIDEWAYS] WAIT - Lebar BB sempit (0.202%).
[2026-07-03 15:45:48] Keputusan analis: Wait
[2026-07-03 15:45:48] Validasi gagal / keputusan WAIT. Tidak ada eksekusi.
[2026-07-03 15:46:48] Siklus Menit Baru. Harga BTC Terakhir (OKX): $61832.70
[ANALIS] State: SIDEWAYS | EMA13/34: $61806.1/$61783.1 | VWAP Sesi: $61538.36 | Vol Surge: 0.9x | BB50: [$61705.96 - $61835.97] | Tren 15m: BULLISH
[ANALIS-SIDEWAYS] WAIT - Lebar BB sempit (0.210%).
[2026-07-03 15:46:48] Keputusan analis: Wait
[2026-07-03 15:46:48] Validasi gagal / keputusan WAIT. Tidak ada eksekusi.
[2026-07-03 15:47:48] Siklus Menit Baru. Harga BTC Terakhir (OKX): $61797.50
[ANALIS] State: SIDEWAYS | EMA13/34: $61802.9/$61783.7 | VWAP Sesi: $61538.58 | Vol Surge: 0.8x | BB50: [$61706.80 - $61835.73] | Tren 15m: BULLISH
[ANALIS-SIDEWAYS] WAIT - Lebar BB sempit (0.209%).
[2026-07-03 15:47:48] Keputusan analis: Wait
[2026-07-03 15:47:48] Validasi gagal / keputusan WAIT. Tidak ada eksekusi.
[2026-07-03 15:48:48] Siklus Menit Baru. Harga BTC Terakhir (OKX): $61769.90
[ANALIS] State: SIDEWAYS | EMA13/34: $61800.4/$61782.7 | VWAP Sesi: $61538.84 | Vol Surge: 0.7x | BB50: [$61706.32 - $61836.59] | Tren 15m: BEARISH
[ANALIS-SIDEWAYS] WAIT - Lebar BB sempit (0.211%).
[2026-07-03 15:48:48] Keputusan analis: Wait
[2026-07-03 15:48:48] Validasi gagal / keputusan WAIT. Tidak ada eksekusi.
[2026-07-03 15:49:49] Siklus Menit Baru. Harga BTC Terakhir (OKX): $61746.20
[ANALIS] State: SIDEWAYS | EMA13/34: $61794.3/$61781.9 | VWAP Sesi: $61538.96 | Vol Surge: 0.4x | BB50: [$61706.06 - $61837.01] | Tren 15m: BEARISH
[ANALIS-SIDEWAYS] WAIT - Lebar BB sempit (0.212%).
[2026-07-03 15:49:49] Keputusan analis: Wait
[2026-07-03 15:49:49] Validasi gagal / keputusan WAIT. Tidak ada eksekusi.
[2026-07-03 15:50:49] Siklus Menit Baru. Harga BTC Terakhir (OKX): $61736.90
[ANALIS] State: SIDEWAYS | EMA13/34: $61785.6/$61781.1 | VWAP Sesi: $61539.00 | Vol Surge: 0.1x | BB50: [$61704.56 - $61837.18] | Tren 15m: BEARISH
[ANALIS-SIDEWAYS] WAIT - Lebar BB sempit (0.215%).
[2026-07-03 15:50:49] Keputusan analis: Wait
[2026-07-03 15:50:49] Validasi gagal / keputusan WAIT. Tidak ada eksekusi.
[2026-07-03 15:51:49] Siklus Menit Baru. Harga BTC Terakhir (OKX): $61709.60
[ANALIS] State: SIDEWAYS | EMA13/34: $61774.3/$61776.9 | VWAP Sesi: $61539.12 | Vol Surge: 0.7x | BB50: [$61700.96 - $61836.89] | Tren 15m: BEARISH
[ANALIS-SIDEWAYS] WAIT - Lebar BB sempit (0.220%).
[2026-07-03 15:51:49] Keputusan analis: Wait
[2026-07-03 15:51:49] Validasi gagal / keputusan WAIT. Tidak ada eksekusi.
[2026-07-03 15:52:49] Siklus Menit Baru. Harga BTC Terakhir (OKX): $61616.90
[ANALIS] State: SIDEWAYS | EMA13/34: $61750.5/$61765.3 | VWAP Sesi: $61539.24 | Vol Surge: 1.8x | BB50: [$61684.89 - $61845.03] | Tren 15m: BEARISH
[ANALIS-SIDEWAYS] WAIT - Lebar BB sempit (0.260%).
[2026-07-03 15:52:49] Keputusan analis: Wait
[2026-07-03 15:52:49] Validasi gagal / keputusan WAIT. Tidak ada eksekusi.
[2026-07-03 15:53:49] Siklus Menit Baru. Harga BTC Terakhir (OKX): $61628.60
[ANALIS] State: SIDEWAYS | EMA13/34: $61733.7/$61756.6 | VWAP Sesi: $61539.33 | Vol Surge: 1.0x | BB50: [$61674.11 - $61850.33] | Tren 15m: BEARISH
[ANALIS-SIDEWAYS] WAIT - Lebar BB sempit (0.286%).
[2026-07-03 15:53:49] Keputusan analis: Wait
[2026-07-03 15:53:49] Validasi gagal / keputusan WAIT. Tidak ada eksekusi.
[2026-07-03 15:54:49] Siklus Menit Baru. Harga BTC Terakhir (OKX): $61603.90
[ANALIS] State: SIDEWAYS | EMA13/34: $61713.8/$61748.5 | VWAP Sesi: $61539.36 | Vol Surge: 0.6x | BB50: [$61659.36 - $61858.87] | Tren 15m: BEARISH
[ANALIS-SIDEWAYS] WAIT - Lebar BB sempit (0.324%).
[2026-07-03 15:54:49] Keputusan analis: Wait
[2026-07-03 15:54:49] Validasi gagal / keputusan WAIT. Tidak ada eksekusi.
[2026-07-03 15:55:50] Siklus Menit Baru. Harga BTC Terakhir (OKX): $61612.20
[ANALIS] State: BEARISH | EMA13/34: $61698.1/$61740.7 | VWAP Sesi: $61539.37 | Vol Surge: 0.2x | BB50: [$61646.80 - $61864.70] | Tren 15m: BEARISH
[DEBUG] EMA streak: 0 | EMA13: 61698.13 | EMA34: 61740.72 | Selisih: -42.60
[ANALIS-TRENDING] Menunggu konfirmasi streak 2 menit. Saat ini: 1 menit.
[2026-07-03 15:55:50] Keputusan analis: Wait
[2026-07-03 15:55:50] Validasi gagal / keputusan WAIT. Tidak ada eksekusi.
[2026-07-03 15:56:50] Siklus Menit Baru. Harga BTC Terakhir (OKX): $61602.40
[ANALIS] State: BEARISH | EMA13/34: $61684.4/$61731.2 | VWAP Sesi: $61539.40 | Vol Surge: 0.8x | BB50: [$61635.35 - $61869.01] | Tren 15m: BEARISH
[DEBUG] EMA streak: 1 | EMA13: 61684.44 | EMA34: 61731.24 | Selisih: -46.80
[ANALIS-TRENDING] Sinyal melemah/Death Cross terkonfirmasi 2 menit berturut. Sinyal SELL.
[2026-07-03 15:56:50] Keputusan analis: Sell(0.003959443135066167, "[Trending] Quant EMA13/34 Sell Confirmed (2m streak)")
Mencegah Whipsaw (Holding time < 15 menit). Beli terakhir 13 menit lalu. Sinyal normal ([Trending] Quant EMA13/34 Sell Confirmed (2m streak)) diabaikan.
[2026-07-03 15:56:50] Validasi gagal / keputusan WAIT. Tidak ada eksekusi.
[2026-07-03 15:57:50] Siklus Menit Baru. Harga BTC Terakhir (OKX): $61596.30
[ANALIS] State: BEARISH | EMA13/34: $61671.8/$61723.4 | VWAP Sesi: $61539.43 | Vol Surge: 0.0x | BB50: [$61624.36 - $61873.80] | Tren 15m: BEARISH
[DEBUG] EMA streak: 0 | EMA13: 61671.85 | EMA34: 61723.40 | Selisih: -51.56
[ANALIS-TRENDING] Menunggu konfirmasi streak 2 menit. Saat ini: 1 menit.
[2026-07-03 15:57:50] Keputusan analis: Wait
[2026-07-03 15:57:50] Validasi gagal / keputusan WAIT. Tidak ada eksekusi.
[2026-07-03 15:58:50] Siklus Menit Baru. Harga BTC Terakhir (OKX): $61575.10
[ANALIS] State: BEARISH | EMA13/34: $61658.2/$61715.9 | VWAP Sesi: $61539.51 | Vol Surge: 3.0x | BB50: [$61611.82 - $61879.43] | Tren 15m: BEARISH
[DEBUG] EMA streak: 1 | EMA13: 61658.16 | EMA34: 61715.90 | Selisih: -57.74
[ANALIS-TRENDING] Sinyal melemah/Death Cross terkonfirmasi 2 menit berturut. Sinyal SELL.
[2026-07-03 15:58:50] Keputusan analis: Sell(0.003959443135066167, "[Trending] Quant EMA13/34 Sell Confirmed (2m streak)")
[2026-07-03 15:58:50] Mengeksekusi transaksi...
[2026-07-03 15:58:50] Eksekusi sukses. Saldo: $978.55, BTC: 0.0000
[2026-07-03 15:59:50] Siklus Menit Baru. Harga BTC Terakhir (OKX): $61587.20
[ANALIS] State: BEARISH | EMA13/34: $61646.0/$61707.2 | VWAP Sesi: $61539.52 | Vol Surge: 0.8x | BB50: [$61599.31 - $61884.13] | Tren 15m: BEARISH
[DEBUG] EMA streak: 0 | EMA13: 61646.02 | EMA34: 61707.16 | Selisih: -61.14
[2026-07-03 15:59:50] Keputusan analis: Wait
[2026-07-03 15:59:50] Validasi gagal / keputusan WAIT. Tidak ada eksekusi.
[2026-07-03 16:00:50] Siklus Menit Baru. Harga BTC Terakhir (OKX): $61545.00
[ANALIS] State: BEARISH | EMA13/34: $61631.6/$61697.6 | VWAP Sesi: $61539.52 | Vol Surge: 1.5x | BB50: [$61584.91 - $61890.07] | Tren 15m: BEARISH
[DEBUG] EMA streak: 0 | EMA13: 61631.62 | EMA34: 61697.62 | Selisih: -66.01
[2026-07-03 16:00:50] Keputusan analis: Wait
[2026-07-03 16:00:50] Validasi gagal / keputusan WAIT. Tidak ada eksekusi.
[2026-07-03 16:01:51] Siklus Menit Baru. Harga BTC Terakhir (OKX): $61602.40
[ANALIS] State: BEARISH | EMA13/34: $61626.2/$61692.6 | VWAP Sesi: $61539.65 | Vol Surge: 2.9x | BB50: [$61576.16 - $61892.44] | Tren 15m: BEARISH
[DEBUG] EMA streak: 0 | EMA13: 61626.17 | EMA34: 61692.57 | Selisih: -66.40
[2026-07-03 16:01:51] Keputusan analis: Wait
[2026-07-03 16:01:51] Validasi gagal / keputusan WAIT. Tidak ada eksekusi.
[2026-07-03 16:02:51] Siklus Menit Baru. Harga BTC Terakhir (OKX): $61606.20
[ANALIS] State: BEARISH | EMA13/34: $61623.2/$61686.5 | VWAP Sesi: $61539.72 | Vol Surge: 1.4x | BB50: [$61569.15 - $61892.89] | Tren 15m: BEARISH
[DEBUG] EMA streak: 0 | EMA13: 61623.18 | EMA34: 61686.45 | Selisih: -63.27
[2026-07-03 16:02:51] Keputusan analis: Wait
[2026-07-03 16:02:51] Validasi gagal / keputusan WAIT. Tidak ada eksekusi.
[2026-07-03 16:03:51] Siklus Menit Baru. Harga BTC Terakhir (OKX): $61597.20
[ANALIS] State: BEARISH | EMA13/34: $61618.7/$61681.5 | VWAP Sesi: $61539.78 | Vol Surge: 1.1x | BB50: [$61561.46 - $61894.31] | Tren 15m: BEARISH
[DEBUG] EMA streak: 0 | EMA13: 61618.69 | EMA34: 61681.48 | Selisih: -62.79
[2026-07-03 16:03:51] Keputusan analis: Wait
[2026-07-03 16:03:51] Validasi gagal / keputusan WAIT. Tidak ada eksekusi.
[2026-07-03 16:04:51] Siklus Menit Baru. Harga BTC Terakhir (OKX): $61572.20
[ANALIS] State: BEARISH | EMA13/34: $61612.3/$61675.4 | VWAP Sesi: $61539.88 | Vol Surge: 3.4x | BB50: [$61552.57 - $61895.91] | Tren 15m: BEARISH
[DEBUG] EMA streak: 0 | EMA13: 61612.32 | EMA34: 61675.44 | Selisih: -63.12
[2026-07-03 16:04:51] Keputusan analis: Wait
[2026-07-03 16:04:51] Validasi gagal / keputusan WAIT. Tidak ada eksekusi.
